id,source_post,source,published_at,routes,start,end,weekdays,kind,hours,notes,source_edited,restored.effective,restored.published_at,restored.source,dates
20453_00,20453,https://t.me/DtOperativno/20453,2025-03-14 10:12:23,[50],2025-03-15,,"[5, 6]",rerouted,"[[0, 24]]",,False,2025-04-05,2025-04-04 16:21:51,https://t.me/DtOperativno/20663,
20574_01,20574,https://t.me/DtOperativno/20574,2025-03-26 10:18:31,"[7, 50]",2025-03-29,2025-03-30,,rerouted,"[[22, 24]]",,False,,,,
20574_02,20574,https://t.me/DtOperativno/20574,2025-03-26 10:18:31,"[7, 50]",2025-03-30,2025-03-31,,rerouted,"[[0, 12]]",,False,,,,
20659_03,20659,https://t.me/DtOperativno/20659,2025-04-04 11:34:27,[17],2025-04-05,,"[5, 6]",rerouted,"[[0, 24]]",,False,2025-04-19,2025-04-17 14:38:25,https://t.me/DtOperativno/20824,
20884_04,20884,https://t.me/DtOperativno/20884,2025-04-22 15:28:41,[17],2025-04-26,,"[5, 6]",cancelled,"[[0, 24]]",,False,2025-05-01,2025-04-30 16:01:57,https://t.me/DtOperativno/21012,
20899_05,20899,https://t.me/DtOperativno/20899,2025-04-23 13:17:50,[12],2025-04-29,2025-05-10,,rerouted,"[[16, 19], [23, 24]]",Late endpoint unspecified; only explicitly timed same-day window.,False,,,,"['2025-04-29', '2025-05-03']"
20899_06,20899,https://t.me/DtOperativno/20899,2025-04-23 13:17:50,[12],2025-05-07,2025-05-10,,rerouted,"[[5, 8]]",Second window from 09:30 has unknown endpoint and is retained separately as uncertain.,False,,,,"['2025-05-07', '2025-05-09']"
20899_07,20899,https://t.me/DtOperativno/20899,2025-04-23 13:17:50,[12],2025-05-07,2025-05-10,,rerouted,"[[9.5, 24]]","Until end of closures: same-day upper bound, not exact restoration time.",False,,,,"['2025-05-07', '2025-05-09']"
20984_08,20984,https://t.me/DtOperativno/20984,2025-04-28 16:47:10,[12],2025-04-28,,,rerouted,"[[23.833333333333332, 24]]",,False,2025-04-30,2025-04-30 15:51:36,https://t.me/DtOperativno/21010,
20984_09,20984,https://t.me/DtOperativno/20984,2025-04-28 16:47:10,[12],2025-04-29,,,rerouted,"[[0, 4]]",After-midnight continuation; 04:00 is operational-night proxy.,False,2025-05-01,2025-04-30 15:51:36,https://t.me/DtOperativno/21010,
21415_10,21415,https://t.me/DtOperativno/21415,2025-06-02 16:34:45,"[7, 50]",2025-06-05,2025-06-06,,rerouted,"[[22, 24]]",,False,,,,
21415_11,21415,https://t.me/DtOperativno/21415,2025-06-02 16:34:45,"[7, 50]",2025-06-06,2025-06-07,,rerouted,"[[0, 11.5]]",,False,,,,
21417_12,21417,https://t.me/DtOperativno/21417,2025-06-02 16:39:58,[12],2025-06-07,,"[5, 6]",rerouted,"[[0, 24]]",,False,2025-06-21,2025-06-20 11:02:06,https://t.me/DtOperativno/21612,
21418_13,21418,https://t.me/DtOperativno/21418,2025-06-02 16:44:58,"[7, 50]",2025-06-08,2025-06-09,,rerouted,"[[0, 13.5]]",,False,,,,
21664_14,21664,https://t.me/DtOperativno/21664,2025-06-26 15:27:43,"[11, 17, 25]",2025-06-27,2025-06-28,,rerouted,"[[11.5, 24]]",,False,,,,
21664_15,21664,https://t.me/DtOperativno/21664,2025-06-26 15:27:43,"[11, 17, 25]",2025-06-28,2025-06-29,,rerouted,"[[0, 7]]",,False,,,,
21687_16,21687,https://t.me/DtOperativno/21687,2025-06-27 15:44:17,"[7, 50]",2025-06-29,2025-07-03,,rerouted,"[[1, 4]]",Last-service window; 04:00 operational-night proxy.,False,,,,
21696_17,21696,https://t.me/DtOperativno/21696,2025-06-28 10:45:19,[7],2025-06-28,,"[5, 6]",rerouted,"[[0, 24]]",Superseded by full-week July diversion.,False,2025-07-10,2025-07-02 09:50:12,https://t.me/DtOperativno/21735,
21735_18,21735,https://t.me/DtOperativno/21735,2025-07-02 09:50:12,"[7, 50]",2025-07-10,2025-08-07,,rerouted,"[[0, 24]]","Original planned duration up to 28 days; actual restoration Aug11. Route50 merged with13, not cancelled.",False,2025-08-11,2025-08-11 11:31:59,https://t.me/DtOperativno/22313,
21773_19,21773,https://t.me/DtOperativno/21773,2025-07-04 17:05:51,[25],2025-07-05,2025-07-06,,rerouted,"[[21, 24]]",,False,,,,
21773_20,21773,https://t.me/DtOperativno/21773,2025-07-04 17:05:51,[25],2025-07-06,2025-07-07,,rerouted,"[[0, 0.5]]",,False,,,,
21942_21,21942,https://t.me/DtOperativno/21942,2025-07-18 17:41:39,"[11, 17, 25]",2025-07-18,,,rerouted,"[[23.5, 24]]",,False,2025-07-23,2025-07-23 11:40:37,https://t.me/DtOperativno/22029,
21942_22,21942,https://t.me/DtOperativno/21942,2025-07-18 17:41:39,"[11, 17, 25]",2025-07-19,,,rerouted,"[[0, 4]]",04:00 operational-night proxy.,False,2025-07-24,2025-07-23 11:40:37,https://t.me/DtOperativno/22029,
22269_23,22269,https://t.me/DtOperativno/22269,2025-08-07 20:03:46,[7],2025-08-08,2025-08-09,,reduced_frequency,"[[0.6666666666666666, 4]]",One direction finishes after00:40; not an all-day cancellation. 04:00 proxy.,False,,,,
22364_24,22364,https://t.me/DtOperativno/22364,2025-08-15 13:57:43,[7],2025-08-16,,"[5, 6]",rerouted,"[[0, 24]]",Superseded by September weekend restriction.,False,2025-09-06,2025-09-05 17:32:58,https://t.me/DtOperativno/22624,
22371_25,22371,https://t.me/DtOperativno/22371,2025-08-15 20:13:31,"[7, 50]",2025-08-15,,,rerouted,"[[23, 24]]",Superseded by September late-service restriction.,False,2025-09-12,2025-09-12 18:25:01,https://t.me/DtOperativno/22723,
22371_26,22371,https://t.me/DtOperativno/22371,2025-08-15 20:13:31,"[7, 50]",2025-08-16,,,rerouted,"[[0, 4]]",04:00 operational-night proxy.,False,2025-09-13,2025-09-12 18:25:01,https://t.me/DtOperativno/22723,
22624_27,22624,https://t.me/DtOperativno/22624,2025-09-05 17:32:58,[50],2025-09-06,,"[5, 6]",cancelled,"[[0, 24]]",,True,2025-11-15,2025-11-15 12:14:48,https://t.me/DtOperativno/23565,
22624_28,22624,https://t.me/DtOperativno/22624,2025-09-05 17:32:58,[7],2025-09-06,,"[5, 6]",rerouted,"[[0, 24]]",,True,2025-11-15,2025-11-15 12:14:48,https://t.me/DtOperativno/23565,
22673_29,22673,https://t.me/DtOperativno/22673,2025-09-10 15:00:16,"[7, 50]",2025-09-10,,,stop_change,"[[0, 24]]",,False,,,,
22704_30,22704,https://t.me/DtOperativno/22704,2025-09-12 12:32:08,"[11, 17, 25]",2025-09-13,2025-09-14,,rerouted,"[[11.5, 24]]","Festival endpoint unspecified: same-day upper bound, not exact duration.",False,,,,
22723_31,22723,https://t.me/DtOperativno/22723,2025-09-12 18:25:01,"[7, 50]",2025-09-12,,,rerouted,"[[23, 24]]",,False,2025-10-01,2025-10-01 18:29:04,https://t.me/DtOperativno/22966,
22723_32,22723,https://t.me/DtOperativno/22723,2025-09-12 18:25:01,"[7, 50]",2025-09-13,,,rerouted,"[[0, 4]]",04:00 operational-night proxy.,False,2025-10-02,2025-10-01 18:29:04,https://t.me/DtOperativno/22966,
22757_33,22757,https://t.me/DtOperativno/22757,2025-09-15 19:30:10,"[11, 17, 25]",2025-09-16,,,rerouted,"[[0.3333333333333333, 4]]",Restored announcement Sep19 afternoon; next early-morning service Sep20. 04:00 proxy.,False,2025-09-20,2025-09-19 17:25:17,https://t.me/DtOperativno/22809,
22810_34,22810,https://t.me/DtOperativno/22810,2025-09-19 17:35:11,[7],2025-09-20,,"[5, 6]",rerouted,"[[0, 24]]",,False,2025-10-04,2025-10-04 10:05:01,https://t.me/DtOperativno/23007,
22851_35,22851,https://t.me/DtOperativno/22851,2025-09-23 18:35:36,"[11, 17, 25]",2025-09-24,,,rerouted,"[[0.3333333333333333, 4]]",04:00 operational-night proxy.,False,2025-09-26,2025-09-25 12:34:11,https://t.me/DtOperativno/22892,
22873_36,22873,https://t.me/DtOperativno/22873,2025-09-24 16:52:49,[28],2025-09-24,,,reduced_frequency,"[[0, 24]]","Emergency repair, not known beforehand; day-level approximation.",False,2025-09-25,2025-09-25 13:16:18,https://t.me/DtOperativno/22896,
23072_37,23072,https://t.me/DtOperativno/23072,2025-10-10 08:35:21,"[11, 12, 25, 50]",2025-10-11,,,stop_change,"[[0, 24]]",,False,,,,
23293_38,23293,https://t.me/DtOperativno/23293,2025-10-28 17:04:44,"[7, 50]",2025-10-28,,,rerouted,"[[22, 24]]",,False,2025-11-25,2025-11-25 11:50:56,https://t.me/DtOperativno/23760,
23293_39,23293,https://t.me/DtOperativno/23293,2025-10-28 17:04:44,"[7, 50]",2025-10-29,,,rerouted,"[[0, 4]]",04:00 operational-night proxy.,False,2025-11-26,2025-11-25 11:50:56,https://t.me/DtOperativno/23760,
23413_40,23413,https://t.me/DtOperativno/23413,2025-11-05 15:31:32,"[7, 50]",2025-11-05,,,rerouted,"[[23.333333333333332, 24]]",,False,2025-11-25,2025-11-25 11:50:56,https://t.me/DtOperativno/23760,
23413_41,23413,https://t.me/DtOperativno/23413,2025-11-05 15:31:32,"[7, 50]",2025-11-06,,,rerouted,"[[0, 4]]",04:00 operational-night proxy.,False,2025-11-26,2025-11-25 11:50:56,https://t.me/DtOperativno/23760,
24106_42,24106,https://t.me/DtOperativno/24106,2025-12-12 21:32:20,"[7, 50]",2025-12-13,,"[5, 6]",rerouted,"[[23, 24]]",Corrected announcement supersedes daily wording of post24097.,True,,,,
24106_43,24106,https://t.me/DtOperativno/24106,2025-12-12 21:32:20,"[7, 50]",2025-12-14,,"[6, 0]",rerouted,"[[0, 4]]","Continuation of Saturday/Sunday service night, 04:00 proxy.",True,,,,
24135_44,24135,https://t.me/DtOperativno/24135,2025-12-16 21:17:14,[5],2025-12-16,,,new_route,"[[0, 24]]",Cold start: no comparable route5 training; not an automatic uplift estimate.,False,,,,
24136_45,24136,https://t.me/DtOperativno/24136,2025-12-16 21:17:27,"[5, 50]",2025-12-16,,,stop_change,"[[0, 24]]",,False,,,,
24235_46,24235,https://t.me/DtOperativno/24235,2025-12-19 17:55:19,[12],2025-12-20,,,stop_change,"[[0, 24]]",,False,,,,
24238_47,24238,https://t.me/DtOperativno/24238,2025-12-19 18:00:50,"[11, 12]",2025-12-20,,,stop_change,"[[0, 24]]",,False,,,,
24240_48,24240,https://t.me/DtOperativno/24240,2025-12-19 18:10:23,"[7, 50]",2025-12-20,,,stop_change,"[[0, 24]]",,False,,,,
20295_49,20295,https://t.me/DtOperativno/20295,2025-02-27 11:35:03,[26],2025-03-01,2025-03-24,,network_disruption,"[[0, 24]]",,True,,,,"['2025-03-01', '2025-03-02', '2025-03-15', '2025-03-16', '2025-03-22', '2025-03-23']"
21318_50,21318,https://t.me/DtOperativno/21318,2025-05-28 09:55:03,[26],2025-05-31,2025-06-09,,network_disruption,"[[0, 24]]",,False,,,,"['2025-05-31', '2025-06-01', '2025-06-07', '2025-06-08']"
22900_51,22900,https://t.me/DtOperativno/22900,2025-09-25 15:15:29,[26],2025-09-27,2025-09-29,,network_disruption,"[[0, 24]]",,False,,,,
