origin,model,score
2025-07-01,direct_baseline,0.7891576139921772
2025-07-01,direct_baseline_known_subset,0.7891576139921772
2025-07-01,forecast_fleet_input,0.7975643448567056
2025-07-01,forecast_fleet_input_known_subset,0.7975643448567056
2025-07-01,known_fleet_DIAGNOSTIC,0.8223205464493162
2025-07-01,fleet_forecast_score,0.9214895335616264
2025-07-01,confirmed_v8_up3,0.7911453775168158
2025-08-01,direct_baseline,0.8914423358813497
2025-08-01,direct_baseline_known_subset,0.8914450834057958
2025-08-01,forecast_fleet_input,0.8880947969268798
2025-08-01,forecast_fleet_input_known_subset,0.8880979767503949
2025-08-01,known_fleet_DIAGNOSTIC,0.8974419464642728
2025-08-01,fleet_forecast_score,0.9326625443151604
2025-08-01,confirmed_v8_up3,0.8842099760064677
2025-09-01,direct_baseline,0.8948934888060126
2025-09-01,direct_baseline_known_subset,0.8949037604520597
2025-09-01,forecast_fleet_input,0.8945534514497298
2025-09-01,forecast_fleet_input_known_subset,0.8945639567886405
2025-09-01,known_fleet_DIAGNOSTIC,0.9026489161721455
2025-09-01,fleet_forecast_score,0.9192823889066505
2025-09-01,confirmed_v8_up3,0.8988577426239452
