feature,gain
routehour,2825532.34289217
scheduled_stop_events,739632.9696335793
climate_snow_depth,126888.8534374237
workday,81214.05130672455
scheduled_poi_university_within_500m_sum,79240.34229850769
scheduled_poi_venue_within_1500m_sum,43482.535823345184
scheduled_poi_mall_within_3000m_sum,39827.10604429245
scheduled_poi_school_gravity_3000m_sum,34397.13786792755
scheduled_poi_metro_gravity_1500m_sum,25366.14928627014
scheduled_poi_metro_gravity_3000m_sum,24203.452379226685
weather_anomaly_snow_depth,20516.159813404083
service_days_since_start,19683.308955192566
scheduled_poi_mall_within_4500m_sum,16056.60920715332
scheduled_mean_moving_trams,15442.218915462494
new_year_proximity_7d,12806.311054706573
dow,11089.869813919067
scheduled_terminal_departures,10963.815958023071
climate_apparent_temperature,10651.903778076172
service_rerouted,9956.68255853653
scheduled_poi_school_nearest_m_mean,9833.238348007202
route_total_variant_trips,9457.923891544342
route_length_km_max,9398.955157279968
scheduled_poi_school_within_500m_sum,9258.837180137634
scheduled_poi_metro_within_3000m_sum,8839.117873191833
scheduled_poi_university_gravity_3000m_sum,7403.096054077148
edu_days_to_regime_end,6901.94181060791
scheduled_poi_mall_within_3000m_mean,6637.794672489166
edu_uni_semester_age_proxy,6555.295325756073
scheduled_poi_school_within_4500m_sum,5824.4131326675415
scheduled_trips_with_stop,5743.960659980774
days_to_next_holiday,5195.589211463928
scheduled_poi_venue_gravity_3000m_sum,4936.138155937195
scheduled_poi_mall_within_1500m_mean,4895.66841840744
scheduled_mean_progress,4634.63862991333
scheduled_poi_school_gravity_500m_sum,4353.3223786354065
scheduled_poi_metro_within_1500m_sum,4208.328250408173
scheduled_poi_school_within_4500m_mean,4132.607548713684
is_transferred_day_off,4119.350865840912
edu_days_in_regime,4069.592070579529
scheduled_poi_metro_within_500m_mean,3818.183888912201
hour,3735.3015904426575
climate_temperature_2m,3723.357753753662
scheduled_poi_metro_nearest_m_mean,3528.694103717804
temp_range,3509.1867904663086
scheduled_poi_school_within_1500m_mean,3437.6211891174316
temp_min,3266.4424452781677
climate_relative_humidity_2m,2850.545515537262
daytype,2706.7041430473328
temp_mean,2697.2277135849
scheduled_poi_school_within_1500m_sum,2500.4608879089355
humidity_mean,2472.5361518859863
route_weather_surface_pressure,2454.256127357483
temp_change_24h,2449.7441959381104
scheduled_poi_school_within_500m_mean,2418.1349663734436
scheduled_poi_school_within_3000m_sum,2313.1318359375
service_open_ended,2271.1536774635315
climate_surface_pressure,2257.7872276306152
weather_anomaly_relative_humidity_2m,2221.2521567344666
scheduled_poi_metro_within_1500m_mean,2215.6752490997314
scheduled_poi_venue_within_500m_sum,2208.7954745292664
days_since_previous_holiday,2195.5215010643005
scheduled_poi_mall_nearest_m_mean,2174.7664880752563
scheduled_poi_mall_within_500m_mean,2159.3544931411743
scheduled_poi_university_nearest_m_mean,2084.5407671928406
apparent_temp_mean,2081.9940819740295
scheduled_poi_metro_within_500m_sum,2044.6104164123535
route,2038.4828004837036
wind_speed_mean,2026.7328963279724
temp_max,1977.0497674942017
climate_cloud_cover,1949.6314640045166
climate_wind_gusts_10m,1928.1449828147888
scheduled_poi_university_within_1500m_sum,1894.355031967163
scheduled_poi_mall_within_4500m_mean,1891.8462171554565
scheduled_poi_mall_within_500m_sum,1775.6319103240967
scheduled_poi_venue_nearest_m_mean,1733.9040985107422
scheduled_unique_stops,1709.0483775138855
climate_snowfall,1610.243103981018
service_announced_change,1596.6540217399597
climate_wind_speed_10m,1582.686891078949
wind_speed_max,1571.6824684143066
scheduled_poi_mall_within_1500m_sum,1540.875180721283
weather_anomaly_surface_pressure,1530.2921743392944
scheduled_poi_school_gravity_500m_mean,1494.036801815033
scheduled_poi_school_within_3000m_mean,1463.4437685012817
scheduled_poi_university_within_1500m_mean,1447.508089542389
scheduled_poi_school_gravity_3000m_mean,1312.6820106506348
scheduled_poi_university_within_3000m_sum,1298.7968406677246
route_weather_snow_depth,1292.1072125434875
service_stop_change,1273.3313746452332
weather_anomaly_apparent_temperature,1269.8057842254639
scheduled_poi_mall_gravity_500m_mean,1225.6856889724731
route_weather_apparent_temperature,1214.6179389953613
scheduled_poi_metro_within_4500m_mean,1186.8267965316772
scheduled_poi_university_within_500m_mean,1140.0156135559082
route_variant_avg_spacing_km_weighted,1137.788514137268
route_weather_temperature_2m,1107.4367413520813
scheduled_poi_venue_gravity_500m_sum,984.1004886627197
scheduled_poi_metro_gravity_500m_mean,976.551034450531
consecutive_days_off,950.4957051277161
scheduled_poi_venue_within_500m_mean,946.3693890571594
climate_precipitation,911.8924117088318
day_number_in_days_off_sequence,902.2209663391113
whitelist_mechanism_available,896.7201681137085
weather_anomaly_wind_speed_10m,880.2687468528748
scheduled_poi_university_gravity_500m_mean,877.8514814376831
scheduled_poi_mall_gravity_1500m_mean,867.2727069854736
weather_anomaly_temperature_2m,856.9583373069763
climate_rain,855.1359395980835
scheduled_poi_venue_within_3000m_sum,834.0901923179626
weather_anomaly_precipitation,829.5845093727112
route_weather_relative_humidity_2m,813.3202128410339
scheduled_poi_metro_gravity_500m_sum,811.6249451637268
weather_anomaly_cloud_cover,791.3610100746155
scheduled_poi_university_gravity_500m_sum,739.8783049583435
scheduled_poi_mall_gravity_3000m_mean,715.1222319602966
route_weather_wind_speed_10m,708.4474606513977
route_weather_wind_gusts_10m,699.7989883422852
weather_anomaly_wind_gusts_10m,689.1036019325256
weather_anomaly_rain,683.8541016578674
scheduled_poi_metro_within_3000m_mean,674.418897151947
scheduled_poi_metro_within_4500m_sum,663.0023069381714
xfer_is_transfer_count,643.0927901268005
route_stop_count_gtfs,577.6057024002075
scheduled_poi_mall_gravity_500m_sum,536.3382105827332
rain_sum,533.416332244873
scheduled_poi_university_within_3000m_mean,530.0706005096436
precipitation_sum,490.59670877456665
route_weather_cloud_cover,476.75678873062134
weather_anomaly_snowfall,474.1931219100952
scheduled_poi_school_gravity_1500m_sum,449.66583728790283
scheduled_poi_university_within_4500m_sum,444.80145931243896
scheduled_poi_mall_gravity_1500m_sum,436.5568165779114
scheduled_poi_mall_gravity_3000m_sum,435.2483949661255
edu_school_break_spring,424.4455404281616
scheduled_poi_university_gravity_1500m_sum,385.7227306365967
xfer_transfer_metro_500m_count,348.91950035095215
holiday,325.3888998031616
is_day_after_holiday,308.87005281448364
scheduled_poi_school_gravity_1500m_mean,286.75637102127075
xfer_transfer_metro_500m_share,261.9349060058594
scheduled_poi_venue_within_1500m_mean,249.5991702079773
route_weather_precipitation,200.04438018798828
xfer_transfer_metro_300m_count,195.91929817199707
xfer_is_transfer_share,182.12198209762573
scheduled_poi_metro_gravity_3000m_mean,177.45159721374512
xfer_transfer_metro_300m_share,172.84569931030273
scheduled_poi_university_within_4500m_mean,172.78574180603027
scheduled_poi_venue_gravity_500m_mean,162.04659843444824
xfer_nearby_tram_route_count_mean,153.2203688621521
snowfall_sum,128.54580926895142
dominant_weather_code,119.97036933898926
edu_uni_winter_proxy,113.68181991577148
edu_first_week_back,112.3024582862854
edu_first_month_back,112.12492084503174
scheduled_poi_venue_within_3000m_mean,110.69060325622559
route_weather_snowfall,95.00495910644531
edu_uni_first_weeks_proxy,87.34865045547485
scheduled_poi_venue_gravity_1500m_sum,86.53949737548828
is_precipitation,84.96501922607422
road_crash_700m_past3h,67.76861000061035
route_variant_stop_count_weighted,61.83359909057617
summer,59.961700439453125
service_recent_restoration,53.53169918060303
route_weather_rain,52.76726961135864
is_day_before_holiday,48.25282955169678
is_snow,47.78137969970703
drone_report_in_past_6h,44.34453058242798
mobile_internet_restrictions_possible,41.6295599937439
is_school_holiday,41.3427095413208
scheduled_poi_venue_within_4500m_mean,37.698299407958984
scheduled_poi_venue_gravity_1500m_mean,32.945799827575684
edu_school_break_autumn,32.65079975128174
scheduled_poi_university_gravity_3000m_mean,31.153690338134766
is_freezing,27.730750560760498
scheduled_poi_university_gravity_1500m_mean,25.75790023803711
route_weather_weather_snow_share,20.834200859069824
road_crash_1500m_hour,18.810969829559326
is_rain,18.574910163879395
scheduled_poi_venue_within_4500m_sum,15.0826997756958
drone_report_in_past_12h,12.52910041809082
route_weather_weather_rain_share,10.697199821472168
service_network_disruption,10.36769962310791
edu_uni_exam_proxy,9.6220703125
xfer_transfer_tram_share,8.890460014343262
edu_uni_teaching_proxy,8.870550155639648
scheduled_poi_metro_gravity_1500m_mean,8.455550193786621
drone_report_in_past_3h,6.512430191040039
is_transferred_working_day,6.461699962615967
road_crash_1500m_past3h,6.347949981689453
reported_drone_count_sum,5.36598014831543
road_crash_700m_hour,5.302919864654541
route_variant_count,0.0
reported_drone_count_max,0.0
schedule_day_covered,0.0
edu_school_term,0.0
xfer_transfer_tram_count,0.0
is_public_holiday,0.0
connectivity_report_count,0.0
airport_restriction_start,0.0
airport_restriction_end,0.0
is_weekend,0.0
route_variant_duration_min_weighted,0.0
scheduled_active_trips,0.0
edu_school_break_summer,0.0
drone_report_count,0.0
service_incident_report,0.0
new_year_proximity_21d,0.0
is_pre_new_year_week,0.0
service_incident_fraction,0.0
is_post_new_year_week,0.0
service_extended_service,0.0
is_official_day_off,0.0
is_working_day,0.0
is_shortened_workday,0.0
scheduled_poi_venue_gravity_3000m_mean,0.0
xfer_transfer_rail_500m_share,0.0
is_heavy_rain,0.0
is_heavy_snow,0.0
service_cancelled,0.0
xfer_transfer_metro_800m_count,0.0
service_reduced_frequency,0.0
service_new_route,0.0
xfer_transfer_rail_500m_count,0.0
route_weather_weather_fog_share,0.0
xfer_transfer_metro_800m_share,0.0
is_hot,0.0
route_weather_weather_thunder_share,0.0
road_crash_300m_hour,0.0
road_crash_300m_past3h,0.0
route_variant_length_km_weighted,0.0
is_summer_school_break,0.0
edu_uni_summer_proxy,0.0
edu_school_break_winter,0.0
