origin,model,trees,validation_score,train_score_observed_inputs
2025-07-01,direct,800,0.7886922057920551,0.9246145482682695
2025-07-01,fleet,800,0.7932400923371381,0.9315762772563627
2025-07-01,direct,1600,0.7895343055256501,0.9295892090037179
2025-07-01,fleet,1600,0.7933028270194119,0.9356882818175574
2025-07-01,direct,3200,0.7901810207367413,0.9347057992388026
2025-07-01,fleet,3200,0.7928800292736656,0.9403596328300146
2025-08-01,direct,800,0.8952977441925152,0.9230265627113045
2025-08-01,fleet,800,0.8931128324421255,0.9302421569194452
2025-08-01,direct,1600,0.8958242909924713,0.927706371244138
2025-08-01,fleet,1600,0.8933720474256941,0.9342391087749247
2025-08-01,direct,3200,0.8961089038077634,0.9331382643912021
2025-08-01,fleet,3200,0.8934981638065886,0.9391846035529988
2025-09-01,direct,800,0.8997509189123415,0.9235744685241387
2025-09-01,fleet,800,0.8974862246452835,0.9297422290086867
2025-09-01,direct,1600,0.8999364223444294,0.9277223695191127
2025-09-01,fleet,1600,0.8971457952699133,0.9338576434239328
2025-09-01,direct,3200,0.8996094000218433,0.932366266404577
2025-09-01,fleet,3200,0.8964444731228186,0.9378992595852303
