series,year,month,index
tram_recent,2023,1,1.3040161550124276
tram_recent,2023,2,1.0384684217835094
tram_recent,2023,3,1.0163931586221773
tram_recent,2023,4,1.050534931636145
tram_recent,2023,5,1.0154884482174076
tram_recent,2023,6,1.0127829607330805
tram_recent,2023,7,0.7841476589824792
tram_recent,2023,8,0.9355512333450186
tram_recent,2023,9,1.036005781951054
tram_recent,2023,10,0.9225049635590407
tram_recent,2023,11,0.9967294412449635
tram_recent,2023,12,0.8873768449126966
tram_recent,2024,1,0.9377747609641685
tram_recent,2024,2,0.9840104754874901
tram_recent,2024,3,0.9970242641221516
tram_recent,2024,4,1.085831615930321
tram_recent,2024,5,1.0181929794143583
tram_recent,2024,6,1.0181624465340982
tram_recent,2024,7,0.9081399065939143
tram_recent,2024,8,0.9581015769844929
tram_recent,2024,9,1.0723228369734075
tram_recent,2024,10,1.0638037143678496
tram_recent,2024,11,0.9811368390890804
tram_recent,2024,12,0.975498583538667
tram_multiyear,2016,1,0.9151990379827267
tram_multiyear,2016,2,1.0444361135514868
tram_multiyear,2016,3,1.0103318231500626
tram_multiyear,2016,4,1.0219842427181345
tram_multiyear,2016,5,0.9923118916601303
tram_multiyear,2016,6,1.0262506647260417
tram_multiyear,2016,7,0.9654524832875385
tram_multiyear,2016,8,1.0151203364131218
tram_multiyear,2016,9,1.0238187275850892
tram_multiyear,2016,10,1.0142122979073558
tram_multiyear,2016,11,0.986071999299692
tram_multiyear,2016,12,0.9848103817186197
tram_multiyear,2017,1,0.9114173852398453
tram_multiyear,2017,2,1.0368394704234274
tram_multiyear,2017,3,1.0112562434247734
tram_multiyear,2017,4,1.0350002336184179
tram_multiyear,2017,5,1.0072761215317614
tram_multiyear,2017,6,1.0250120229630968
tram_multiyear,2017,7,0.9612166093086949
tram_multiyear,2017,8,0.9986595201564767
tram_multiyear,2017,9,1.0325317693980345
tram_multiyear,2017,10,1.0241086408702818
tram_multiyear,2017,11,1.0398267515189759
tram_multiyear,2017,12,0.9168552315462138
tram_multiyear,2018,1,0.9329401834578194
tram_multiyear,2018,2,1.067024199834469
tram_multiyear,2018,3,0.8686416020314072
tram_multiyear,2018,4,0.9150394758193316
tram_multiyear,2018,5,0.8902120010358837
tram_multiyear,2018,6,1.0489954665864498
tram_multiyear,2018,7,1.0221877093388412
tram_multiyear,2018,8,1.0238912806238538
tram_multiyear,2018,9,1.0651975053033351
tram_multiyear,2018,10,1.0970141161884608
tram_multiyear,2018,11,1.104144876121986
tram_multiyear,2018,12,0.9647115836581629
tram_multiyear,2019,1,0.8951037049481615
tram_multiyear,2019,2,0.9578629488893694
tram_multiyear,2019,3,0.953129793563225
tram_multiyear,2019,4,1.018605355377718
tram_multiyear,2019,5,0.9955454903854457
tram_multiyear,2019,6,1.0306440905321612
tram_multiyear,2019,7,0.9733890481156913
tram_multiyear,2019,8,0.9864924418535463
tram_multiyear,2019,9,1.0496571236290655
tram_multiyear,2019,10,1.0546368649608115
tram_multiyear,2019,11,1.0584868259878977
tram_multiyear,2019,12,1.0264463117569056
tram_multiyear,2023,1,1.3040161550124276
tram_multiyear,2023,2,1.0384684217835094
tram_multiyear,2023,3,1.0163931586221773
tram_multiyear,2023,4,1.050534931636145
tram_multiyear,2023,5,1.0154884482174076
tram_multiyear,2023,6,1.0127829607330805
tram_multiyear,2023,7,0.7841476589824792
tram_multiyear,2023,8,0.9355512333450186
tram_multiyear,2023,9,1.036005781951054
tram_multiyear,2023,10,0.9225049635590407
tram_multiyear,2023,11,0.9967294412449635
tram_multiyear,2023,12,0.8873768449126966
tram_multiyear,2024,1,0.9377747609641685
tram_multiyear,2024,2,0.9840104754874901
tram_multiyear,2024,3,0.9970242641221516
tram_multiyear,2024,4,1.085831615930321
tram_multiyear,2024,5,1.0181929794143583
tram_multiyear,2024,6,1.0181624465340982
tram_multiyear,2024,7,0.9081399065939143
tram_multiyear,2024,8,0.9581015769844929
tram_multiyear,2024,9,1.0723228369734075
tram_multiyear,2024,10,1.0638037143678496
tram_multiyear,2024,11,0.9811368390890804
tram_multiyear,2024,12,0.975498583538667
trolley_recent,2023,1,0.9004039669177685
trolley_recent,2023,2,1.1622074091553576
trolley_recent,2023,3,1.1192043046538178
trolley_recent,2023,4,1.1510452782570189
trolley_recent,2023,5,1.0935372912871117
trolley_recent,2023,6,1.00123166731104
trolley_recent,2023,7,0.6526002005012089
trolley_recent,2023,8,0.721251968320486
trolley_recent,2023,9,1.0508121821855494
trolley_recent,2023,10,1.0576601224684883
trolley_recent,2023,11,1.120986580606575
trolley_recent,2023,12,0.9690590283355784
trolley_recent,2024,1,0.9059074384872112
trolley_recent,2024,2,1.1424570448939038
trolley_recent,2024,3,1.0099805884258863
trolley_recent,2024,4,1.1367851865628409
trolley_recent,2024,5,1.0242761624177263
trolley_recent,2024,6,0.9574264702542383
trolley_recent,2024,7,0.8795960403127818
trolley_recent,2024,8,0.844402188370281
trolley_recent,2024,9,1.0566297546354693
trolley_recent,2024,10,1.0445025141088187
trolley_recent,2024,11,1.0480357263570497
trolley_recent,2024,12,0.9500008851737928
