year,month,mode,passengers_thousands,days,daily_thousands
2007,1,bus,548519.5,31,17694.177419354837
2007,2,bus,529240.3,28,18901.43928571429
2007,3,bus,526931.5,31,16997.790322580644
2007,4,bus,565271.7,30,18842.39
2007,5,bus,611052.5,31,19711.370967741936
2007,6,bus,652724.6,30,21757.486666666668
2007,7,bus,696843.8,31,22478.832258064518
2007,8,bus,717290.2,31,23138.393548387096
2007,9,bus,733016.7,30,24433.89
2007,10,bus,734270.9,31,23686.15806451613
2007,11,bus,727681.3,30,24256.043333333335
2007,12,bus,708526.7,31,22855.699999999997
2007,1,tram,5256.1,31,169.55161290322582
2007,2,tram,5107.6,28,182.41428571428574
2007,3,tram,5472.7,31,176.53870967741935
2007,4,tram,6544.7,30,218.15666666666667
2007,5,tram,5471.8,31,176.50967741935486
2007,6,tram,5973.8,30,199.12666666666667
2007,7,tram,5645.4,31,182.10967741935482
2007,8,tram,5210.7,31,168.08709677419355
2007,9,tram,5346.4,30,178.2133333333333
2007,10,tram,5431.1,31,175.1967741935484
2007,11,tram,4936.4,30,164.54666666666665
2007,12,tram,4635.1,31,149.5193548387097
2007,1,trolleybus,3883.4,31,125.2709677419355
2007,2,trolleybus,3576.3,28,127.72500000000001
2007,3,trolleybus,3863.5,31,124.62903225806451
2007,4,trolleybus,3680.6,30,122.68666666666667
2007,5,trolleybus,3340.8,31,107.76774193548388
2007,6,trolleybus,3015.7,30,100.52333333333333
2007,7,trolleybus,2635.5,31,85.01612903225806
2007,8,trolleybus,2493.6,31,80.43870967741935
2007,9,trolleybus,2968.4,30,98.94666666666667
2007,10,trolleybus,3047.9,31,98.31935483870969
2007,11,trolleybus,2718.5,30,90.61666666666666
2007,12,trolleybus,2320.2,31,74.84516129032258
2008,1,bus,595637.4,31,19214.109677419354
2008,2,bus,622884.2,29,21478.765517241376
2008,3,bus,553680.3,31,17860.654838709677
2008,4,bus,583007.4,30,19433.58
2008,5,bus,625501.0,31,20177.451612903227
2008,6,bus,655513.3,30,21850.443333333336
2008,7,bus,698080.4,31,22518.72258064516
2008,8,bus,717933.2,31,23159.135483870967
2008,9,bus,737947.4,30,24598.246666666666
2008,10,bus,745361.4,31,24043.91612903226
2008,11,bus,747815.5,30,24927.183333333334
2008,12,bus,738758.8,31,23830.929032258067
2008,1,tram,4514.4,31,145.6258064516129
2008,2,tram,4468.5,29,154.08620689655172
2008,3,tram,5007.6,31,161.53548387096777
2008,4,tram,4720.3,30,157.34333333333333
2008,5,tram,4817.3,31,155.3967741935484
2008,6,tram,4634.7,30,154.48999999999998
2008,7,tram,4571.9,31,147.4806451612903
2008,8,tram,4562.7,31,147.18387096774194
2008,9,tram,5063.9,30,168.79666666666665
2008,10,tram,5137.5,31,165.7258064516129
2008,11,tram,4621.4,30,154.04666666666665
2008,12,tram,4625.7,31,149.21612903225807
2008,1,trolleybus,1892.6,31,61.0516129032258
2008,2,trolleybus,2407.1,29,83.00344827586207
2008,3,trolleybus,2311.6,31,74.56774193548387
2008,4,trolleybus,2644.4,30,88.14666666666668
2008,5,trolleybus,2321.9,31,74.9
2008,6,trolleybus,2214.7,30,73.82333333333332
2008,7,trolleybus,2209.2,31,71.26451612903226
2008,8,trolleybus,2067.5,31,66.69354838709677
2008,9,trolleybus,2566.1,30,85.53666666666666
2008,10,trolleybus,2454.0,31,79.16129032258064
2008,11,trolleybus,2088.1,30,69.60333333333332
2008,12,trolleybus,2030.9,31,65.51290322580645
2009,1,bus,601622.6,31,19407.18064516129
2009,2,bus,605195.6,28,21614.12857142857
2009,3,bus,587722.6,31,18958.793548387097
2009,4,bus,630959.5,30,21031.983333333334
2009,5,bus,676661.9,31,21827.803225806452
2009,6,bus,737356.3,30,24578.543333333335
2009,7,bus,709271.8,31,22879.73548387097
2009,8,bus,767940.5,31,24772.274193548386
2009,9,bus,818768.3,30,27292.27666666667
2009,10,bus,834492.5,31,26919.112903225807
2009,11,bus,851210.7,30,28373.69
2009,12,bus,865254.2,31,27911.42580645161
2009,1,tram,4263.4,31,137.52903225806452
2009,2,tram,3938.6,28,140.6642857142857
2009,3,tram,4713.5,31,152.0483870967742
2009,4,tram,4403.6,30,146.7866666666667
2009,5,tram,5108.3,31,164.78387096774193
2009,6,tram,5435.7,30,181.19
2009,7,tram,4927.6,31,158.95483870967743
2009,8,tram,4971.7,31,160.3774193548387
2009,9,tram,5560.2,30,185.34
2009,10,tram,5393.4,31,173.9806451612903
2009,11,tram,5020.7,30,167.35666666666665
2009,12,tram,5348.4,31,172.52903225806452
2009,1,trolleybus,1887.5,31,60.88709677419355
2009,2,trolleybus,2017.9,28,72.06785714285715
2009,3,trolleybus,2116.4,31,68.2709677419355
2009,4,trolleybus,2188.3,30,72.94333333333334
2009,5,trolleybus,2153.2,31,69.45806451612903
2009,6,trolleybus,2245.0,30,74.83333333333333
2009,7,trolleybus,1748.7,31,56.40967741935484
2009,8,trolleybus,1828.3,31,58.97741935483871
2009,9,trolleybus,2072.4,30,69.08
2009,10,trolleybus,2149.6,31,69.34193548387097
2009,11,trolleybus,2026.2,30,67.54
2009,12,trolleybus,2036.9,31,65.70645161290322
2010,1,bus,718624.0,31,23181.41935483871
2010,2,bus,708187.3,28,25292.403571428575
2010,3,bus,714226.5,31,23039.564516129034
2010,4,bus,754979.0,30,25165.966666666667
2010,5,bus,798869.1,31,25769.970967741934
2010,6,bus,848371.0,30,28279.033333333333
2010,7,bus,897536.8,31,28952.800000000003
2010,8,bus,956999.3,31,30870.945161290325
2010,9,bus,1031071.0,30,34369.03333333333
2010,10,bus,1032786.0,31,33315.67741935484
2010,11,bus,1055620.4,30,35187.346666666665
2010,12,bus,1070358.9,31,34527.7064516129
2010,1,tram,4317.7,31,139.28064516129032
2010,2,tram,4362.5,28,155.80357142857142
2010,3,tram,4897.3,31,157.9774193548387
2010,4,tram,5036.1,30,167.87
2010,5,tram,4882.8,31,157.50967741935486
2010,6,tram,5113.2,30,170.44
2010,7,tram,4677.3,31,150.88064516129032
2010,8,tram,4722.8,31,152.3483870967742
2010,9,tram,5133.4,30,171.11333333333332
2010,10,tram,4591.8,31,148.1225806451613
2010,11,tram,4449.5,30,148.31666666666666
2010,12,tram,4341.7,31,140.05483870967743
2010,1,trolleybus,1569.7,31,50.63548387096775
2010,2,trolleybus,1728.9,28,61.746428571428574
2010,3,trolleybus,1889.5,31,60.95161290322581
2010,4,trolleybus,2048.2,30,68.27333333333333
2010,5,trolleybus,1963.8,31,63.34838709677419
2010,6,trolleybus,1962.6,30,65.42
2010,7,trolleybus,1989.2,31,64.16774193548387
2010,8,trolleybus,1701.0,31,54.87096774193548
2010,9,trolleybus,2056.9,30,68.56333333333333
2010,10,trolleybus,2090.3,31,67.42903225806452
2010,11,trolleybus,2070.7,30,69.02333333333333
2010,12,trolleybus,1923.5,31,62.04838709677419
2011,1,bus,930240.8,31,30007.767741935484
2011,2,bus,899894.0,28,32139.071428571428
2011,3,bus,912648.04,31,29440.259354838712
2011,4,bus,640309.16,30,21343.63866666667
2011,5,bus,984640.45,31,31762.595161290323
2011,6,bus,1036905.1,30,34563.503333333334
2011,7,bus,1104118.96,31,35616.74064516129
2011,8,bus,1168827.48,31,37704.11225806452
2011,9,bus,1249482.48,30,41649.416
2011,10,bus,1316942.88,31,42482.02838709677
2011,11,bus,1352019.92,30,45067.33066666666
2011,12,bus,1361026.78,31,43904.08967741935
2011,1,tram,3754.4,31,121.10967741935484
2011,2,tram,4170.4,28,148.94285714285712
2011,3,tram,4782.7,31,154.28064516129032
2011,4,tram,4526.9,30,150.89666666666665
2011,5,tram,4580.8,31,147.76774193548388
2011,6,tram,4717.7,30,157.25666666666666
2011,7,tram,4262.0,31,137.48387096774192
2011,8,tram,4440.2,31,143.23225806451612
2011,9,tram,4898.1,30,163.27
2011,10,tram,4685.3,31,151.13870967741937
2011,11,tram,4636.5,30,154.55
2011,12,tram,4787.3,31,154.42903225806452
2011,1,trolleybus,1472.9,31,47.512903225806454
2011,2,trolleybus,1824.1,28,65.14642857142857
2011,3,trolleybus,2877.0,31,92.80645161290323
2011,4,trolleybus,2089.7,30,69.65666666666667
2011,5,trolleybus,1757.3,31,56.68709677419355
2011,6,trolleybus,1955.7,30,65.19
2011,7,trolleybus,1507.5,31,48.62903225806452
2011,8,trolleybus,1342.8,31,43.31612903225806
2011,9,trolleybus,1574.9,30,52.49666666666667
2011,10,trolleybus,1936.7,31,62.4741935483871
2011,11,trolleybus,1970.7,30,65.69
2011,12,trolleybus,1862.0,31,60.064516129032256
2012,1,bus,1165436.7,31,37594.73225806451
2012,2,bus,1129622.66,29,38952.50551724138
2012,3,bus,1141046.9,31,36807.96451612903
2012,4,bus,1168885.38,30,38962.846
2012,5,bus,1173018.52,31,37839.307096774195
2012,6,bus,1211661.29,30,40388.70966666667
2012,7,bus,1245411.73,31,40174.57193548387
2012,8,bus,1263709.37,31,40764.81838709678
2012,9,bus,1315403.14,30,43846.77133333333
2012,10,bus,1292714.74,31,41700.47548387097
2012,11,bus,1275963.22,30,42532.10733333333
2012,12,bus,1303984.85,31,42064.02741935484
2012,1,tram,3987.3,31,128.6225806451613
2012,2,tram,3999.5,29,137.91379310344828
2012,3,tram,4525.0,31,145.96774193548387
2012,4,tram,4349.3,30,144.97666666666666
2012,5,tram,4383.1,31,141.39032258064518
2012,6,tram,4619.4,30,153.98
2012,7,tram,4067.9,31,131.2225806451613
2012,8,tram,4264.0,31,137.5483870967742
2012,9,tram,4507.3,30,150.24333333333334
2012,10,tram,4463.4,31,143.9806451612903
2012,11,tram,4375.1,30,145.83666666666667
2012,12,tram,3842.0,31,123.93548387096774
2012,1,trolleybus,1494.3,31,48.20322580645161
2012,2,trolleybus,1698.7,29,58.57586206896552
2012,3,trolleybus,1715.1,31,55.3258064516129
2012,4,trolleybus,1835.6,30,61.18666666666666
2012,5,trolleybus,1730.0,31,55.806451612903224
2012,6,trolleybus,1541.3,30,51.376666666666665
2012,7,trolleybus,1293.6,31,41.729032258064514
2012,8,trolleybus,1201.5,31,38.75806451612903
2012,9,trolleybus,1506.5,30,50.21666666666667
2012,10,trolleybus,1651.1,31,53.26129032258064
2012,11,trolleybus,1368.2,30,45.60666666666667
2012,12,trolleybus,1205.4,31,38.88387096774194
2013,1,bus,1239621.03,31,39987.77516129032
2013,2,bus,1241154.85,28,44326.95892857143
2013,3,bus,1249072.65,31,40292.66612903225
2013,4,bus,1251638.37,30,41721.279
2013,5,bus,1278244.95,31,41233.708064516126
2013,6,bus,1297989.0,30,43266.3
2013,7,bus,1343282.8,31,43331.70322580645
2013,8,bus,1363049.83,31,43969.34935483871
2013,9,bus,1396593.33,30,46553.111000000004
2013,10,bus,1386127.28,31,44713.78322580645
2013,11,bus,1304573.58,30,43485.786
2013,12,bus,1401096.5,31,45196.66129032258
2013,1,tram,3187.0,31,102.80645161290323
2013,2,tram,3129.9,28,111.78214285714286
2013,3,tram,3317.4,31,107.01290322580645
2013,4,tram,3562.3,30,118.74333333333334
2013,5,tram,3403.8,31,109.80000000000001
2013,6,tram,3445.0,30,114.83333333333333
2013,7,tram,3274.2,31,105.61935483870967
2013,8,tram,3219.1,31,103.84193548387097
2013,9,tram,3365.1,30,112.17
2013,10,tram,3578.6,31,115.43870967741935
2013,11,tram,3489.9,30,116.33
2013,12,tram,3475.7,31,112.11935483870967
2013,1,trolleybus,1115.3,31,35.97741935483871
2013,2,trolleybus,1410.3,28,50.36785714285714
2013,3,trolleybus,1478.1,31,47.68064516129032
2013,4,trolleybus,1688.1,30,56.269999999999996
2013,5,trolleybus,1577.3,31,50.880645161290325
2013,6,trolleybus,1299.8,30,43.32666666666667
2013,7,trolleybus,1039.3,31,33.5258064516129
2013,8,trolleybus,976.4,31,31.496774193548386
2013,9,trolleybus,1779.8,30,59.32666666666667
2013,10,trolleybus,1795.1,31,57.906451612903226
2013,11,trolleybus,2180.5,30,72.68333333333334
2013,12,trolleybus,1509.3,31,48.68709677419355
2014,1,bus,1319934.93,31,42578.54612903226
2014,2,bus,1318714.13,28,47096.93321428571
2014,3,bus,1341644.07,31,43278.84096774194
2014,4,bus,1364195.72,30,45473.19066666667
2014,5,bus,1371262.15,31,44234.262903225805
2014,6,bus,1393546.98,30,46451.566
2014,7,bus,1396854.62,31,45059.826451612906
2014,8,bus,1422940.12,31,45901.29419354839
2014,9,bus,1423089.97,30,47436.33233333333
2014,10,bus,1465810.15,31,47284.198387096774
2014,11,bus,1470766.16,30,49025.53866666667
2014,12,bus,1484742.96,31,47894.93419354838
2014,1,tram,3208.8,31,103.50967741935484
2014,2,tram,3418.62,28,122.09357142857142
2014,3,tram,3323.7,31,107.21612903225805
2014,4,tram,3340.4,30,111.34666666666666
2014,5,tram,3314.2,31,106.90967741935484
2014,6,tram,3223.2,30,107.44
2014,7,tram,3112.6,31,100.40645161290323
2014,8,tram,3091.4,31,99.72258064516129
2014,9,tram,3244.0,30,108.13333333333334
2014,10,tram,3344.3,31,107.88064516129033
2014,11,tram,3256.3,30,108.54333333333334
2014,12,tram,3228.6,31,104.14838709677419
2014,1,trolleybus,1182.4,31,38.141935483870974
2014,2,trolleybus,1449.82,28,51.77928571428571
2014,3,trolleybus,1418.3,31,45.751612903225805
2014,4,trolleybus,1510.4,30,50.34666666666667
2014,5,trolleybus,1455.7,31,46.958064516129035
2014,6,trolleybus,1187.4,30,39.580000000000005
2014,7,trolleybus,964.6,31,31.116129032258065
2014,8,trolleybus,1003.5,31,32.37096774193548
2014,9,trolleybus,1664.2,30,55.473333333333336
2014,10,trolleybus,1637.0,31,52.806451612903224
2014,11,trolleybus,1523.6,30,50.78666666666666
2014,12,trolleybus,1564.0,31,50.45161290322581
2015,1,bus,1388773.3,31,44799.13870967742
2015,2,bus,1425647.1,28,50915.96785714286
2015,3,bus,1429883.37,31,46125.270000000004
2015,4,bus,1461043.56,30,48701.452000000005
2015,5,bus,1436965.2,31,46353.716129032255
2015,6,bus,1480021.81,30,49334.060333333335
2015,7,bus,1494825.64,31,48220.181935483866
2015,8,bus,1460321.62,31,47107.149032258065
2015,9,bus,1573649.47,30,52454.98233333333
2015,10,bus,1567342.46,31,50559.43419354838
2015,11,bus,1589386.94,30,52979.564666666665
2015,12,bus,1611630.03,31,51988.06548387097
2015,1,tram,2832.11,31,91.3583870967742
2015,2,tram,3020.2,28,107.86428571428571
2015,3,tram,4926.92,31,158.93290322580646
2015,4,tram,3070.3,30,102.34333333333333
2015,5,tram,2975.3,31,95.97741935483872
2015,6,tram,2940.33,30,98.011
2015,7,tram,2851.08,31,91.97032258064516
2015,8,tram,2852.5,31,92.01612903225806
2015,9,tram,3000.83,30,100.02766666666666
2015,10,tram,3029.33,31,97.72032258064516
2015,11,tram,2731.55,30,91.05166666666668
2015,12,tram,2761.39,31,89.07709677419355
2015,1,trolleybus,1198.46,31,38.660000000000004
2015,2,trolleybus,1894.7,28,67.66785714285714
2015,3,trolleybus,3012.55,31,97.17903225806452
2015,4,trolleybus,1402.89,30,46.763000000000005
2015,5,trolleybus,1235.5,31,39.854838709677416
2015,6,trolleybus,1197.17,30,39.90566666666667
2015,7,trolleybus,1058.71,31,34.15193548387097
2015,8,trolleybus,1014.24,31,32.71741935483871
2015,9,trolleybus,1663.93,30,55.464333333333336
2015,10,trolleybus,1711.81,31,55.21967741935484
2015,11,trolleybus,1757.18,30,58.57266666666667
2015,12,trolleybus,1741.49,31,56.17709677419355
2016,1,bus,1411305.63,31,45525.988064516125
2016,2,bus,1442046.6,29,49725.74482758621
2016,3,bus,1460815.25,31,47123.07258064516
2016,4,bus,1474885.56,30,49162.852
2016,5,bus,1474216.9,31,47555.38387096774
2016,6,bus,1509544.26,30,50318.142
2016,7,bus,1544439.54,31,49820.63032258065
2016,8,bus,1519863.95,31,49027.86935483871
2016,9,bus,1619674.29,30,53989.143000000004
2016,10,bus,1595395.94,31,51464.38516129032
2016,11,bus,1623156.71,30,54105.223666666665
2016,12,bus,1643065.05,31,53002.098387096776
2016,1,tram,2469.32,31,79.65548387096774
2016,2,tram,2636.21,29,90.90379310344828
2016,3,tram,2726.0,31,87.93548387096774
2016,4,tram,2668.49,30,88.94966666666666
2016,5,tram,2677.38,31,86.36709677419356
2016,6,tram,2679.63,30,89.321
2016,7,tram,2604.91,31,84.02935483870968
2016,8,tram,2738.92,31,88.35225806451614
2016,9,tram,2673.28,30,89.10933333333334
2016,10,tram,2736.47,31,88.2732258064516
2016,11,tram,2574.72,30,85.824
2016,12,tram,2657.14,31,85.71419354838709
2016,1,trolleybus,1282.37,31,41.36677419354838
2016,2,trolleybus,1900.77,29,65.54379310344828
2016,3,trolleybus,1924.74,31,62.08838709677419
2016,4,trolleybus,1979.64,30,65.988
2016,5,trolleybus,1748.15,31,56.391935483870974
2016,6,trolleybus,1585.04,30,52.834666666666664
2016,7,trolleybus,1211.0,31,39.064516129032256
2016,8,trolleybus,1381.17,31,44.553870967741936
2016,9,trolleybus,1973.66,30,65.78866666666667
2016,10,trolleybus,2101.9,31,67.80322580645162
2016,11,trolleybus,2114.26,30,70.47533333333334
2016,12,trolleybus,1722.4,31,55.561290322580646
2017,1,bus,1479439.86,31,47723.86645161291
2017,2,bus,1462867.19,28,52245.256785714286
2017,3,bus,1475983.72,31,47612.37806451613
2017,4,bus,1490119.12,30,49670.63733333334
2017,5,bus,1482881.38,31,47834.88322580645
2017,6,bus,1484312.48,30,49477.08266666667
2017,7,bus,1424639.69,31,45956.119032258066
2017,8,bus,1432989.24,31,46225.45935483871
2017,9,bus,1708758.6,30,56958.62
2017,10,bus,1510360.69,31,48721.31258064516
2017,11,bus,1611467.34,30,53715.578
2017,12,bus,1649108.92,31,53197.06193548387
2017,1,tram,2388.39,31,77.04483870967742
2017,2,tram,2454.12,28,87.64714285714285
2017,3,tram,2650.02,31,85.48451612903226
2017,4,tram,2624.75,30,87.49166666666666
2017,5,tram,2639.59,31,85.14806451612904
2017,6,tram,2599.42,30,86.64733333333334
2017,7,tram,2518.89,31,81.25451612903225
2017,8,tram,2617.01,31,84.41967741935484
2017,9,tram,2618.49,30,87.28299999999999
2017,10,tram,2683.7,31,86.57096774193548
2017,11,tram,2636.99,30,87.89966666666666
2017,12,tram,2402.64,31,77.50451612903225
2017,1,trolleybus,1762.17,31,56.844193548387096
2017,2,trolleybus,2044.02,28,73.00071428571428
2017,3,trolleybus,1893.77,31,61.089354838709674
2017,4,trolleybus,2072.1,30,69.07
2017,5,trolleybus,2232.05,31,72.00161290322582
2017,6,trolleybus,1873.63,30,62.45433333333334
2017,7,trolleybus,1681.22,31,54.23290322580645
2017,8,trolleybus,1901.75,31,61.346774193548384
2017,9,trolleybus,2468.86,30,82.29533333333333
2017,10,trolleybus,2919.9,31,94.19032258064516
2017,11,trolleybus,2529.4,30,84.31333333333333
2017,12,trolleybus,2187.0,31,70.54838709677419
2018,1,bus,1488504.09,31,48016.26096774194
2018,2,bus,1489819.26,28,53207.830714285716
2018,3,bus,1415109.03,31,45648.67838709678
2018,4,bus,1408532.16,30,46951.072
2018,5,bus,1487647.63,31,47988.63322580645
2018,6,bus,1277681.38,30,42589.37933333333
2018,7,bus,1266073.56,31,40841.08258064516
2018,8,bus,1283033.78,31,41388.186451612906
2018,9,bus,1301564.11,30,43385.47033333334
2018,10,bus,1295555.83,31,41792.1235483871
2018,11,bus,1407592.49,30,46919.74966666666
2018,12,bus,1425075.06,31,45970.16322580646
2018,1,tram,2283.65,31,73.66612903225807
2018,2,tram,2359.1,28,84.25357142857142
2018,3,tram,2126.26,31,68.58903225806452
2018,4,tram,2167.58,30,72.25266666666667
2018,5,tram,2179.06,31,70.29225806451613
2018,6,tram,2484.9,30,82.83
2018,7,tram,2502.11,31,80.71322580645162
2018,8,tram,2506.28,31,80.84774193548388
2018,9,tram,2523.28,30,84.10933333333334
2018,10,tram,2685.27,31,86.62161290322581
2018,11,tram,2615.54,30,87.18466666666667
2018,12,tram,2361.42,31,76.17483870967742
2018,1,trolleybus,2249.58,31,72.56709677419354
2018,2,trolleybus,2645.66,28,94.48785714285714
2018,3,trolleybus,1875.2,31,60.49032258064516
2018,4,trolleybus,2311.06,30,77.03533333333333
2018,5,trolleybus,2183.28,31,70.4283870967742
2018,6,trolleybus,2149.22,30,71.64066666666666
2018,7,trolleybus,1812.89,31,58.480322580645165
2018,8,trolleybus,1648.92,31,53.19096774193549
2018,9,trolleybus,,30,
2018,10,trolleybus,,31,
2018,11,trolleybus,,30,
2018,12,trolleybus,2219.69,31,71.60290322580646
2019,1,bus,1379163.6,31,44489.14838709678
2019,2,bus,1395921.93,28,49854.35464285714
2019,3,bus,,31,
2019,4,bus,,30,
2019,5,bus,1473605.78,31,47535.67032258065
2019,6,bus,1548117.9,30,51603.93
2019,7,bus,,31,
2019,8,bus,1459319.85,31,47074.83387096775
2019,9,bus,1460413.22,30,48680.44066666667
2019,10,bus,1465788.45,31,47283.49838709677
2019,11,bus,1465882.35,30,48862.745
2019,12,bus,1494255.06,31,48201.77612903226
2019,1,tram,2377.9,31,76.70645161290322
2019,2,tram,2298.37,28,82.08464285714285
2019,3,tram,2532.05,31,81.67903225806452
2019,4,tram,2618.7,30,87.28999999999999
2019,5,tram,2644.73,31,85.31387096774193
2019,6,tram,2649.65,30,88.32166666666667
2019,7,tram,2585.87,31,83.41516129032257
2019,8,tram,2620.68,31,84.53806451612903
2019,9,tram,2698.53,30,89.95100000000001
2019,10,tram,2801.71,31,90.37774193548387
2019,11,tram,2721.23,30,90.70766666666667
2019,12,tram,2726.82,31,87.96193548387097
2019,1,trolleybus,,31,
2019,2,trolleybus,,28,
2019,3,trolleybus,,31,
2019,4,trolleybus,,30,
2019,5,trolleybus,,31,
2019,6,trolleybus,,30,
2019,7,trolleybus,,31,
2019,8,trolleybus,,31,
2019,9,trolleybus,,30,
2019,10,trolleybus,,31,
2019,11,trolleybus,,30,
2019,12,trolleybus,,31,
2020,1,bus,1384425.86,31,44658.89870967742
2020,2,bus,1362776.61,29,46992.29689655173
2020,3,bus,1260905.19,31,40674.36096774194
2020,4,bus,151432.56,30,5047.7519999999995
2020,5,bus,214924.5,31,6933.048387096775
2020,6,bus,354948.54,30,11831.617999999999
2020,7,bus,117744.66,31,3798.2148387096777
2020,8,bus,129081.26,31,4163.911612903225
2020,9,bus,180497.84,30,6016.594666666667
2020,10,bus,215975.42,31,6966.949032258065
2020,11,bus,205916.6,30,6863.886666666667
2020,12,bus,236777.92,31,7637.997419354839
2020,1,tram,2514.84,31,81.12387096774194
2020,2,tram,2539.52,29,87.56965517241379
2020,3,tram,2400.22,31,77.42645161290322
2020,4,tram,1208.66,30,40.28866666666667
2020,5,tram,1650.63,31,53.24612903225807
2020,6,tram,2133.87,30,71.12899999999999
2020,7,tram,1716.42,31,55.36838709677419
2020,8,tram,1821.81,31,58.76806451612903
2020,9,tram,2227.71,30,74.257
2020,10,tram,2315.48,31,74.69290322580645
2020,11,tram,2124.85,30,70.82833333333333
2020,12,tram,2005.54,31,64.69483870967741
2020,1,trolleybus,,31,
2020,2,trolleybus,,29,
2020,3,trolleybus,,31,
2020,4,trolleybus,,30,
2020,5,trolleybus,,31,
2020,6,trolleybus,,30,
2020,7,trolleybus,,31,
2020,8,trolleybus,,31,
2020,9,trolleybus,,30,
2020,10,trolleybus,,31,
2020,11,trolleybus,,30,
2020,12,trolleybus,,31,
2021,1,bus,238779.8,31,7702.574193548387
2021,2,bus,264758.9,28,9455.675000000001
2021,3,bus,298392.33,31,9625.559032258065
2021,4,bus,367604.28,30,12253.476
2021,5,bus,381087.97,31,12293.160322580645
2021,6,bus,400262.38,30,13342.079333333333
2021,7,bus,369949.14,31,11933.843225806451
2021,8,bus,417468.44,31,13466.723870967742
2021,9,bus,513534.71,30,17117.823666666667
2021,10,bus,558246.17,31,18007.940967741935
2021,11,bus,593876.25,30,19795.875
2021,12,bus,615136.35,31,19843.108064516127
2021,1,tram,2019.76,31,65.15354838709678
2021,2,tram,2051.0,28,73.25
2021,3,tram,2277.35,31,73.46290322580644
2021,4,tram,2399.67,30,79.989
2021,5,tram,2340.34,31,75.49483870967742
2021,6,tram,2408.47,30,80.28233333333333
2021,7,tram,2256.84,31,72.80129032258066
2021,8,tram,2230.9,31,71.96451612903226
2021,9,tram,2396.95,30,79.89833333333333
2021,10,tram,2502.0,31,80.70967741935483
2021,11,tram,2647.51,30,88.25033333333334
2021,12,tram,2826.39,31,91.17387096774193
2021,1,trolleybus,,31,
2021,2,trolleybus,,28,
2021,3,trolleybus,1846.81,31,59.574516129032254
2021,4,trolleybus,1915.81,30,63.86033333333333
2021,5,trolleybus,2052.83,31,66.22032258064516
2021,6,trolleybus,2295.98,30,76.53266666666667
2021,7,trolleybus,2029.74,31,65.47548387096774
2021,8,trolleybus,2061.55,31,66.50161290322582
2021,9,trolleybus,2801.79,30,93.393
2021,10,trolleybus,,31,
2021,11,trolleybus,2952.79,30,98.42633333333333
2021,12,trolleybus,2811.84,31,90.70451612903226
2022,1,bus,76867.53,31,2479.597741935484
2022,2,bus,100656.3991393289,28,3594.8713978331753
2022,3,bus,105990.5951393289,31,3419.0514561073837
2022,4,bus,113802.31128292471,30,3793.4103760974904
2022,5,bus,110044.3852829247,31,3549.8188800943453
2022,6,bus,106110.5902829247,30,3537.01967609749
2022,7,bus,98223.6283355253,31,3168.5041398556546
2022,8,bus,105437.5083355253,31,3401.2099463072677
2022,9,bus,120223.9783355253,30,4007.4659445175103
2022,10,bus,122873.23525259297,31,3963.652750083644
2022,11,bus,121794.255252593,30,4059.8085084197664
2022,12,bus,114788.43525259299,31,3702.852750083645
2022,1,tram,2357.38,31,76.04451612903226
2022,2,tram,2340.26,28,83.5807142857143
2022,3,tram,2358.17,31,76.07000000000001
2022,4,tram,2601.05,30,86.70166666666667
2022,5,tram,2592.4,31,83.6258064516129
2022,6,tram,2801.34,30,93.378
2022,7,tram,2407.18,31,77.65096774193547
2022,8,tram,2485.52,31,80.17806451612903
2022,9,tram,2606.16,30,86.872
2022,10,tram,2668.63,31,86.08483870967743
2022,11,tram,2561.57,30,85.38566666666667
2022,12,tram,2529.34,31,81.59161290322581
2022,1,trolleybus,1331.64,31,42.95612903225807
2022,2,trolleybus,2683.51,28,95.83964285714286
2022,3,trolleybus,2967.41,31,95.72290322580645
2022,4,trolleybus,3287.06,30,109.56866666666666
2022,5,trolleybus,2808.38,31,90.59290322580645
2022,6,trolleybus,2824.91,30,94.16366666666666
2022,7,trolleybus,2293.59,31,73.98677419354838
2022,8,trolleybus,2521.39,31,81.33516129032257
2022,9,trolleybus,3391.79,30,113.05966666666667
2022,10,trolleybus,3371.18,31,108.74774193548386
2022,11,trolleybus,3504.3,30,116.81
2022,12,trolleybus,3146.82,31,101.51032258064517
2023,1,bus,101547.87,31,3275.737741935484
2023,2,bus,108742.28,28,3883.652857142857
2023,3,bus,118368.04,31,3818.3238709677416
2023,4,bus,120087.01,30,4002.900333333333
2023,5,bus,119874.64,31,3866.923870967742
2023,6,bus,108495.02,30,3616.500666666667
2023,7,bus,103220.72,31,3329.70064516129
2023,8,bus,109811.72,31,3542.313548387097
2023,9,bus,132635.37,30,4421.179
2023,10,bus,133641.32,31,4311.010322580645
2023,11,bus,134938.19,30,4497.939666666667
2023,12,bus,124298.35,31,4009.624193548387
2023,1,tram,2262.94,31,72.99806451612903
2023,2,tram,1627.72,28,58.13285714285714
2023,3,tram,1763.81,31,56.89709677419355
2023,4,tram,1764.25,30,58.80833333333333
2023,5,tram,1762.24,31,56.84645161290322
2023,6,tram,1700.85,30,56.695
2023,7,tram,1360.78,31,43.89612903225807
2023,8,tram,1623.52,31,52.3716129032258
2023,9,tram,1739.85,30,57.995
2023,10,tram,1600.88,31,51.64129032258065
2023,11,tram,1673.89,30,55.79633333333334
2023,12,tram,1539.92,31,49.674838709677424
2023,1,trolleybus,2733.8,31,88.18709677419355
2023,2,trolleybus,3187.2,28,113.82857142857142
2023,3,trolleybus,3398.12,31,109.61677419354838
2023,4,trolleybus,3382.06,30,112.73533333333333
2023,5,trolleybus,3320.19,31,107.10290322580646
2023,6,trolleybus,2941.87,30,98.06233333333333
2023,7,trolleybus,1981.42,31,63.91677419354839
2023,8,trolleybus,2189.86,31,70.64064516129032
2023,9,trolleybus,3087.55,30,102.91833333333334
2023,10,trolleybus,3211.26,31,103.58903225806452
2023,11,trolleybus,3293.74,30,109.79133333333333
2023,12,trolleybus,2942.25,31,94.91129032258064
2024,1,bus,111603.74,31,3600.1206451612907
2024,2,bus,117223.94,29,4042.204827586207
2024,3,bus,121983.89,31,3934.964193548387
2024,4,bus,139229.24,30,4640.974666666666
2024,5,bus,134309.47,31,4332.5635483870965
2024,6,bus,123004.96,30,4100.165333333333
2024,7,bus,122357.42,31,3947.0135483870968
2024,8,bus,123712.23,31,3990.7170967741936
2024,9,bus,138761.14,30,4625.3713333333335
2024,10,bus,137859.91,31,4447.093870967742
2024,11,bus,135455.79,30,4515.193
2024,12,bus,131983.66,31,4257.537419354839
2024,1,tram,1392.35,31,44.91451612903226
2024,2,tram,1366.74,29,47.12896551724138
2024,3,tram,1480.32,31,47.75225806451613
2024,4,tram,1560.17,30,52.00566666666667
2024,5,tram,1511.75,31,48.766129032258064
2024,6,tram,1462.94,30,48.76466666666667
2024,7,tram,1348.35,31,43.49516129032258
2024,8,tram,1422.53,31,45.888064516129035
2024,9,tram,1540.76,30,51.358666666666664
2024,10,tram,1579.47,31,50.950645161290325
2024,11,tram,1409.74,30,46.99133333333334
2024,12,tram,1448.36,31,46.72129032258064
2024,1,trolleybus,2642.52,31,85.24258064516128
2024,2,trolleybus,3117.53,29,107.50103448275863
2024,3,trolleybus,2946.1,31,95.03548387096774
2024,4,trolleybus,3209.02,30,106.96733333333333
2024,5,trolleybus,2987.8,31,96.38064516129033
2024,6,trolleybus,2702.71,30,90.09033333333333
2024,7,trolleybus,2565.77,31,82.76677419354839
2024,8,trolleybus,2463.11,31,79.45516129032258
2024,9,trolleybus,2982.75,30,99.425
2024,10,trolleybus,3046.8,31,98.28387096774195
2024,11,trolleybus,2958.49,30,98.61633333333333
2024,12,trolleybus,2771.14,31,89.3916129032258
