origin,horizon,model,score,prediction_total
2025-07-01,61,raw_l1_all,0.8300890170030863,11550494.272618543
2025-07-01,61,raw_l1_soft,0.823825505898276,11659199.011035878
2025-07-01,61,raw_poisson_soft,0.8468038567249625,11190654.26138276
2025-07-01,61,residual_l1_all,0.8381009970430782,11042935.090748468
2025-07-01,61,residual_l1_soft,0.8349061901875163,11204803.571920354
2025-07-01,61,residual_l1_small,0.8347414797669421,11211581.84181311
2025-07-01,61,v8_scale_1.0,0.8125934583787979,
2025-07-01,61,v8_scale_1.03,0.7911550144710204,
2025-09-01,61,raw_l1_all,0.837801319393539,11154614.31694498
2025-09-01,61,raw_l1_soft,0.839533927764604,11170010.593413116
2025-09-01,61,raw_poisson_soft,0.8375515193294982,11038712.000128971
2025-09-01,61,residual_l1_all,0.8348163922059836,11251498.455490325
2025-09-01,61,residual_l1_soft,0.8372390337439239,11314215.100796402
2025-09-01,61,residual_l1_small,0.8373890785598355,11290194.168111973
2025-09-01,61,v8_scale_1.0,0.9057263874555146,
2025-09-01,61,v8_scale_1.03,0.8988592322964768,
2025-10-01,31,raw_l1_all,0.9004311736981033,6277708.340112896
2025-10-01,31,raw_l1_soft,0.9009460269310348,6289020.353517005
2025-10-01,31,raw_poisson_soft,0.898920072738359,6238446.803477793
2025-10-01,31,residual_l1_all,0.9094287858377684,6595668.805790305
2025-10-01,31,residual_l1_soft,0.9086467298902696,6600660.767263503
2025-10-01,31,residual_l1_small,0.908318766760996,6614434.811701279
2025-10-01,31,v8_scale_1.0,0.9121769780076155,
2025-10-01,31,v8_scale_1.03,0.9125903408116532,
2025-07-01,61,lean_l1_h112,0.7965996628014815,12105907.483690225
2025-07-01,61,lean_l1_soft_h112,0.7914026061820726,12216443.970551368
2025-07-01,61,lean_l1_soft_h365,0.7964260320789508,12106208.256350186
2025-07-01,61,lean_poisson_soft_h365,0.8200419243027879,11746411.951666377
2025-09-01,61,lean_l1_h112,0.8952245843828219,12940174.483411323
2025-09-01,61,lean_l1_soft_h112,0.8960141609135944,12996519.999305628
2025-09-01,61,lean_l1_soft_h365,0.897326183300113,13004549.521787588
2025-09-01,61,lean_poisson_soft_h365,0.8944228953754907,12998787.221384998
2025-10-01,31,lean_l1_h112,0.9045102739249297,6370486.889249323
2025-10-01,31,lean_l1_soft_h112,0.9052173739606004,6415722.392181236
2025-10-01,31,lean_l1_soft_h365,0.9048783694587491,6426517.031979285
2025-10-01,31,lean_poisson_soft_h365,0.8980435738650159,6308667.06416984
