origin,model,path,part,score,seed
2025-07-01,direct,profile_direct,all,0.8148157561757657,20260926
2025-07-01,direct,profile_direct,last_7_days,0.7713804902480295,20260926
2025-07-01,direct,profile_step1,all,0.8312260132953634,20260926
2025-07-01,direct,profile_step1,last_7_days,0.8872084321930153,20260926
2025-07-01,direct,profile_step3,all,0.830680434317929,20260926
2025-07-01,direct,profile_step3,last_7_days,0.8869997802549565,20260926
2025-07-01,direct,profile_step7,all,0.8298124434545138,20260926
2025-07-01,direct,profile_step7,last_7_days,0.8859309123584174,20260926
2025-07-01,direct,profile_all_paths_mean,all,0.8367420014733359,20260926
2025-07-01,direct,profile_all_paths_mean,last_7_days,0.8826950451476255,20260926
2025-07-01,direct,profile_weekly_direct_mean,all,0.8353364710273216,20260926
2025-07-01,direct,profile_weekly_direct_mean,last_7_days,0.8580184818369174,20260926
2025-07-01,direct,v8_direct,all,0.820538455611235,20260926
2025-07-01,direct,v8_direct,last_7_days,0.7773220047801919,20260926
2025-07-01,direct,v8_step1,all,0.8324550693665366,20260926
2025-07-01,direct,v8_step1,last_7_days,0.8850072198093806,20260926
2025-07-01,direct,v8_step3,all,0.8319443209122639,20260926
2025-07-01,direct,v8_step3,last_7_days,0.8847621218761637,20260926
2025-07-01,direct,v8_step7,all,0.8310504041909526,20260926
2025-07-01,direct,v8_step7,last_7_days,0.8834566597089879,20260926
2025-07-01,direct,v8_all_paths_mean,all,0.8388989825804427,20260926
2025-07-01,direct,v8_all_paths_mean,last_7_days,0.8809278954615952,20260926
2025-07-01,direct,v8_weekly_direct_mean,all,0.838959556305587,20260926
2025-07-01,direct,v8_weekly_direct_mean,last_7_days,0.8583625624974996,20260926
2025-07-01,direct,incumbent_v8,all,0.8125931526633471,20260926
2025-07-01,direct,incumbent_v8,last_7_days,0.8839936886782395,20260926
2025-07-01,direct,profile_base,all,0.8094664177044861,20260926
2025-07-01,direct,profile_base,last_7_days,0.8852758335960813,20260926
2025-07-01,weekly_c1,profile_direct,all,0.8401598789146162,20260926
2025-07-01,weekly_c1,profile_direct,last_7_days,0.847770961478777,20260926
2025-07-01,weekly_c1,profile_step1,all,0.8456282098158548,20260926
2025-07-01,weekly_c1,profile_step1,last_7_days,0.8792910583084921,20260926
2025-07-01,weekly_c1,profile_step3,all,0.8455547146680237,20260926
2025-07-01,weekly_c1,profile_step3,last_7_days,0.8790094786433595,20260926
2025-07-01,weekly_c1,profile_step7,all,0.8454292312236058,20260926
2025-07-01,weekly_c1,profile_step7,last_7_days,0.878207248206786,20260926
2025-07-01,weekly_c1,profile_all_paths_mean,all,0.8449028257957713,20260926
2025-07-01,weekly_c1,profile_all_paths_mean,last_7_days,0.872738589035925,20260926
2025-07-01,weekly_c1,profile_weekly_direct_mean,all,0.8436934535464071,20260926
2025-07-01,weekly_c1,profile_weekly_direct_mean,last_7_days,0.865074717619147,20260926
2025-07-01,weekly_c1,v8_direct,all,0.8432682148297818,20260926
2025-07-01,weekly_c1,v8_direct,last_7_days,0.8493180430920706,20260926
2025-07-01,weekly_c1,v8_step1,all,0.8473156654631194,20260926
2025-07-01,weekly_c1,v8_step1,last_7_days,0.8778909681136442,20260926
2025-07-01,weekly_c1,v8_step3,all,0.8472842506673853,20260926
2025-07-01,weekly_c1,v8_step3,last_7_days,0.8776211023370061,20260926
2025-07-01,weekly_c1,v8_step7,all,0.8472489944963008,20260926
2025-07-01,weekly_c1,v8_step7,last_7_days,0.87688075420026,20260926
2025-07-01,weekly_c1,v8_all_paths_mean,all,0.8469660532365947,20260926
2025-07-01,weekly_c1,v8_all_paths_mean,last_7_days,0.8719441846557808,20260926
2025-07-01,weekly_c1,v8_weekly_direct_mean,all,0.8461314712936298,20260926
2025-07-01,weekly_c1,v8_weekly_direct_mean,last_7_days,0.8650548569442251,20260926
2025-07-01,weekly_c1,incumbent_v8,all,0.8125931526633471,20260926
2025-07-01,weekly_c1,incumbent_v8,last_7_days,0.8839936886782395,20260926
2025-07-01,weekly_c1,profile_base,all,0.8094664177044861,20260926
2025-07-01,weekly_c1,profile_base,last_7_days,0.8852758335960813,20260926
2025-07-01,weekly_c5,profile_direct,all,0.8481528176631467,20260926
2025-07-01,weekly_c5,profile_direct,last_7_days,0.8783212514788927,20260926
2025-07-01,weekly_c5,profile_step1,all,0.8487041701973377,20260926
2025-07-01,weekly_c5,profile_step1,last_7_days,0.8764055548535565,20260926
2025-07-01,weekly_c5,profile_step3,all,0.8486939095961812,20260926
2025-07-01,weekly_c5,profile_step3,last_7_days,0.8762678799350311,20260926
2025-07-01,weekly_c5,profile_step7,all,0.8486466617639954,20260926
2025-07-01,weekly_c5,profile_step7,last_7_days,0.8758437464710102,20260926
2025-07-01,weekly_c5,profile_all_paths_mean,all,0.8487749023104619,20260926
2025-07-01,weekly_c5,profile_all_paths_mean,last_7_days,0.8767309763631924,20260926
2025-07-01,weekly_c5,profile_weekly_direct_mean,all,0.8486995482597742,20260926
2025-07-01,weekly_c5,profile_weekly_direct_mean,last_7_days,0.8771216367367057,20260926
2025-07-01,weekly_c5,v8_direct,all,0.8510070690283139,20260926
2025-07-01,weekly_c5,v8_direct,last_7_days,0.8774259565251306,20260926
2025-07-01,weekly_c5,v8_step1,all,0.8514805093286598,20260926
2025-07-01,weekly_c5,v8_step1,last_7_days,0.875081121555889,20260926
2025-07-01,weekly_c5,v8_step3,all,0.8514951079660422,20260926
2025-07-01,weekly_c5,v8_step3,last_7_days,0.8749538081694924,20260926
2025-07-01,weekly_c5,v8_step7,all,0.8514775910577179,20260926
2025-07-01,weekly_c5,v8_step7,last_7_days,0.8745732948310059,20260926
2025-07-01,weekly_c5,v8_all_paths_mean,all,0.8515736907510414,20260926
2025-07-01,weekly_c5,v8_all_paths_mean,last_7_days,0.8755166998298834,20260926
2025-07-01,weekly_c5,v8_weekly_direct_mean,all,0.8515350617084897,20260926
2025-07-01,weekly_c5,v8_weekly_direct_mean,last_7_days,0.8760135971899569,20260926
2025-07-01,weekly_c5,incumbent_v8,all,0.8125931526633471,20260926
2025-07-01,weekly_c5,incumbent_v8,last_7_days,0.8839936886782395,20260926
2025-07-01,weekly_c5,profile_base,all,0.8094664177044861,20260926
2025-07-01,weekly_c5,profile_base,last_7_days,0.8852758335960813,20260926
2025-07-01,multi_c1,profile_direct,all,0.8394990524759529,20260926
2025-07-01,multi_c1,profile_direct,last_7_days,0.8432990656812539,20260926
2025-07-01,multi_c1,profile_step1,all,0.8458682059871646,20260926
2025-07-01,multi_c1,profile_step1,last_7_days,0.8784747547172663,20260926
2025-07-01,multi_c1,profile_step3,all,0.845822605387689,20260926
2025-07-01,multi_c1,profile_step3,last_7_days,0.8782075889739105,20260926
2025-07-01,multi_c1,profile_step7,all,0.8457152133114478,20260926
2025-07-01,multi_c1,profile_step7,last_7_days,0.8774249875175623,20260926
2025-07-01,multi_c1,profile_all_paths_mean,all,0.8449734934782895,20260926
2025-07-01,multi_c1,profile_all_paths_mean,last_7_days,0.8710472470659766,20260926
2025-07-01,multi_c1,profile_weekly_direct_mean,all,0.8435208040695381,20260926
2025-07-01,multi_c1,profile_weekly_direct_mean,last_7_days,0.8623601637815254,20260926
2025-07-01,multi_c1,v8_direct,all,0.8428570141279988,20260926
2025-07-01,multi_c1,v8_direct,last_7_days,0.8450799149695051,20260926
2025-07-01,multi_c1,v8_step1,all,0.8477368179634693,20260926
2025-07-01,multi_c1,v8_step1,last_7_days,0.877004075207405,20260926
2025-07-01,multi_c1,v8_step3,all,0.847727881671837,20260926
2025-07-01,multi_c1,v8_step3,last_7_days,0.8767482107473474,20260926
2025-07-01,multi_c1,v8_step7,all,0.8477063735705022,20260926
2025-07-01,multi_c1,v8_step7,last_7_days,0.8760192252575303,20260926
2025-07-01,multi_c1,v8_all_paths_mean,all,0.8472190489795287,20260926
2025-07-01,multi_c1,v8_all_paths_mean,last_7_days,0.8702650894044671,20260926
2025-07-01,multi_c1,v8_weekly_direct_mean,all,0.8461802348228739,20260926
2025-07-01,multi_c1,v8_weekly_direct_mean,last_7_days,0.862465979636639,20260926
2025-07-01,multi_c1,incumbent_v8,all,0.8125931526633471,20260926
2025-07-01,multi_c1,incumbent_v8,last_7_days,0.8839936886782395,20260926
2025-07-01,multi_c1,profile_base,all,0.8094664177044861,20260926
2025-07-01,multi_c1,profile_base,last_7_days,0.8852758335960813,20260926
2025-07-01,multi_c5,profile_direct,all,0.8477319701619542,20260926
2025-07-01,multi_c5,profile_direct,last_7_days,0.8814998568794059,20260926
2025-07-01,multi_c5,profile_step1,all,0.8489312974575038,20260926
2025-07-01,multi_c5,profile_step1,last_7_days,0.879233199433559,20260926
2025-07-01,multi_c5,profile_step3,all,0.8489456215985096,20260926
2025-07-01,multi_c5,profile_step3,last_7_days,0.8791173064544441,20260926
2025-07-01,multi_c5,profile_step7,all,0.8489268478806742,20260926
2025-07-01,multi_c5,profile_step7,last_7_days,0.8787378448224687,20260926
2025-07-01,multi_c5,profile_all_paths_mean,all,0.8488586660049208,20260926
2025-07-01,multi_c5,profile_all_paths_mean,last_7_days,0.8796742341491556,20260926
2025-07-01,multi_c5,profile_weekly_direct_mean,all,0.848634090590691,20260926
2025-07-01,multi_c5,profile_weekly_direct_mean,last_7_days,0.8801481825890421,20260926
2025-07-01,multi_c5,v8_direct,all,0.8505802159388562,20260926
2025-07-01,multi_c5,v8_direct,last_7_days,0.880422701185934,20260926
2025-07-01,multi_c5,v8_step1,all,0.8517127166588209,20260926
2025-07-01,multi_c5,v8_step1,last_7_days,0.8778358593635329,20260926
2025-07-01,multi_c5,v8_step3,all,0.8517507461433481,20260926
2025-07-01,multi_c5,v8_step3,last_7_days,0.8777319680539177,20260926
2025-07-01,multi_c5,v8_step7,all,0.8517663522142477,20260926
2025-07-01,multi_c5,v8_step7,last_7_days,0.8773899161998432,20260926
2025-07-01,multi_c5,v8_all_paths_mean,all,0.8516642873200648,20260926
2025-07-01,multi_c5,v8_all_paths_mean,last_7_days,0.8783680852134268,20260926
2025-07-01,multi_c5,v8_weekly_direct_mean,all,0.8514673893975913,20260926
2025-07-01,multi_c5,v8_weekly_direct_mean,last_7_days,0.8789403052028718,20260926
2025-07-01,multi_c5,incumbent_v8,all,0.8125931526633471,20260926
2025-07-01,multi_c5,incumbent_v8,last_7_days,0.8839936886782395,20260926
2025-07-01,multi_c5,profile_base,all,0.8094664177044861,20260926
2025-07-01,multi_c5,profile_base,last_7_days,0.8852758335960813,20260926
2025-08-01,direct,profile_direct,all,0.8045951137291734,20260926
2025-08-01,direct,profile_direct,last_7_days,0.8466393235766106,20260926
2025-08-01,direct,profile_step1,all,0.8023969981283949,20260926
2025-08-01,direct,profile_step1,last_7_days,0.8784871839992968,20260926
2025-08-01,direct,profile_step3,all,0.8025819387770775,20260926
2025-08-01,direct,profile_step3,last_7_days,0.8784284369806526,20260926
2025-08-01,direct,profile_step7,all,0.8025749805979363,20260926
2025-08-01,direct,profile_step7,last_7_days,0.8779997925322521,20260926
2025-08-01,direct,profile_all_paths_mean,all,0.8037760456121157,20260926
2025-08-01,direct,profile_all_paths_mean,last_7_days,0.873132238172132,20260926
2025-08-01,direct,profile_weekly_direct_mean,all,0.804549315236406,20260926
2025-08-01,direct,profile_weekly_direct_mean,last_7_days,0.8659309418284677,20260926
2025-08-01,direct,v8_direct,all,0.8043605246908913,20260926
2025-08-01,direct,v8_direct,last_7_days,0.8408439416579533,20260926
2025-08-01,direct,v8_step1,all,0.8015376265930771,20260926
2025-08-01,direct,v8_step1,last_7_days,0.8739827131633231,20260926
2025-08-01,direct,v8_step3,all,0.801746414818301,20260926
2025-08-01,direct,v8_step3,last_7_days,0.8739628197738334,20260926
2025-08-01,direct,v8_step7,all,0.8018465093557383,20260926
2025-08-01,direct,v8_step7,last_7_days,0.873486665731301,20260926
2025-08-01,direct,v8_all_paths_mean,all,0.8030193824148225,20260926
2025-08-01,direct,v8_all_paths_mean,last_7_days,0.8679791384865685,20260926
2025-08-01,direct,v8_weekly_direct_mean,all,0.8038972667419377,20260926
2025-08-01,direct,v8_weekly_direct_mean,last_7_days,0.8599663471274785,20260926
2025-08-01,direct,incumbent_v8,all,0.888255512005749,20260926
2025-08-01,direct,incumbent_v8,last_7_days,0.8920773070213527,20260926
2025-08-01,direct,profile_base,all,0.8819011028598891,20260926
2025-08-01,direct,profile_base,last_7_days,0.894254792114558,20260926
2025-08-01,weekly_c1,profile_direct,all,0.8262775803711301,20260926
2025-08-01,weekly_c1,profile_direct,last_7_days,0.8395055497958613,20260926
2025-08-01,weekly_c1,profile_step1,all,0.8093662811479185,20260926
2025-08-01,weekly_c1,profile_step1,last_7_days,0.8252941302059027,20260926
2025-08-01,weekly_c1,profile_step3,all,0.8090516328824234,20260926
2025-08-01,weekly_c1,profile_step3,last_7_days,0.8252036559899846,20260926
2025-08-01,weekly_c1,profile_step7,all,0.8084145660098123,20260926
2025-08-01,weekly_c1,profile_step7,last_7_days,0.8250140646827291,20260926
2025-08-01,weekly_c1,profile_all_paths_mean,all,0.8136048498322862,20260926
2025-08-01,weekly_c1,profile_all_paths_mean,last_7_days,0.8290792733205391,20260926
2025-08-01,weekly_c1,profile_weekly_direct_mean,all,0.8177940841809077,20260926
2025-08-01,weekly_c1,profile_weekly_direct_mean,last_7_days,0.8327213733875826,20260926
2025-08-01,weekly_c1,v8_direct,all,0.8296996501290017,20260926
2025-08-01,weekly_c1,v8_direct,last_7_days,0.8351781521666469,20260926
2025-08-01,weekly_c1,v8_step1,all,0.8122204775015298,20260926
2025-08-01,weekly_c1,v8_step1,last_7_days,0.8222736978803963,20260926
2025-08-01,weekly_c1,v8_step3,all,0.8118993337313984,20260926
2025-08-01,weekly_c1,v8_step3,last_7_days,0.8221711512551239,20260926
2025-08-01,weekly_c1,v8_step7,all,0.8112530217900313,20260926
2025-08-01,weekly_c1,v8_step7,last_7_days,0.8219971082502328,20260926
2025-08-01,weekly_c1,v8_all_paths_mean,all,0.8166033440754713,20260926
2025-08-01,weekly_c1,v8_all_paths_mean,last_7_days,0.8257388911090444,20260926
2025-08-01,weekly_c1,v8_weekly_direct_mean,all,0.8209531022028651,20260926
2025-08-01,weekly_c1,v8_weekly_direct_mean,last_7_days,0.8290377213414526,20260926
2025-08-01,weekly_c1,incumbent_v8,all,0.888255512005749,20260926
2025-08-01,weekly_c1,incumbent_v8,last_7_days,0.8920773070213527,20260926
2025-08-01,weekly_c1,profile_base,all,0.8819011028598891,20260926
2025-08-01,weekly_c1,profile_base,last_7_days,0.894254792114558,20260926
2025-08-01,weekly_c5,profile_direct,all,0.8539377560720756,20260926
2025-08-01,weekly_c5,profile_direct,last_7_days,0.8888656324921349,20260926
2025-08-01,weekly_c5,profile_step1,all,0.8364959950776243,20260926
2025-08-01,weekly_c5,profile_step1,last_7_days,0.8728088649829537,20260926
2025-08-01,weekly_c5,profile_step3,all,0.8363455307044662,20260926
2025-08-01,weekly_c5,profile_step3,last_7_days,0.8727695320781009,20260926
2025-08-01,weekly_c5,profile_step7,all,0.8360303313863331,20260926
2025-08-01,weekly_c5,profile_step7,last_7_days,0.8726883328249095,20260926
2025-08-01,weekly_c5,profile_all_paths_mean,all,0.8415147240894052,20260926
2025-08-01,weekly_c5,profile_all_paths_mean,last_7_days,0.8776997893927283,20260926
2025-08-01,weekly_c5,profile_weekly_direct_mean,all,0.8461233020074578,20260926
2025-08-01,weekly_c5,profile_weekly_direct_mean,last_7_days,0.8819969642531355,20260926
2025-08-01,weekly_c5,v8_direct,all,0.8561841447322109,20260926
2025-08-01,weekly_c5,v8_direct,last_7_days,0.8834637064823996,20260926
2025-08-01,weekly_c5,v8_step1,all,0.83802585333227,20260926
2025-08-01,weekly_c5,v8_step1,last_7_days,0.8676525671868157,20260926
2025-08-01,weekly_c5,v8_step3,all,0.8378644054914195,20260926
2025-08-01,weekly_c5,v8_step3,last_7_days,0.867617242276771,20260926
2025-08-01,weekly_c5,v8_step7,all,0.8375331320208753,20260926
2025-08-01,weekly_c5,v8_step7,last_7_days,0.867536518378041,20260926
2025-08-01,weekly_c5,v8_all_paths_mean,all,0.843177052294331,20260926
2025-08-01,weekly_c5,v8_all_paths_mean,last_7_days,0.872261673480254,20260926
2025-08-01,weekly_c5,v8_weekly_direct_mean,all,0.8479518665716606,20260926
2025-08-01,weekly_c5,v8_weekly_direct_mean,last_7_days,0.8764159053831436,20260926
2025-08-01,weekly_c5,incumbent_v8,all,0.888255512005749,20260926
2025-08-01,weekly_c5,incumbent_v8,last_7_days,0.8920773070213527,20260926
2025-08-01,weekly_c5,profile_base,all,0.8819011028598891,20260926
2025-08-01,weekly_c5,profile_base,last_7_days,0.894254792114558,20260926
2025-08-01,multi_c1,profile_direct,all,0.8256940496919714,20260926
2025-08-01,multi_c1,profile_direct,last_7_days,0.8407314356257551,20260926
2025-08-01,multi_c1,profile_step1,all,0.8063845844154549,20260926
2025-08-01,multi_c1,profile_step1,last_7_days,0.821009233533991,20260926
2025-08-01,multi_c1,profile_step3,all,0.8061087087690768,20260926
2025-08-01,multi_c1,profile_step3,last_7_days,0.8210656139393481,20260926
2025-08-01,multi_c1,profile_step7,all,0.8055241965147913,20260926
2025-08-01,multi_c1,profile_step7,last_7_days,0.8211498963156895,20260926
2025-08-01,multi_c1,profile_all_paths_mean,all,0.8112895644652969,20260926
2025-08-01,multi_c1,profile_all_paths_mean,last_7_days,0.8263583032230462,20260926
2025-08-01,multi_c1,profile_weekly_direct_mean,all,0.8161006575773737,20260926
2025-08-01,multi_c1,profile_weekly_direct_mean,last_7_days,0.8314620824155381,20260926
2025-08-01,multi_c1,v8_direct,all,0.8289466947475881,20260926
2025-08-01,multi_c1,v8_direct,last_7_days,0.8363897174529002,20260926
2025-08-01,multi_c1,v8_step1,all,0.8092372330029307,20260926
2025-08-01,multi_c1,v8_step1,last_7_days,0.8180950302559706,20260926
2025-08-01,multi_c1,v8_step3,all,0.8089510960156736,20260926
2025-08-01,multi_c1,v8_step3,last_7_days,0.8181268379063017,20260926
2025-08-01,multi_c1,v8_step7,all,0.8083496021400847,20260926
2025-08-01,multi_c1,v8_step7,last_7_days,0.8182024501113928,20260926
2025-08-01,multi_c1,v8_all_paths_mean,all,0.814238690172109,20260926
2025-08-01,multi_c1,v8_all_paths_mean,last_7_days,0.8230668935280246,20260926
2025-08-01,multi_c1,v8_weekly_direct_mean,all,0.8191680678802824,20260926
2025-08-01,multi_c1,v8_weekly_direct_mean,last_7_days,0.8278377107540302,20260926
2025-08-01,multi_c1,incumbent_v8,all,0.888255512005749,20260926
2025-08-01,multi_c1,incumbent_v8,last_7_days,0.8920773070213527,20260926
2025-08-01,multi_c1,profile_base,all,0.8819011028598891,20260926
2025-08-01,multi_c1,profile_base,last_7_days,0.894254792114558,20260926
2025-08-01,multi_c5,profile_direct,all,0.854068392571871,20260926
2025-08-01,multi_c5,profile_direct,last_7_days,0.8897999134350769,20260926
2025-08-01,multi_c5,profile_step1,all,0.8368404260420623,20260926
2025-08-01,multi_c5,profile_step1,last_7_days,0.8746482035026726,20260926
2025-08-01,multi_c5,profile_step3,all,0.836658269664983,20260926
2025-08-01,multi_c5,profile_step3,last_7_days,0.8746103588406268,20260926
2025-08-01,multi_c5,profile_step7,all,0.8362759329728017,20260926
2025-08-01,multi_c5,profile_step7,last_7_days,0.874530989747357,20260926
2025-08-01,multi_c5,profile_all_paths_mean,all,0.8418170515815963,20260926
2025-08-01,multi_c5,profile_all_paths_mean,last_7_days,0.8793798834345623,20260926
2025-08-01,multi_c5,profile_weekly_direct_mean,all,0.8463729020704586,20260926
2025-08-01,multi_c5,profile_weekly_direct_mean,last_7_days,0.8834164884158117,20260926
2025-08-01,multi_c5,v8_direct,all,0.8561765132534861,20260926
2025-08-01,multi_c5,v8_direct,last_7_days,0.8845890749331691,20260926
2025-08-01,multi_c5,v8_step1,all,0.8382293216211314,20260926
2025-08-01,multi_c5,v8_step1,last_7_days,0.8693839971309304,20260926
2025-08-01,multi_c5,v8_step3,all,0.8380375801650751,20260926
2025-08-01,multi_c5,v8_step3,last_7_days,0.8693541096828458,20260926
2025-08-01,multi_c5,v8_step7,all,0.8376380176783187,20260926
2025-08-01,multi_c5,v8_step7,last_7_days,0.8692694265467051,20260926
2025-08-01,multi_c5,v8_all_paths_mean,all,0.8433332121075822,20260926
2025-08-01,multi_c5,v8_all_paths_mean,last_7_days,0.8738589680898566,20260926
2025-08-01,multi_c5,v8_weekly_direct_mean,all,0.8480418417002236,20260926
2025-08-01,multi_c5,v8_weekly_direct_mean,last_7_days,0.8778568230403611,20260926
2025-08-01,multi_c5,incumbent_v8,all,0.888255512005749,20260926
2025-08-01,multi_c5,incumbent_v8,last_7_days,0.8920773070213527,20260926
2025-08-01,multi_c5,profile_base,all,0.8819011028598891,20260926
2025-08-01,multi_c5,profile_base,last_7_days,0.894254792114558,20260926
2025-09-01,direct,profile_direct,all,0.8891745745454078,20260926
2025-09-01,direct,profile_direct,last_7_days,0.8900804463424071,20260926
2025-09-01,direct,profile_step1,all,0.898684144392397,20260926
2025-09-01,direct,profile_step1,last_7_days,0.8947954364177243,20260926
2025-09-01,direct,profile_step3,all,0.8987612297604872,20260926
2025-09-01,direct,profile_step3,last_7_days,0.895429352213881,20260926
2025-09-01,direct,profile_step7,all,0.8985121910377601,20260926
2025-09-01,direct,profile_step7,last_7_days,0.8943146470046867,20260926
2025-09-01,direct,profile_all_paths_mean,all,0.9023072074670806,20260926
2025-09-01,direct,profile_all_paths_mean,last_7_days,0.9054809496648688,20260926
2025-09-01,direct,profile_weekly_direct_mean,all,0.9020495845118711,20260926
2025-09-01,direct,profile_weekly_direct_mean,last_7_days,0.9085772686363089,20260926
2025-09-01,direct,v8_direct,all,0.8783324162293215,20260926
2025-09-01,direct,v8_direct,last_7_days,0.8878891866263878,20260926
2025-09-01,direct,v8_step1,all,0.8926658394617397,20260926
2025-09-01,direct,v8_step1,last_7_days,0.8943738983834487,20260926
2025-09-01,direct,v8_step3,all,0.8927666755559089,20260926
2025-09-01,direct,v8_step3,last_7_days,0.8948270813965877,20260926
2025-09-01,direct,v8_step7,all,0.8928910844965092,20260926
2025-09-01,direct,v8_step7,last_7_days,0.8945727251335973,20260926
2025-09-01,direct,v8_all_paths_mean,all,0.8949348657502689,20260926
2025-09-01,direct,v8_all_paths_mean,last_7_days,0.9048888399619217,20260926
2025-09-01,direct,v8_weekly_direct_mean,all,0.8933220504172578,20260926
2025-09-01,direct,v8_weekly_direct_mean,last_7_days,0.9072832373756833,20260926
2025-09-01,direct,incumbent_v8,all,0.9057135812643662,20260926
2025-09-01,direct,incumbent_v8,last_7_days,0.9131355528986352,20260926
2025-09-01,direct,profile_base,all,0.9049535151232756,20260926
2025-09-01,direct,profile_base,last_7_days,0.9061875251882813,20260926
2025-09-01,weekly_c1,profile_direct,all,0.8901841440500154,20260926
2025-09-01,weekly_c1,profile_direct,last_7_days,0.8898474488419318,20260926
2025-09-01,weekly_c1,profile_step1,all,0.8963620246934778,20260926
2025-09-01,weekly_c1,profile_step1,last_7_days,0.9060795147078833,20260926
2025-09-01,weekly_c1,profile_step3,all,0.8960609636547452,20260926
2025-09-01,weekly_c1,profile_step3,last_7_days,0.9056708059093639,20260926
2025-09-01,weekly_c1,profile_step7,all,0.8954080992150195,20260926
2025-09-01,weekly_c1,profile_step7,last_7_days,0.904273435862081,20260926
2025-09-01,weekly_c1,profile_all_paths_mean,all,0.8952608734542886,20260926
2025-09-01,weekly_c1,profile_all_paths_mean,last_7_days,0.9027270953469164,20260926
2025-09-01,weekly_c1,profile_weekly_direct_mean,all,0.893686222164763,20260926
2025-09-01,weekly_c1,profile_weekly_direct_mean,last_7_days,0.8984672194887637,20260926
2025-09-01,weekly_c1,v8_direct,all,0.8804149739506635,20260926
2025-09-01,weekly_c1,v8_direct,last_7_days,0.8874377398896489,20260926
2025-09-01,weekly_c1,v8_step1,all,0.8869269629229662,20260926
2025-09-01,weekly_c1,v8_step1,last_7_days,0.9043748566800507,20260926
2025-09-01,weekly_c1,v8_step3,all,0.8865439586541186,20260926
2025-09-01,weekly_c1,v8_step3,last_7_days,0.9038159404855607,20260926
2025-09-01,weekly_c1,v8_step7,all,0.8858942149367529,20260926
2025-09-01,weekly_c1,v8_step7,last_7_days,0.9028040069455093,20260926
2025-09-01,weekly_c1,v8_all_paths_mean,all,0.8855637030278722,20260926
2025-09-01,weekly_c1,v8_all_paths_mean,last_7_days,0.9009682738911434,20260926
2025-09-01,weekly_c1,v8_weekly_direct_mean,all,0.8839306321222788,20260926
2025-09-01,weekly_c1,v8_weekly_direct_mean,last_7_days,0.896781132952672,20260926
2025-09-01,weekly_c1,incumbent_v8,all,0.9057135812643662,20260926
2025-09-01,weekly_c1,incumbent_v8,last_7_days,0.9131355528986352,20260926
2025-09-01,weekly_c1,profile_base,all,0.9049535151232756,20260926
2025-09-01,weekly_c1,profile_base,last_7_days,0.9061875251882813,20260926
2025-09-01,weekly_c5,profile_direct,all,0.9044330858595792,20260926
2025-09-01,weekly_c5,profile_direct,last_7_days,0.9057265753543322,20260926
2025-09-01,weekly_c5,profile_step1,all,0.9000322936966995,20260926
2025-09-01,weekly_c5,profile_step1,last_7_days,0.9007693403321275,20260926
2025-09-01,weekly_c5,profile_step3,all,0.9001055058879739,20260926
2025-09-01,weekly_c5,profile_step3,last_7_days,0.9008992670544501,20260926
2025-09-01,weekly_c5,profile_step7,all,0.9002617166228801,20260926
2025-09-01,weekly_c5,profile_step7,last_7_days,0.9010703960240918,20260926
2025-09-01,weekly_c5,profile_all_paths_mean,all,0.9020359171896543,20260926
2025-09-01,weekly_c5,profile_all_paths_mean,last_7_days,0.9028500322555489,20260926
2025-09-01,weekly_c5,profile_weekly_direct_mean,all,0.9034776299179313,20260926
2025-09-01,weekly_c5,profile_weekly_direct_mean,last_7_days,0.9042530740539846,20260926
2025-09-01,weekly_c5,v8_direct,all,0.9019329301602583,20260926
2025-09-01,weekly_c5,v8_direct,last_7_days,0.9096074983749183,20260926
2025-09-01,weekly_c5,v8_step1,all,0.8996006400925609,20260926
2025-09-01,weekly_c5,v8_step1,last_7_days,0.9048671583748024,20260926
2025-09-01,weekly_c5,v8_step3,all,0.8996281980892804,20260926
2025-09-01,weekly_c5,v8_step3,last_7_days,0.9049271541175165,20260926
2025-09-01,weekly_c5,v8_step7,all,0.8997403609376518,20260926
2025-09-01,weekly_c5,v8_step7,last_7_days,0.9051023819442476,20260926
2025-09-01,weekly_c5,v8_all_paths_mean,all,0.9010098916829651,20260926
2025-09-01,weekly_c5,v8_all_paths_mean,last_7_days,0.906728941804438,20260926
2025-09-01,weekly_c5,v8_weekly_direct_mean,all,0.9018385458764455,20260926
2025-09-01,weekly_c5,v8_weekly_direct_mean,last_7_days,0.9081709567627005,20260926
2025-09-01,weekly_c5,incumbent_v8,all,0.9057135812643662,20260926
2025-09-01,weekly_c5,incumbent_v8,last_7_days,0.9131355528986352,20260926
2025-09-01,weekly_c5,profile_base,all,0.9049535151232756,20260926
2025-09-01,weekly_c5,profile_base,last_7_days,0.9061875251882813,20260926
2025-09-01,multi_c1,profile_direct,all,0.8838715684302789,20260926
2025-09-01,multi_c1,profile_direct,last_7_days,0.8807990806309758,20260926
2025-09-01,multi_c1,profile_step1,all,0.8967275237237231,20260926
2025-09-01,multi_c1,profile_step1,last_7_days,0.9069007674246088,20260926
2025-09-01,multi_c1,profile_step3,all,0.8963991482918008,20260926
2025-09-01,multi_c1,profile_step3,last_7_days,0.9065142867005829,20260926
2025-09-01,multi_c1,profile_step7,all,0.8956656522823483,20260926
2025-09-01,multi_c1,profile_step7,last_7_days,0.9050844074189363,20260926
2025-09-01,multi_c1,profile_all_paths_mean,all,0.8944105209140045,20260926
2025-09-01,multi_c1,profile_all_paths_mean,last_7_days,0.90214558858754,20260926
2025-09-01,multi_c1,profile_weekly_direct_mean,all,0.8912778632931763,20260926
2025-09-01,multi_c1,profile_weekly_direct_mean,last_7_days,0.895691329957632,20260926
2025-09-01,multi_c1,v8_direct,all,0.8738170117406155,20260926
2025-09-01,multi_c1,v8_direct,last_7_days,0.8777515624300312,20260926
2025-09-01,multi_c1,v8_step1,all,0.8877640861628902,20260926
2025-09-01,multi_c1,v8_step1,last_7_days,0.9056533300907421,20260926
2025-09-01,multi_c1,v8_step3,all,0.887347264855979,20260926
2025-09-01,multi_c1,v8_step3,last_7_days,0.9051041216668078,20260926
2025-09-01,multi_c1,v8_step7,all,0.886634173565485,20260926
2025-09-01,multi_c1,v8_step7,last_7_days,0.9041380026364588,20260926
2025-09-01,multi_c1,v8_all_paths_mean,all,0.8850160400939527,20260926
2025-09-01,multi_c1,v8_all_paths_mean,last_7_days,0.9007567455602081,20260926
2025-09-01,multi_c1,v8_weekly_direct_mean,all,0.88161443087569,20260926
2025-09-01,multi_c1,v8_weekly_direct_mean,last_7_days,0.8940603129465458,20260926
2025-09-01,multi_c1,incumbent_v8,all,0.9057135812643662,20260926
2025-09-01,multi_c1,incumbent_v8,last_7_days,0.9131355528986352,20260926
2025-09-01,multi_c1,profile_base,all,0.9049535151232756,20260926
2025-09-01,multi_c1,profile_base,last_7_days,0.9061875251882813,20260926
2025-09-01,multi_c5,profile_direct,all,0.9039696065681349,20260926
2025-09-01,multi_c5,profile_direct,last_7_days,0.9047606247717006,20260926
2025-09-01,multi_c5,profile_step1,all,0.8996050475588342,20260926
2025-09-01,multi_c5,profile_step1,last_7_days,0.8998830798504766,20260926
2025-09-01,multi_c5,profile_step3,all,0.8996544449530512,20260926
2025-09-01,multi_c5,profile_step3,last_7_days,0.8999930177557944,20260926
2025-09-01,multi_c5,profile_step7,all,0.899789503486413,20260926
2025-09-01,multi_c5,profile_step7,last_7_days,0.9001103887577311,20260926
2025-09-01,multi_c5,profile_all_paths_mean,all,0.9014564090923807,20260926
2025-09-01,multi_c5,profile_all_paths_mean,last_7_days,0.9017213962982628,20260926
2025-09-01,multi_c5,profile_weekly_direct_mean,all,0.9028292529696461,20260926
2025-09-01,multi_c5,profile_weekly_direct_mean,last_7_days,0.903033994691494,20260926
2025-09-01,multi_c5,v8_direct,all,0.9015101285690025,20260926
2025-09-01,multi_c5,v8_direct,last_7_days,0.9085661380909934,20260926
2025-09-01,multi_c5,v8_step1,all,0.8987895677476897,20260926
2025-09-01,multi_c5,v8_step1,last_7_days,0.903700119966767,20260926
2025-09-01,multi_c5,v8_step3,all,0.8987929686248309,20260926
2025-09-01,multi_c5,v8_step3,last_7_days,0.9037424836886815,20260926
2025-09-01,multi_c5,v8_step7,all,0.8988719358043243,20260926
2025-09-01,multi_c5,v8_step7,last_7_days,0.9038874923670889,20260926
2025-09-01,multi_c5,v8_all_paths_mean,all,0.9001787757220284,20260926
2025-09-01,multi_c5,v8_all_paths_mean,last_7_days,0.9054260574881824,20260926
2025-09-01,multi_c5,v8_weekly_direct_mean,all,0.9010610442059104,20260926
2025-09-01,multi_c5,v8_weekly_direct_mean,last_7_days,0.9067878360275627,20260926
2025-09-01,multi_c5,incumbent_v8,all,0.9057135812643662,20260926
2025-09-01,multi_c5,incumbent_v8,last_7_days,0.9131355528986352,20260926
2025-09-01,multi_c5,profile_base,all,0.9049535151232756,20260926
2025-09-01,multi_c5,profile_base,last_7_days,0.9061875251882813,20260926
2025-10-01,direct,profile_direct,all,0.8934328984145823,20260926
2025-10-01,direct,profile_direct,last_7_days,0.8661843184730613,20260926
2025-10-01,direct,profile_step1,all,0.900760705504491,20260926
2025-10-01,direct,profile_step1,last_7_days,0.8971549141915669,20260926
2025-10-01,direct,profile_step3,all,0.9008107217787865,20260926
2025-10-01,direct,profile_step3,last_7_days,0.8974795121530287,20260926
2025-10-01,direct,profile_step7,all,0.9010959351940302,20260926
2025-10-01,direct,profile_step7,last_7_days,0.8975868924550745,20260926
2025-10-01,direct,profile_all_paths_mean,all,0.9016068989018797,20260926
2025-10-01,direct,profile_all_paths_mean,last_7_days,0.8931865131514525,20260926
2025-10-01,direct,profile_weekly_direct_mean,all,0.9005447486910952,20260926
2025-10-01,direct,profile_weekly_direct_mean,last_7_days,0.8863553461780385,20260926
2025-10-01,direct,v8_direct,all,0.8891835929743749,20260926
2025-10-01,direct,v8_direct,last_7_days,0.8656872360629336,20260926
2025-10-01,direct,v8_step1,all,0.9002932893904632,20260926
2025-10-01,direct,v8_step1,last_7_days,0.8980483670556312,20260926
2025-10-01,direct,v8_step3,all,0.9002949459586906,20260926
2025-10-01,direct,v8_step3,last_7_days,0.8980947888451846,20260926
2025-10-01,direct,v8_step7,all,0.9004284304700283,20260926
2025-10-01,direct,v8_step7,last_7_days,0.8982168680335577,20260926
2025-10-01,direct,v8_all_paths_mean,all,0.9003069124695368,20260926
2025-10-01,direct,v8_all_paths_mean,last_7_days,0.8939871785347633,20260926
2025-10-01,direct,v8_weekly_direct_mean,all,0.898405543853996,20260926
2025-10-01,direct,v8_weekly_direct_mean,last_7_days,0.8869456437966501,20260926
2025-10-01,direct,incumbent_v8,all,0.9121638690046335,20260926
2025-10-01,direct,incumbent_v8,last_7_days,0.9124615630258951,20260926
2025-10-01,direct,profile_base,all,0.9035201024516019,20260926
2025-10-01,direct,profile_base,last_7_days,0.9033627105569942,20260926
2025-10-01,weekly_c1,profile_direct,all,0.901895914556319,20260926
2025-10-01,weekly_c1,profile_direct,last_7_days,0.8884613226702245,20260926
2025-10-01,weekly_c1,profile_step1,all,0.904187583557303,20260926
2025-10-01,weekly_c1,profile_step1,last_7_days,0.8974222652167742,20260926
2025-10-01,weekly_c1,profile_step3,all,0.9038445507014436,20260926
2025-10-01,weekly_c1,profile_step3,last_7_days,0.8967330450516162,20260926
2025-10-01,weekly_c1,profile_step7,all,0.9032725846129263,20260926
2025-10-01,weekly_c1,profile_step7,last_7_days,0.8952538317339198,20260926
2025-10-01,weekly_c1,profile_all_paths_mean,all,0.9037177349536292,20260926
2025-10-01,weekly_c1,profile_all_paths_mean,last_7_days,0.8947596924894516,20260926
2025-10-01,weekly_c1,profile_weekly_direct_mean,all,0.9031670679504561,20260926
2025-10-01,weekly_c1,profile_weekly_direct_mean,last_7_days,0.8922020712401939,20260926
2025-10-01,weekly_c1,v8_direct,all,0.9015812978585498,20260926
2025-10-01,weekly_c1,v8_direct,last_7_days,0.8903926654098664,20260926
2025-10-01,weekly_c1,v8_step1,all,0.9024139431166905,20260926
2025-10-01,weekly_c1,v8_step1,last_7_days,0.8976974727414859,20260926
2025-10-01,weekly_c1,v8_step3,all,0.9020097475047043,20260926
2025-10-01,weekly_c1,v8_step3,last_7_days,0.8969899616452643,20260926
2025-10-01,weekly_c1,v8_step7,all,0.901362934588033,20260926
2025-10-01,weekly_c1,v8_step7,last_7_days,0.8958128467750386,20260926
2025-10-01,weekly_c1,v8_all_paths_mean,all,0.902281620324864,20260926
2025-10-01,weekly_c1,v8_all_paths_mean,last_7_days,0.8956037427602488,20260926
2025-10-01,weekly_c1,v8_weekly_direct_mean,all,0.9020528508721771,20260926
2025-10-01,weekly_c1,v8_weekly_direct_mean,last_7_days,0.8934652512267943,20260926
2025-10-01,weekly_c1,incumbent_v8,all,0.9121638690046335,20260926
2025-10-01,weekly_c1,incumbent_v8,last_7_days,0.9124615630258951,20260926
2025-10-01,weekly_c1,profile_base,all,0.9035201024516019,20260926
2025-10-01,weekly_c1,profile_base,last_7_days,0.9033627105569942,20260926
2025-10-01,weekly_c5,profile_direct,all,0.9058332095534078,20260926
2025-10-01,weekly_c5,profile_direct,last_7_days,0.904925110561819,20260926
2025-10-01,weekly_c5,profile_step1,all,0.9074047883918666,20260926
2025-10-01,weekly_c5,profile_step1,last_7_days,0.9051079095729165,20260926
2025-10-01,weekly_c5,profile_step3,all,0.9074283930312681,20260926
2025-10-01,weekly_c5,profile_step3,last_7_days,0.9051222115230776,20260926
2025-10-01,weekly_c5,profile_step7,all,0.907461500227686,20260926
2025-10-01,weekly_c5,profile_step7,last_7_days,0.9051350449976238,20260926
2025-10-01,weekly_c5,profile_all_paths_mean,all,0.9072305343307481,20260926
2025-10-01,weekly_c5,profile_all_paths_mean,last_7_days,0.905080968381459,20260926
2025-10-01,weekly_c5,profile_weekly_direct_mean,all,0.9069281301634278,20260926
2025-10-01,weekly_c5,profile_weekly_direct_mean,last_7_days,0.9050429309513203,20260926
2025-10-01,weekly_c5,v8_direct,all,0.9125346251075637,20260926
2025-10-01,weekly_c5,v8_direct,last_7_days,0.9125673217482974,20260926
2025-10-01,weekly_c5,v8_step1,all,0.9128847027181303,20260926
2025-10-01,weekly_c5,v8_step1,last_7_days,0.912623476473419,20260926
2025-10-01,weekly_c5,v8_step3,all,0.9128879732307387,20260926
2025-10-01,weekly_c5,v8_step3,last_7_days,0.9126055531696765,20260926
2025-10-01,weekly_c5,v8_step7,all,0.9129119266591499,20260926
2025-10-01,weekly_c5,v8_step7,last_7_days,0.9126800418586796,20260926
2025-10-01,weekly_c5,v8_all_paths_mean,all,0.9131212356762435,20260926
2025-10-01,weekly_c5,v8_all_paths_mean,last_7_days,0.912624149193381,20260926
2025-10-01,weekly_c5,v8_weekly_direct_mean,all,0.9131592978795751,20260926
2025-10-01,weekly_c5,v8_weekly_direct_mean,last_7_days,0.9126324350879744,20260926
2025-10-01,weekly_c5,incumbent_v8,all,0.9121638690046335,20260926
2025-10-01,weekly_c5,incumbent_v8,last_7_days,0.9124615630258951,20260926
2025-10-01,weekly_c5,profile_base,all,0.9035201024516019,20260926
2025-10-01,weekly_c5,profile_base,last_7_days,0.9033627105569942,20260926
2025-10-01,multi_c1,profile_direct,all,0.9008460982354937,20260926
2025-10-01,multi_c1,profile_direct,last_7_days,0.8872854579937595,20260926
2025-10-01,multi_c1,profile_step1,all,0.9026918111480857,20260926
2025-10-01,multi_c1,profile_step1,last_7_days,0.8948145510786079,20260926
2025-10-01,multi_c1,profile_step3,all,0.9023241583358459,20260926
2025-10-01,multi_c1,profile_step3,last_7_days,0.8940977128390745,20260926
2025-10-01,multi_c1,profile_step7,all,0.9017631906939833,20260926
2025-10-01,multi_c1,profile_step7,last_7_days,0.8926793998896481,20260926
2025-10-01,multi_c1,profile_all_paths_mean,all,0.9023253014980926,20260926
2025-10-01,multi_c1,profile_all_paths_mean,last_7_days,0.8925074205698209,20260926
2025-10-01,multi_c1,profile_weekly_direct_mean,all,0.9018909920895564,20260926
2025-10-01,multi_c1,profile_weekly_direct_mean,last_7_days,0.8903586752697091,20260926
2025-10-01,multi_c1,v8_direct,all,0.9002387822482197,20260926
2025-10-01,multi_c1,v8_direct,last_7_days,0.8890501663608168,20260926
2025-10-01,multi_c1,v8_step1,all,0.9006384642935867,20260926
2025-10-01,multi_c1,v8_step1,last_7_days,0.895239765487646,20260926
2025-10-01,multi_c1,v8_step3,all,0.9002287928365332,20260926
2025-10-01,multi_c1,v8_step3,last_7_days,0.8945033140836428,20260926
2025-10-01,multi_c1,v8_step7,all,0.8995472319621527,20260926
2025-10-01,multi_c1,v8_step7,last_7_days,0.8932542732210921,20260926
2025-10-01,multi_c1,v8_all_paths_mean,all,0.9005812865817939,20260926
2025-10-01,multi_c1,v8_all_paths_mean,last_7_days,0.8933201899463098,20260926
2025-10-01,multi_c1,v8_weekly_direct_mean,all,0.9004770214803922,20260926
2025-10-01,multi_c1,v8_weekly_direct_mean,last_7_days,0.891476917676547,20260926
2025-10-01,multi_c1,incumbent_v8,all,0.9121638690046335,20260926
2025-10-01,multi_c1,incumbent_v8,last_7_days,0.9124615630258951,20260926
2025-10-01,multi_c1,profile_base,all,0.9035201024516019,20260926
2025-10-01,multi_c1,profile_base,last_7_days,0.9033627105569942,20260926
2025-10-01,multi_c5,profile_direct,all,0.9056768552677122,20260926
2025-10-01,multi_c5,profile_direct,last_7_days,0.9045848712400631,20260926
2025-10-01,multi_c5,profile_step1,all,0.9072723954598467,20260926
2025-10-01,multi_c5,profile_step1,last_7_days,0.9045905842214926,20260926
2025-10-01,multi_c5,profile_step3,all,0.9072777245336455,20260926
2025-10-01,multi_c5,profile_step3,last_7_days,0.9045873579801053,20260926
2025-10-01,multi_c5,profile_step7,all,0.9072887676120227,20260926
2025-10-01,multi_c5,profile_step7,last_7_days,0.9045853360179695,20260926
2025-10-01,multi_c5,profile_all_paths_mean,all,0.9070747858271192,20260926
2025-10-01,multi_c5,profile_all_paths_mean,last_7_days,0.9045941763364579,20260926
2025-10-01,multi_c5,profile_weekly_direct_mean,all,0.9067684409886607,20260926
2025-10-01,multi_c5,profile_weekly_direct_mean,last_7_days,0.9045966072445547,20260926
2025-10-01,multi_c5,v8_direct,all,0.9122955714275791,20260926
2025-10-01,multi_c5,v8_direct,last_7_days,0.912204793613644,20260926
2025-10-01,multi_c5,v8_step1,all,0.9125758767919179,20260926
2025-10-01,multi_c5,v8_step1,last_7_days,0.9121159993265358,20260926
2025-10-01,multi_c5,v8_step3,all,0.9125656846984909,20260926
2025-10-01,multi_c5,v8_step3,last_7_days,0.9120858819803878,20260926
2025-10-01,multi_c5,v8_step7,all,0.9125550489755925,20260926
2025-10-01,multi_c5,v8_step7,last_7_days,0.9121143818826456,20260926
2025-10-01,multi_c5,v8_all_paths_mean,all,0.912816191788997,20260926
2025-10-01,multi_c5,v8_all_paths_mean,last_7_days,0.912138990594559,20260926
2025-10-01,multi_c5,v8_weekly_direct_mean,all,0.9128668556060064,20260926
2025-10-01,multi_c5,v8_weekly_direct_mean,last_7_days,0.9121753857207797,20260926
2025-10-01,multi_c5,incumbent_v8,all,0.9121638690046335,20260926
2025-10-01,multi_c5,incumbent_v8,last_7_days,0.9124615630258951,20260926
2025-10-01,multi_c5,profile_base,all,0.9035201024516019,20260926
2025-10-01,multi_c5,profile_base,last_7_days,0.9033627105569942,20260926
