origin,model,part,score
2025-07-01,daily_network,all,0.8424656913390819
2025-07-01,daily_network,first_7_days,0.8888768115228242
2025-07-01,daily_network,days_8_28,0.8098372586227549
2025-07-01,daily_network,days_29_61,0.8520036067523753
2025-07-01,daily_network,last_7_days,0.8775255746505752
2025-07-01,weekly_network,all,0.8462117896464132
2025-07-01,weekly_network,first_7_days,0.9018477919226736
2025-07-01,weekly_network,days_8_28,0.8070617568826456
2025-07-01,weekly_network,days_29_61,0.8576677492176077
2025-07-01,weekly_network,last_7_days,0.8884655864724814
2025-07-01,daily_weekly_ensemble,all,0.8457718877335751
2025-07-01,daily_weekly_ensemble,first_7_days,0.8949751112981237
2025-07-01,daily_weekly_ensemble,days_8_28,0.8108388337540753
2025-07-01,daily_weekly_ensemble,days_29_61,0.8560934233010913
2025-07-01,daily_weekly_ensemble,last_7_days,0.8834092734846108
2025-07-01,v8,all,0.8125931526633471
2025-07-01,v8,first_7_days,0.8893315191719904
2025-07-01,v8,days_8_28,0.7695281823559743
2025-07-01,v8,days_29_61,0.8216798844231347
2025-07-01,v8,last_7_days,0.8839936886782395
2025-07-01,v13,all,0.8527981697289655
2025-07-01,v13,first_7_days,0.8993775822743267
2025-07-01,v13,days_8_28,0.8220173864101541
2025-07-01,v13,days_29_61,0.8611634483924362
2025-07-01,v13,last_7_days,0.8781958580338995
2025-08-01,daily_network,all,0.8631140355503772
2025-08-01,daily_network,first_7_days,0.880856490022514
2025-08-01,daily_network,days_8_28,0.8361871948990152
2025-08-01,daily_network,days_29_61,0.8748791007353186
2025-08-01,daily_network,last_7_days,0.8833030205145992
2025-08-01,weekly_network,all,0.8411671299600869
2025-08-01,weekly_network,first_7_days,0.8848198437365967
2025-08-01,weekly_network,days_8_28,0.8279478270236251
2025-08-01,weekly_network,days_29_61,0.8408209105796705
2025-08-01,weekly_network,last_7_days,0.8531039925376838
2025-08-01,daily_weekly_ensemble,all,0.8666418266876209
2025-08-01,daily_weekly_ensemble,first_7_days,0.886338224928437
2025-08-01,daily_weekly_ensemble,days_8_28,0.8374109050711328
2025-08-01,daily_weekly_ensemble,days_29_61,0.8793372606633882
2025-08-01,daily_weekly_ensemble,last_7_days,0.886995946803101
2025-08-01,v8,all,0.888255512005749
2025-08-01,v8,first_7_days,0.893049156398207
2025-08-01,v8,days_8_28,0.8900578624704318
2025-08-01,v8,days_29_61,0.8864200705847922
2025-08-01,v8,last_7_days,0.8920773070213527
2025-08-01,v13,all,0.8479834514117719
2025-08-01,v13,first_7_days,0.845893991666296
2025-08-01,v13,days_8_28,0.8150007259710623
2025-08-01,v13,days_29_61,0.8665682804029895
2025-08-01,v13,last_7_days,0.8744932242374317
2025-09-01,daily_network,all,0.8331480365865676
2025-09-01,daily_network,first_7_days,0.8337183944926907
2025-09-01,daily_network,days_8_28,0.8145505109342845
2025-09-01,daily_network,days_29_61,0.8441877775702404
2025-09-01,daily_network,last_7_days,0.8333205903803748
2025-09-01,weekly_network,all,0.85885556579124
2025-09-01,weekly_network,first_7_days,0.8192037835745606
2025-09-01,weekly_network,days_8_28,0.8580754076523566
2025-09-01,weekly_network,days_29_61,0.8672565217884567
2025-09-01,weekly_network,last_7_days,0.8568424441991848
2025-09-01,daily_weekly_ensemble,all,0.8439479761092104
2025-09-01,daily_weekly_ensemble,first_7_days,0.832650613036699
2025-09-01,daily_weekly_ensemble,days_8_28,0.8311754604878059
2025-09-01,daily_weekly_ensemble,days_29_61,0.8538685242991766
2025-09-01,daily_weekly_ensemble,last_7_days,0.8420774429974819
2025-09-01,v8,all,0.9057135812643662
2025-09-01,v8,first_7_days,0.9039973777281326
2025-09-01,v8,days_8_28,0.8976069660766017
2025-09-01,v8,days_29_61,0.9109188749400245
2025-09-01,v8,last_7_days,0.9131355528986352
2025-09-01,v13,all,0.9023771973316528
2025-09-01,v13,first_7_days,0.8922787281952712
2025-09-01,v13,days_8_28,0.8996129555223924
2025-09-01,v13,days_29_61,0.9060554307284894
2025-09-01,v13,last_7_days,0.9084557904015891
2025-10-01,daily_network,all,0.8970249306799624
2025-10-01,daily_network,first_7_days,0.9020273555925182
2025-10-01,daily_network,days_8_28,0.8950785132010014
2025-10-01,daily_network,days_29_61,0.8988198116466641
2025-10-01,daily_network,last_7_days,0.8940485134676585
2025-10-01,weekly_network,all,0.9028813861566212
2025-10-01,weekly_network,first_7_days,0.9058738779997441
2025-10-01,weekly_network,days_8_28,0.9010618718503167
2025-10-01,weekly_network,days_29_61,0.9080213046994638
2025-10-01,weekly_network,last_7_days,0.9032748727299627
2025-10-01,daily_weekly_ensemble,all,0.9018282074184466
2025-10-01,daily_weekly_ensemble,first_7_days,0.9058617715430194
2025-10-01,daily_weekly_ensemble,days_8_28,0.9001854191780745
2025-10-01,daily_weekly_ensemble,days_29_61,0.9037307034109335
2025-10-01,daily_weekly_ensemble,last_7_days,0.9003650659073986
2025-10-01,v8,all,0.9121638690046335
2025-10-01,v8,first_7_days,0.9138162732189797
2025-10-01,v8,days_8_28,0.9112913369830039
2025-10-01,v8,days_29_61,0.9141817097537518
2025-10-01,v8,last_7_days,0.9124615630258951
2025-10-01,v13,all,0.9127262411054176
2025-10-01,v13,first_7_days,0.9156660885301838
2025-10-01,v13,days_8_28,0.9118915502339617
2025-10-01,v13,days_29_61,0.9118620822697616
2025-10-01,v13,last_7_days,0.9123511759484254
