route,daytype,hour,boardings
1,0,0,0.0
1,0,1,0.0
1,0,2,0.0
1,0,3,0.0
1,0,4,9.0
1,0,5,126.0
1,0,6,490.5
1,0,7,1538.5
1,0,8,1981.5
1,0,9,1397.0
1,0,10,1269.5
1,0,11,1245.0
1,0,12,1331.5
1,0,13,1408.0
1,0,14,1370.5
1,0,15,1496.0
1,0,16,1569.5
1,0,17,1838.0
1,0,18,1941.0
1,0,19,1434.5
1,0,20,881.5
1,0,21,436.0
1,0,22,162.5
1,0,23,28.0
1,1,0,3.5
1,1,1,0.0
1,1,2,0.0
1,1,3,0.0
1,1,4,8.5
1,1,5,123.5
1,1,6,507.5
1,1,7,1580.5
1,1,8,2033.0
1,1,9,1512.0
1,1,10,1349.0
1,1,11,1312.5
1,1,12,1374.5
1,1,13,1424.5
1,1,14,1302.5
1,1,15,1436.5
1,1,16,1494.0
1,1,17,1816.0
1,1,18,1839.0
1,1,19,1454.0
1,1,20,890.0
1,1,21,487.0
1,1,22,190.5
1,1,23,38.0
1,2,0,3.0
1,2,1,0.0
1,2,2,0.0
1,2,3,0.0
1,2,4,8.5
1,2,5,136.5
1,2,6,535.5
1,2,7,1527.5
1,2,8,1982.5
1,2,9,1439.0
1,2,10,1313.0
1,2,11,1288.0
1,2,12,1345.5
1,2,13,1415.0
1,2,14,1328.0
1,2,15,1481.5
1,2,16,1474.0
1,2,17,1780.5
1,2,18,1815.5
1,2,19,1400.0
1,2,20,913.0
1,2,21,469.5
1,2,22,208.5
1,2,23,33.0
1,3,0,3.5
1,3,1,0.0
1,3,2,0.0
1,3,3,0.0
1,3,4,9.5
1,3,5,118.5
1,3,6,472.0
1,3,7,1538.5
1,3,8,2058.5
1,3,9,1468.5
1,3,10,1314.0
1,3,11,1301.5
1,3,12,1428.0
1,3,13,1420.5
1,3,14,1336.0
1,3,15,1485.0
1,3,16,1527.5
1,3,17,1801.0
1,3,18,1801.5
1,3,19,1351.0
1,3,20,882.0
1,3,21,452.0
1,3,22,203.5
1,3,23,32.0
1,4,0,2.5
1,4,1,0.0
1,4,2,0.0
1,4,3,0.0
1,4,4,8.5
1,4,5,143.0
1,4,6,484.0
1,4,7,1552.5
1,4,8,1855.5
1,4,9,1443.5
1,4,10,1315.5
1,4,11,1359.5
1,4,12,1353.0
1,4,13,1416.0
1,4,14,1363.0
1,4,15,1570.0
1,4,16,1657.0
1,4,17,1807.0
1,4,18,1559.5
1,4,19,1237.5
1,4,20,802.5
1,4,21,452.0
1,4,22,200.0
1,4,23,40.0
1,5,0,2.5
1,5,1,0.0
1,5,2,0.0
1,5,3,0.0
1,5,4,0.0
1,5,5,29.0
1,5,6,156.0
1,5,7,346.0
1,5,8,439.0
1,5,9,711.5
1,5,10,868.5
1,5,11,752.0
1,5,12,936.5
1,5,13,1024.0
1,5,14,943.5
1,5,15,767.0
1,5,16,770.0
1,5,17,710.5
1,5,18,603.0
1,5,19,556.0
1,5,20,404.0
1,5,21,294.5
1,5,22,117.5
1,5,23,25.0
1,6,0,0.0
1,6,1,0.0
1,6,2,0.0
1,6,3,0.0
1,6,4,0.0
1,6,5,23.5
1,6,6,123.0
1,6,7,272.5
1,6,8,365.0
1,6,9,609.0
1,6,10,696.0
1,6,11,694.5
1,6,12,778.5
1,6,13,833.0
1,6,14,758.0
1,6,15,674.0
1,6,16,632.5
1,6,17,586.5
1,6,18,544.5
1,6,19,471.0
1,6,20,334.5
1,6,21,261.5
1,6,22,101.0
1,6,23,24.5
5,0,0,0.0
5,0,1,0.0
5,0,2,0.0
5,0,3,0.0
5,0,4,0.0
5,0,5,0.0
5,0,6,0.0
5,0,7,0.0
5,0,8,0.0
5,0,9,0.0
5,0,10,0.0
5,0,11,0.0
5,0,12,0.0
5,0,13,0.0
5,0,14,0.0
5,0,15,0.0
5,0,16,0.0
5,0,17,0.0
5,0,18,0.0
5,0,19,0.0
5,0,20,0.0
5,0,21,0.0
5,0,22,0.0
5,0,23,0.0
5,1,0,0.0
5,1,1,0.0
5,1,2,0.0
5,1,3,0.0
5,1,4,0.0
5,1,5,0.0
5,1,6,0.0
5,1,7,0.0
5,1,8,0.0
5,1,9,0.0
5,1,10,0.0
5,1,11,0.0
5,1,12,0.0
5,1,13,0.0
5,1,14,0.0
5,1,15,0.0
5,1,16,0.0
5,1,17,0.0
5,1,18,0.0
5,1,19,0.0
5,1,20,0.0
5,1,21,0.0
5,1,22,0.0
5,1,23,0.0
5,2,0,0.0
5,2,1,0.0
5,2,2,0.0
5,2,3,0.0
5,2,4,0.0
5,2,5,0.0
5,2,6,0.0
5,2,7,0.0
5,2,8,0.0
5,2,9,0.0
5,2,10,0.0
5,2,11,0.0
5,2,12,0.0
5,2,13,0.0
5,2,14,0.0
5,2,15,0.0
5,2,16,0.0
5,2,17,0.0
5,2,18,0.0
5,2,19,0.0
5,2,20,0.0
5,2,21,0.0
5,2,22,0.0
5,2,23,0.0
5,3,0,0.0
5,3,1,0.0
5,3,2,0.0
5,3,3,0.0
5,3,4,0.0
5,3,5,0.0
5,3,6,0.0
5,3,7,0.0
5,3,8,0.0
5,3,9,0.0
5,3,10,0.0
5,3,11,0.0
5,3,12,0.0
5,3,13,0.0
5,3,14,0.0
5,3,15,0.0
5,3,16,0.0
5,3,17,0.0
5,3,18,0.0
5,3,19,0.0
5,3,20,0.0
5,3,21,0.0
5,3,22,0.0
5,3,23,0.0
5,4,0,0.0
5,4,1,0.0
5,4,2,0.0
5,4,3,0.0
5,4,4,0.0
5,4,5,0.0
5,4,6,0.0
5,4,7,0.0
5,4,8,0.0
5,4,9,0.0
5,4,10,0.0
5,4,11,0.0
5,4,12,0.0
5,4,13,0.0
5,4,14,0.0
5,4,15,0.0
5,4,16,0.0
5,4,17,0.0
5,4,18,0.0
5,4,19,0.0
5,4,20,0.0
5,4,21,0.0
5,4,22,0.0
5,4,23,0.0
5,5,0,0.0
5,5,1,0.0
5,5,2,0.0
5,5,3,0.0
5,5,4,0.0
5,5,5,0.0
5,5,6,0.0
5,5,7,0.0
5,5,8,0.0
5,5,9,0.0
5,5,10,0.0
5,5,11,0.0
5,5,12,0.0
5,5,13,0.0
5,5,14,0.0
5,5,15,0.0
5,5,16,0.0
5,5,17,0.0
5,5,18,0.0
5,5,19,0.0
5,5,20,0.0
5,5,21,0.0
5,5,22,0.0
5,5,23,0.0
5,6,0,0.0
5,6,1,0.0
5,6,2,0.0
5,6,3,0.0
5,6,4,0.0
5,6,5,0.0
5,6,6,0.0
5,6,7,0.0
5,6,8,0.0
5,6,9,0.0
5,6,10,0.0
5,6,11,0.0
5,6,12,0.0
5,6,13,0.0
5,6,14,0.0
5,6,15,0.0
5,6,16,0.0
5,6,17,0.0
5,6,18,0.0
5,6,19,0.0
5,6,20,0.0
5,6,21,0.0
5,6,22,0.0
5,6,23,0.0
7,0,0,60.5
7,0,1,11.0
7,0,2,0.0
7,0,3,0.0
7,0,4,0.5
7,0,5,177.0
7,0,6,567.0
7,0,7,1548.0
7,0,8,2474.5
7,0,9,1688.5
7,0,10,1500.5
7,0,11,1350.0
7,0,12,1519.0
7,0,13,1551.0
7,0,14,1586.0
7,0,15,1709.0
7,0,16,1786.0
7,0,17,2294.0
7,0,18,2504.5
7,0,19,1717.0
7,0,20,1048.5
7,0,21,574.0
7,0,22,283.0
7,0,23,158.0
7,1,0,54.0
7,1,1,6.5
7,1,2,0.0
7,1,3,0.0
7,1,4,2.5
7,1,5,187.0
7,1,6,633.5
7,1,7,1669.0
7,1,8,2496.5
7,1,9,1763.5
7,1,10,1569.5
7,1,11,1547.0
7,1,12,1741.0
7,1,13,1629.5
7,1,14,1674.0
7,1,15,1892.5
7,1,16,1896.5
7,1,17,2348.5
7,1,18,2731.0
7,1,19,1816.0
7,1,20,1126.0
7,1,21,682.0
7,1,22,318.0
7,1,23,210.5
7,2,0,62.0
7,2,1,6.0
7,2,2,0.0
7,2,3,0.0
7,2,4,2.5
7,2,5,190.5
7,2,6,616.0
7,2,7,1539.5
7,2,8,2597.5
7,2,9,1800.0
7,2,10,1714.5
7,2,11,1496.5
7,2,12,1619.5
7,2,13,1520.0
7,2,14,1635.0
7,2,15,1804.0
7,2,16,1837.0
7,2,17,2401.5
7,2,18,2602.0
7,2,19,1702.0
7,2,20,1055.5
7,2,21,620.0
7,2,22,327.5
7,2,23,200.0
7,3,0,62.5
7,3,1,9.5
7,3,2,0.0
7,3,3,0.0
7,3,4,1.0
7,3,5,177.5
7,3,6,596.5
7,3,7,1591.5
7,3,8,2549.5
7,3,9,1807.0
7,3,10,1489.5
7,3,11,1489.0
7,3,12,1644.5
7,3,13,1536.0
7,3,14,1686.5
7,3,15,1695.5
7,3,16,1774.0
7,3,17,2252.0
7,3,18,2454.5
7,3,19,1584.0
7,3,20,1025.0
7,3,21,590.0
7,3,22,296.5
7,3,23,192.0
7,4,0,67.5
7,4,1,14.0
7,4,2,0.0
7,4,3,0.0
7,4,4,1.0
7,4,5,173.0
7,4,6,584.0
7,4,7,1427.5
7,4,8,2398.5
7,4,9,1720.5
7,4,10,1662.0
7,4,11,1413.5
7,4,12,1635.0
7,4,13,1649.5
7,4,14,1678.0
7,4,15,1899.0
7,4,16,1896.5
7,4,17,2135.0
7,4,18,2017.5
7,4,19,1371.0
7,4,20,986.0
7,4,21,574.0
7,4,22,313.0
7,4,23,231.5
7,5,0,105.5
7,5,1,15.5
7,5,2,0.0
7,5,3,0.0
7,5,4,0.0
7,5,5,53.0
7,5,6,229.0
7,5,7,307.0
7,5,8,681.0
7,5,9,582.0
7,5,10,534.0
7,5,11,617.5
7,5,12,836.0
7,5,13,768.0
7,5,14,791.0
7,5,15,774.5
7,5,16,745.0
7,5,17,710.0
7,5,18,722.0
7,5,19,617.0
7,5,20,439.5
7,5,21,333.0
7,5,22,186.5
7,5,23,138.5
7,6,0,93.0
7,6,1,20.5
7,6,2,0.0
7,6,3,0.0
7,6,4,0.0
7,6,5,26.0
7,6,6,136.5
7,6,7,187.0
7,6,8,381.0
7,6,9,510.0
7,6,10,392.5
7,6,11,528.0
7,6,12,664.0
7,6,13,624.5
7,6,14,685.5
7,6,15,626.0
7,6,16,583.5
7,6,17,625.0
7,6,18,653.0
7,6,19,495.0
7,6,20,405.0
7,6,21,294.0
7,6,22,165.5
7,6,23,122.0
11,0,0,69.0
11,0,1,8.5
11,0,2,0.0
11,0,3,0.0
11,0,4,0.0
11,0,5,250.5
11,0,6,1348.5
11,0,7,2461.0
11,0,8,3094.5
11,0,9,2364.0
11,0,10,1856.5
11,0,11,1897.5
11,0,12,1773.0
11,0,13,1863.5
11,0,14,1913.5
11,0,15,2019.0
11,0,16,2199.5
11,0,17,2787.0
11,0,18,2978.5
11,0,19,2412.5
11,0,20,1319.5
11,0,21,781.0
11,0,22,373.0
11,0,23,214.0
11,1,0,63.5
11,1,1,0.0
11,1,2,0.0
11,1,3,0.0
11,1,4,0.0
11,1,5,239.0
11,1,6,1401.5
11,1,7,2523.5
11,1,8,3373.5
11,1,9,2418.0
11,1,10,1964.5
11,1,11,1808.0
11,1,12,1867.0
11,1,13,1983.5
11,1,14,2024.0
11,1,15,1961.5
11,1,16,2217.0
11,1,17,2830.0
11,1,18,2968.5
11,1,19,2329.0
11,1,20,1451.5
11,1,21,785.5
11,1,22,396.5
11,1,23,209.5
11,2,0,56.0
11,2,1,0.0
11,2,2,0.0
11,2,3,0.0
11,2,4,0.0
11,2,5,261.0
11,2,6,1309.0
11,2,7,2541.0
11,2,8,3175.0
11,2,9,2395.5
11,2,10,1865.0
11,2,11,1947.0
11,2,12,1929.0
11,2,13,2103.5
11,2,14,2125.5
11,2,15,2073.0
11,2,16,2069.0
11,2,17,2750.5
11,2,18,3132.0
11,2,19,2386.5
11,2,20,1451.0
11,2,21,818.5
11,2,22,397.0
11,2,23,221.0
11,3,0,60.5
11,3,1,0.0
11,3,2,0.0
11,3,3,0.0
11,3,4,0.0
11,3,5,236.0
11,3,6,1347.0
11,3,7,2414.5
11,3,8,3075.0
11,3,9,2467.5
11,3,10,2137.5
11,3,11,1959.5
11,3,12,2011.5
11,3,13,2038.0
11,3,14,2023.0
11,3,15,2045.0
11,3,16,2321.5
11,3,17,2763.0
11,3,18,3386.5
11,3,19,2332.5
11,3,20,1485.0
11,3,21,876.5
11,3,22,435.0
11,3,23,259.0
11,4,0,63.5
11,4,1,1.0
11,4,2,0.0
11,4,3,0.0
11,4,4,0.0
11,4,5,250.0
11,4,6,1356.5
11,4,7,2406.0
11,4,8,3177.0
11,4,9,2306.5
11,4,10,1998.0
11,4,11,1839.0
11,4,12,1955.0
11,4,13,1929.5
11,4,14,2040.5
11,4,15,2184.5
11,4,16,2392.5
11,4,17,2884.5
11,4,18,2532.5
11,4,19,2037.5
11,4,20,1442.5
11,4,21,824.5
11,4,22,421.0
11,4,23,312.5
11,5,0,104.0
11,5,1,0.5
11,5,2,0.0
11,5,3,0.0
11,5,4,0.0
11,5,5,187.5
11,5,6,932.0
11,5,7,774.0
11,5,8,1064.0
11,5,9,1158.5
11,5,10,1400.0
11,5,11,1680.0
11,5,12,1918.5
11,5,13,1843.5
11,5,14,1928.5
11,5,15,1789.0
11,5,16,1835.5
11,5,17,1917.5
11,5,18,1596.0
11,5,19,1579.0
11,5,20,1056.5
11,5,21,743.5
11,5,22,472.0
11,5,23,297.0
11,6,0,117.0
11,6,1,16.5
11,6,2,0.0
11,6,3,0.0
11,6,4,0.0
11,6,5,103.0
11,6,6,536.0
11,6,7,526.0
11,6,8,691.0
11,6,9,1037.5
11,6,10,1040.0
11,6,11,1516.0
11,6,12,1645.0
11,6,13,1629.0
11,6,14,1656.0
11,6,15,1754.5
11,6,16,1622.0
11,6,17,1850.0
11,6,18,1448.0
11,6,19,1122.0
11,6,20,873.0
11,6,21,608.0
11,6,22,365.5
11,6,23,256.0
12,0,0,57.5
12,0,1,2.0
12,0,2,0.0
12,0,3,0.0
12,0,4,6.0
12,0,5,320.5
12,0,6,1440.5
12,0,7,2683.0
12,0,8,3526.0
12,0,9,2341.0
12,0,10,1845.0
12,0,11,1787.0
12,0,12,1935.5
12,0,13,1863.0
12,0,14,1816.5
12,0,15,2106.5
12,0,16,2511.0
12,0,17,2961.0
12,0,18,3199.0
12,0,19,2417.0
12,0,20,1581.5
12,0,21,955.5
12,0,22,445.5
12,0,23,228.0
12,1,0,45.0
12,1,1,0.0
12,1,2,0.0
12,1,3,0.0
12,1,4,5.5
12,1,5,331.0
12,1,6,1466.0
12,1,7,2842.0
12,1,8,3677.5
12,1,9,2453.0
12,1,10,2013.0
12,1,11,1955.5
12,1,12,2035.5
12,1,13,2027.5
12,1,14,1919.0
12,1,15,2155.0
12,1,16,2622.0
12,1,17,3008.5
12,1,18,3163.5
12,1,19,2409.0
12,1,20,1495.5
12,1,21,941.5
12,1,22,436.0
12,1,23,239.0
12,2,0,61.0
12,2,1,0.0
12,2,2,0.0
12,2,3,0.0
12,2,4,6.5
12,2,5,331.0
12,2,6,1530.0
12,2,7,2670.0
12,2,8,3610.5
12,2,9,2610.0
12,2,10,2069.0
12,2,11,1878.5
12,2,12,2003.5
12,2,13,2002.0
12,2,14,1828.5
12,2,15,2130.0
12,2,16,2596.0
12,2,17,2861.0
12,2,18,3107.0
12,2,19,2418.5
12,2,20,1459.5
12,2,21,1003.5
12,2,22,495.0
12,2,23,264.0
12,3,0,46.5
12,3,1,1.5
12,3,2,0.0
12,3,3,0.0
12,3,4,7.0
12,3,5,306.5
12,3,6,1471.5
12,3,7,2864.5
12,3,8,3689.5
12,3,9,2443.0
12,3,10,1976.0
12,3,11,1914.0
12,3,12,1875.0
12,3,13,2008.0
12,3,14,1965.5
12,3,15,2262.0
12,3,16,2743.0
12,3,17,3021.0
12,3,18,3184.0
12,3,19,2464.5
12,3,20,1562.5
12,3,21,939.5
12,3,22,482.5
12,3,23,256.0
12,4,0,51.5
12,4,1,0.5
12,4,2,0.0
12,4,3,0.0
12,4,4,5.5
12,4,5,322.0
12,4,6,1409.0
12,4,7,2785.5
12,4,8,3347.5
12,4,9,2423.5
12,4,10,1815.5
12,4,11,1694.5
12,4,12,1853.0
12,4,13,2047.0
12,4,14,1935.5
12,4,15,2184.5
12,4,16,2718.0
12,4,17,2880.0
12,4,18,2587.5
12,4,19,2201.5
12,4,20,1376.5
12,4,21,1022.0
12,4,22,501.0
12,4,23,307.5
12,5,0,70.5
12,5,1,2.0
12,5,2,0.0
12,5,3,0.0
12,5,4,1.5
12,5,5,243.5
12,5,6,948.0
12,5,7,941.5
12,5,8,1050.0
12,5,9,1229.5
12,5,10,1437.0
12,5,11,1452.0
12,5,12,1396.0
12,5,13,1628.0
12,5,14,1580.5
12,5,15,1490.5
12,5,16,1650.0
12,5,17,1558.0
12,5,18,1468.5
12,5,19,1418.0
12,5,20,982.5
12,5,21,814.0
12,5,22,400.5
12,5,23,294.0
12,6,0,84.5
12,6,1,5.5
12,6,2,0.0
12,6,3,0.0
12,6,4,3.0
12,6,5,157.0
12,6,6,528.5
12,6,7,733.5
12,6,8,737.5
12,6,9,948.0
12,6,10,1167.5
12,6,11,1299.0
12,6,12,1375.5
12,6,13,1568.0
12,6,14,1483.5
12,6,15,1410.5
12,6,16,1535.5
12,6,17,1587.0
12,6,18,1421.5
12,6,19,1075.0
12,6,20,853.0
12,6,21,613.5
12,6,22,397.0
12,6,23,206.5
17,0,0,122.5
17,0,1,15.5
17,0,2,0.0
17,0,3,0.0
17,0,4,24.5
17,0,5,298.0
17,0,6,1509.5
17,0,7,4200.0
17,0,8,5351.5
17,0,9,3723.5
17,0,10,2852.5
17,0,11,2759.5
17,0,12,2780.5
17,0,13,2884.0
17,0,14,3000.5
17,0,15,3167.0
17,0,16,3576.5
17,0,17,4263.5
17,0,18,4607.0
17,0,19,3263.0
17,0,20,2228.0
17,0,21,1334.5
17,0,22,686.0
17,0,23,321.5
17,1,0,106.5
17,1,1,10.5
17,1,2,0.0
17,1,3,0.0
17,1,4,23.5
17,1,5,310.5
17,1,6,1545.0
17,1,7,4313.5
17,1,8,5444.5
17,1,9,3850.5
17,1,10,2995.0
17,1,11,2860.5
17,1,12,2975.0
17,1,13,3025.5
17,1,14,3160.0
17,1,15,3223.0
17,1,16,3558.5
17,1,17,4589.0
17,1,18,4888.5
17,1,19,3385.5
17,1,20,2316.0
17,1,21,1439.5
17,1,22,715.0
17,1,23,355.0
17,2,0,121.0
17,2,1,8.0
17,2,2,0.0
17,2,3,0.0
17,2,4,25.5
17,2,5,304.5
17,2,6,1540.0
17,2,7,4286.5
17,2,8,5284.0
17,2,9,3824.0
17,2,10,3022.5
17,2,11,2940.5
17,2,12,2983.5
17,2,13,3024.5
17,2,14,3081.0
17,2,15,3280.0
17,2,16,3663.0
17,2,17,4496.0
17,2,18,4830.5
17,2,19,3318.0
17,2,20,2308.5
17,2,21,1466.0
17,2,22,747.5
17,2,23,370.0
17,3,0,142.5
17,3,1,11.0
17,3,2,0.0
17,3,3,0.0
17,3,4,24.0
17,3,5,312.5
17,3,6,1521.0
17,3,7,4323.5
17,3,8,5361.0
17,3,9,3806.5
17,3,10,2999.0
17,3,11,2951.0
17,3,12,3064.0
17,3,13,3073.5
17,3,14,3089.0
17,3,15,3208.0
17,3,16,3676.5
17,3,17,4469.0
17,3,18,4810.5
17,3,19,3421.0
17,3,20,2340.5
17,3,21,1479.5
17,3,22,746.0
17,3,23,391.5
17,4,0,148.0
17,4,1,15.5
17,4,2,0.0
17,4,3,0.0
17,4,4,26.0
17,4,5,308.5
17,4,6,1540.0
17,4,7,4252.5
17,4,8,5211.5
17,4,9,3694.0
17,4,10,2942.5
17,4,11,2930.5
17,4,12,2949.0
17,4,13,3077.0
17,4,14,3171.5
17,4,15,3468.5
17,4,16,4042.0
17,4,17,4644.0
17,4,18,4331.5
17,4,19,3287.0
17,4,20,2311.0
17,4,21,1502.5
17,4,22,860.5
17,4,23,461.0
17,5,0,198.0
17,5,1,26.0
17,5,2,0.0
17,5,3,0.0
17,5,4,5.5
17,5,5,132.5
17,5,6,598.5
17,5,7,1299.0
17,5,8,1787.0
17,5,9,2201.5
17,5,10,2428.0
17,5,11,2927.0
17,5,12,3125.0
17,5,13,3338.0
17,5,14,3285.0
17,5,15,3375.0
17,5,16,3395.0
17,5,17,3175.5
17,5,18,2968.0
17,5,19,2428.5
17,5,20,1903.5
17,5,21,1348.0
17,5,22,840.0
17,5,23,431.5
17,6,0,187.0
17,6,1,25.0
17,6,2,0.0
17,6,3,0.0
17,6,4,4.0
17,6,5,111.5
17,6,6,429.0
17,6,7,864.5
17,6,8,1229.0
17,6,9,1666.5
17,6,10,1937.0
17,6,11,2483.0
17,6,12,2831.5
17,6,13,3159.5
17,6,14,3203.5
17,6,15,3115.0
17,6,16,3165.0
17,6,17,3022.5
17,6,18,2637.5
17,6,19,2167.5
17,6,20,1588.0
17,6,21,1143.0
17,6,22,712.0
17,6,23,322.0
25,0,0,7.5
25,0,1,0.0
25,0,2,0.0
25,0,3,0.0
25,0,4,0.0
25,0,5,8.5
25,0,6,186.5
25,0,7,529.5
25,0,8,857.0
25,0,9,491.5
25,0,10,340.0
25,0,11,388.0
25,0,12,389.0
25,0,13,549.5
25,0,14,470.0
25,0,15,486.0
25,0,16,669.0
25,0,17,732.5
25,0,18,769.5
25,0,19,605.0
25,0,20,324.0
25,0,21,216.0
25,0,22,95.5
25,0,23,9.0
25,1,0,0.0
25,1,1,0.0
25,1,2,0.0
25,1,3,0.0
25,1,4,0.0
25,1,5,8.0
25,1,6,189.0
25,1,7,507.5
25,1,8,933.5
25,1,9,443.0
25,1,10,352.5
25,1,11,397.5
25,1,12,393.5
25,1,13,467.0
25,1,14,454.0
25,1,15,530.5
25,1,16,671.5
25,1,17,706.5
25,1,18,756.0
25,1,19,561.5
25,1,20,313.5
25,1,21,200.5
25,1,22,82.0
25,1,23,5.0
25,2,0,0.0
25,2,1,0.0
25,2,2,0.0
25,2,3,0.0
25,2,4,0.0
25,2,5,11.0
25,2,6,196.0
25,2,7,532.0
25,2,8,876.5
25,2,9,451.0
25,2,10,369.5
25,2,11,411.5
25,2,12,440.5
25,2,13,534.5
25,2,14,438.5
25,2,15,567.0
25,2,16,670.5
25,2,17,783.0
25,2,18,799.0
25,2,19,575.5
25,2,20,331.0
25,2,21,226.5
25,2,22,100.0
25,2,23,7.0
25,3,0,0.0
25,3,1,0.0
25,3,2,0.0
25,3,3,0.0
25,3,4,0.0
25,3,5,9.5
25,3,6,223.5
25,3,7,529.5
25,3,8,858.0
25,3,9,450.5
25,3,10,359.5
25,3,11,418.0
25,3,12,393.5
25,3,13,517.0
25,3,14,502.0
25,3,15,604.5
25,3,16,686.5
25,3,17,697.5
25,3,18,753.0
25,3,19,561.5
25,3,20,294.5
25,3,21,203.0
25,3,22,87.5
25,3,23,4.0
25,4,0,0.0
25,4,1,0.0
25,4,2,0.0
25,4,3,0.0
25,4,4,0.0
25,4,5,14.0
25,4,6,228.0
25,4,7,538.5
25,4,8,822.0
25,4,9,416.0
25,4,10,338.0
25,4,11,435.0
25,4,12,430.5
25,4,13,514.5
25,4,14,492.5
25,4,15,619.5
25,4,16,766.0
25,4,17,724.5
25,4,18,690.0
25,4,19,566.0
25,4,20,315.5
25,4,21,208.5
25,4,22,108.5
25,4,23,12.5
25,5,0,0.0
25,5,1,0.0
25,5,2,0.0
25,5,3,0.0
25,5,4,0.0
25,5,5,9.0
25,5,6,86.5
25,5,7,133.0
25,5,8,317.0
25,5,9,299.5
25,5,10,271.5
25,5,11,384.0
25,5,12,375.0
25,5,13,592.5
25,5,14,609.0
25,5,15,656.0
25,5,16,588.5
25,5,17,526.5
25,5,18,526.5
25,5,19,448.5
25,5,20,265.5
25,5,21,194.5
25,5,22,124.5
25,5,23,49.5
25,6,0,13.5
25,6,1,0.0
25,6,2,0.0
25,6,3,0.0
25,6,4,0.0
25,6,5,4.5
25,6,6,67.5
25,6,7,103.5
25,6,8,183.0
25,6,9,221.5
25,6,10,215.0
25,6,11,296.5
25,6,12,369.0
25,6,13,501.5
25,6,14,493.5
25,6,15,654.0
25,6,16,519.0
25,6,17,521.0
25,6,18,454.5
25,6,19,335.5
25,6,20,253.5
25,6,21,165.5
25,6,22,97.5
25,6,23,34.5
26,0,0,26.5
26,0,1,2.0
26,0,2,0.0
26,0,3,0.0
26,0,4,1.5
26,0,5,92.0
26,0,6,487.0
26,0,7,1118.5
26,0,8,2134.5
26,0,9,1398.5
26,0,10,1172.0
26,0,11,1008.5
26,0,12,1011.0
26,0,13,1116.5
26,0,14,1224.0
26,0,15,1352.5
26,0,16,1481.0
26,0,17,1661.5
26,0,18,1884.5
26,0,19,1207.0
26,0,20,757.0
26,0,21,459.5
26,0,22,205.0
26,0,23,110.0
26,1,0,32.0
26,1,1,1.0
26,1,2,0.0
26,1,3,0.0
26,1,4,0.5
26,1,5,86.5
26,1,6,492.5
26,1,7,1093.0
26,1,8,2228.5
26,1,9,1419.5
26,1,10,1156.5
26,1,11,1093.5
26,1,12,1112.5
26,1,13,1118.0
26,1,14,1216.5
26,1,15,1251.5
26,1,16,1469.5
26,1,17,1726.0
26,1,18,1913.5
26,1,19,1337.5
26,1,20,760.0
26,1,21,462.5
26,1,22,215.0
26,1,23,120.5
26,2,0,40.0
26,2,1,1.0
26,2,2,0.0
26,2,3,0.0
26,2,4,1.5
26,2,5,96.0
26,2,6,463.5
26,2,7,1110.0
26,2,8,2245.5
26,2,9,1411.5
26,2,10,1181.0
26,2,11,1044.0
26,2,12,1117.0
26,2,13,1141.0
26,2,14,1339.5
26,2,15,1389.0
26,2,16,1463.0
26,2,17,1619.0
26,2,18,1801.5
26,2,19,1224.5
26,2,20,790.5
26,2,21,507.0
26,2,22,232.0
26,2,23,134.0
26,3,0,39.5
26,3,1,0.5
26,3,2,0.0
26,3,3,0.0
26,3,4,1.0
26,3,5,87.5
26,3,6,468.5
26,3,7,1063.5
26,3,8,2244.5
26,3,9,1516.0
26,3,10,1140.5
26,3,11,1131.5
26,3,12,1085.0
26,3,13,1173.5
26,3,14,1317.5
26,3,15,1361.0
26,3,16,1446.5
26,3,17,1682.5
26,3,18,1888.5
26,3,19,1189.0
26,3,20,713.0
26,3,21,471.5
26,3,22,230.5
26,3,23,128.5
26,4,0,33.5
26,4,1,0.5
26,4,2,0.0
26,4,3,0.0
26,4,4,1.5
26,4,5,89.5
26,4,6,491.0
26,4,7,1084.5
26,4,8,2151.5
26,4,9,1338.0
26,4,10,1235.0
26,4,11,1057.0
26,4,12,1088.0
26,4,13,1169.5
26,4,14,1337.0
26,4,15,1356.0
26,4,16,1615.5
26,4,17,1745.5
26,4,18,1378.0
26,4,19,1055.5
26,4,20,677.0
26,4,21,494.0
26,4,22,211.5
26,4,23,160.5
26,5,0,47.5
26,5,1,1.0
26,5,2,0.0
26,5,3,0.0
26,5,4,1.0
26,5,5,52.0
26,5,6,248.0
26,5,7,385.0
26,5,8,658.0
26,5,9,675.5
26,5,10,800.5
26,5,11,979.5
26,5,12,1021.5
26,5,13,1017.0
26,5,14,1057.5
26,5,15,966.5
26,5,16,1015.5
26,5,17,922.5
26,5,18,860.5
26,5,19,823.0
26,5,20,549.5
26,5,21,368.0
26,5,22,210.0
26,5,23,155.0
26,6,0,52.0
26,6,1,4.0
26,6,2,0.0
26,6,3,0.0
26,6,4,1.0
26,6,5,23.5
26,6,6,152.5
26,6,7,261.5
26,6,8,385.0
26,6,9,514.5
26,6,10,584.5
26,6,11,799.5
26,6,12,811.5
26,6,13,862.5
26,6,14,858.5
26,6,15,788.0
26,6,16,796.0
26,6,17,792.0
26,6,18,736.5
26,6,19,532.5
26,6,20,424.5
26,6,21,284.5
26,6,22,173.5
26,6,23,107.0
28,0,0,0.0
28,0,1,0.0
28,0,2,0.0
28,0,3,0.0
28,0,4,2.0
28,0,5,76.0
28,0,6,244.0
28,0,7,745.0
28,0,8,1232.5
28,0,9,823.0
28,0,10,559.0
28,0,11,483.0
28,0,12,636.0
28,0,13,632.5
28,0,14,587.5
28,0,15,602.5
28,0,16,884.5
28,0,17,950.0
28,0,18,945.5
28,0,19,704.0
28,0,20,458.5
28,0,21,298.0
28,0,22,100.5
28,0,23,7.0
28,1,0,0.0
28,1,1,0.0
28,1,2,0.0
28,1,3,0.0
28,1,4,1.0
28,1,5,77.5
28,1,6,256.0
28,1,7,826.0
28,1,8,1375.5
28,1,9,777.0
28,1,10,602.5
28,1,11,572.5
28,1,12,645.0
28,1,13,680.5
28,1,14,628.0
28,1,15,683.0
28,1,16,754.5
28,1,17,984.0
28,1,18,976.5
28,1,19,692.5
28,1,20,491.5
28,1,21,301.5
28,1,22,123.0
28,1,23,11.5
28,2,0,0.0
28,2,1,0.0
28,2,2,0.0
28,2,3,0.0
28,2,4,1.0
28,2,5,73.0
28,2,6,253.0
28,2,7,753.5
28,2,8,1205.0
28,2,9,806.0
28,2,10,573.5
28,2,11,553.0
28,2,12,657.5
28,2,13,690.5
28,2,14,666.5
28,2,15,675.5
28,2,16,909.0
28,2,17,1024.5
28,2,18,1024.5
28,2,19,767.5
28,2,20,530.5
28,2,21,301.0
28,2,22,110.5
28,2,23,7.5
28,3,0,0.0
28,3,1,0.0
28,3,2,0.0
28,3,3,0.0
28,3,4,1.0
28,3,5,78.5
28,3,6,273.5
28,3,7,840.0
28,3,8,1254.5
28,3,9,804.0
28,3,10,609.5
28,3,11,556.0
28,3,12,658.0
28,3,13,695.5
28,3,14,666.5
28,3,15,704.5
28,3,16,940.5
28,3,17,1081.5
28,3,18,1042.5
28,3,19,730.5
28,3,20,508.5
28,3,21,311.0
28,3,22,116.0
28,3,23,9.0
28,4,0,0.0
28,4,1,0.0
28,4,2,0.0
28,4,3,0.0
28,4,4,1.0
28,4,5,78.0
28,4,6,264.5
28,4,7,806.0
28,4,8,1143.0
28,4,9,772.0
28,4,10,606.0
28,4,11,512.5
28,4,12,719.5
28,4,13,700.0
28,4,14,699.5
28,4,15,702.0
28,4,16,951.0
28,4,17,942.0
28,4,18,816.5
28,4,19,602.0
28,4,20,431.0
28,4,21,327.5
28,4,22,118.5
28,4,23,16.0
28,5,0,0.0
28,5,1,0.0
28,5,2,0.0
28,5,3,0.0
28,5,4,0.0
28,5,5,37.0
28,5,6,108.0
28,5,7,236.5
28,5,8,398.0
28,5,9,463.5
28,5,10,489.0
28,5,11,460.0
28,5,12,580.0
28,5,13,534.0
28,5,14,571.0
28,5,15,580.0
28,5,16,507.0
28,5,17,547.5
28,5,18,479.5
28,5,19,391.5
28,5,20,290.5
28,5,21,248.5
28,5,22,126.5
28,5,23,17.0
28,6,0,0.0
28,6,1,0.0
28,6,2,0.0
28,6,3,0.0
28,6,4,0.0
28,6,5,31.0
28,6,6,81.0
28,6,7,162.5
28,6,8,260.5
28,6,9,324.0
28,6,10,357.5
28,6,11,409.5
28,6,12,440.5
28,6,13,490.0
28,6,14,513.5
28,6,15,501.5
28,6,16,461.0
28,6,17,460.5
28,6,18,398.0
28,6,19,368.5
28,6,20,262.0
28,6,21,228.5
28,6,22,105.0
28,6,23,8.0
50,0,0,0.0
50,0,1,0.0
50,0,2,0.0
50,0,3,0.0
50,0,4,3.0
50,0,5,63.0
50,0,6,469.0
50,0,7,1630.0
50,0,8,2747.5
50,0,9,2122.0
50,0,10,1616.5
50,0,11,1411.5
50,0,12,1260.5
50,0,13,1411.0
50,0,14,1362.5
50,0,15,1556.5
50,0,16,1696.0
50,0,17,2201.0
50,0,18,2389.0
50,0,19,1348.5
50,0,20,875.0
50,0,21,605.5
50,0,22,236.0
50,0,23,116.5
50,1,0,22.5
50,1,1,1.0
50,1,2,0.0
50,1,3,0.0
50,1,4,3.0
50,1,5,70.5
50,1,6,540.5
50,1,7,1771.5
50,1,8,2847.5
50,1,9,2189.5
50,1,10,1627.5
50,1,11,1455.5
50,1,12,1325.0
50,1,13,1405.0
50,1,14,1338.0
50,1,15,1625.5
50,1,16,1688.5
50,1,17,2352.0
50,1,18,2408.5
50,1,19,1459.5
50,1,20,903.5
50,1,21,610.0
50,1,22,234.5
50,1,23,133.0
50,2,0,24.5
50,2,1,0.0
50,2,2,0.0
50,2,3,0.0
50,2,4,3.5
50,2,5,67.0
50,2,6,511.5
50,2,7,1646.5
50,2,8,2727.5
50,2,9,2083.5
50,2,10,1631.5
50,2,11,1553.5
50,2,12,1424.5
50,2,13,1397.0
50,2,14,1389.0
50,2,15,1504.5
50,2,16,1609.0
50,2,17,2354.5
50,2,18,2329.0
50,2,19,1410.0
50,2,20,857.0
50,2,21,645.0
50,2,22,278.5
50,2,23,145.5
50,3,0,36.0
50,3,1,1.5
50,3,2,0.0
50,3,3,0.0
50,3,4,2.5
50,3,5,61.5
50,3,6,466.0
50,3,7,1682.0
50,3,8,2647.5
50,3,9,2020.5
50,3,10,1627.0
50,3,11,1435.5
50,3,12,1446.5
50,3,13,1454.0
50,3,14,1414.5
50,3,15,1565.0
50,3,16,1533.0
50,3,17,2282.5
50,3,18,2302.5
50,3,19,1353.5
50,3,20,878.5
50,3,21,673.0
50,3,22,259.0
50,3,23,152.5
50,4,0,29.0
50,4,1,0.5
50,4,2,0.0
50,4,3,0.0
50,4,4,3.0
50,4,5,65.0
50,4,6,513.0
50,4,7,1761.5
50,4,8,2683.5
50,4,9,2068.0
50,4,10,1452.0
50,4,11,1446.5
50,4,12,1432.5
50,4,13,1449.0
50,4,14,1430.0
50,4,15,1706.0
50,4,16,2177.0
50,4,17,2135.5
50,4,18,1655.5
50,4,19,1253.0
50,4,20,847.0
50,4,21,545.0
50,4,22,262.5
50,4,23,168.5
50,5,0,42.0
50,5,1,3.5
50,5,2,0.0
50,5,3,0.0
50,5,4,0.0
50,5,5,0.0
50,5,6,0.5
50,5,7,2.0
50,5,8,4.5
50,5,9,6.5
50,5,10,6.0
50,5,11,9.0
50,5,12,26.5
50,5,13,15.0
50,5,14,16.5
50,5,15,25.0
50,5,16,11.5
50,5,17,14.0
50,5,18,2.5
50,5,19,0.0
50,5,20,1.5
50,5,21,0.0
50,5,22,1.0
50,5,23,0.0
50,6,0,0.0
50,6,1,0.0
50,6,2,0.0
50,6,3,0.0
50,6,4,0.0
50,6,5,0.0
50,6,6,0.0
50,6,7,0.0
50,6,8,0.0
50,6,9,0.0
50,6,10,2.5
50,6,11,0.5
50,6,12,0.0
50,6,13,0.0
50,6,14,0.0
50,6,15,0.0
50,6,16,2.5
50,6,17,2.5
50,6,18,14.5
50,6,19,2.0
50,6,20,4.5
50,6,21,1.5
50,6,22,1.0
50,6,23,0.5
