fold,model,score
2025-07-01,v4,0.8445727856516627
2025-07-01,v4_cancel_prior,0.8445727856516627
2025-07-01,profile_0.5_112,0.8217695854047343
2025-07-01,profile_0.5_365,0.8110395977085513
2025-07-01,profile_1_112,0.839628011463621
2025-07-01,profile_1_365,0.8363824146110636
2025-07-01,cat_6_full,0.8464165283667326
2025-07-01,cat_8_full,0.8448094598841867
2025-07-01,cat_6_weather,0.8469010409004046
2025-08-01,v4,0.8923063772044103
2025-08-01,v4_cancel_prior,0.8987341802025627
2025-08-01,profile_0.5_112,0.8798917416987408
2025-08-01,profile_0.5_365,0.8741454179155809
2025-08-01,profile_1_112,0.882691296876203
2025-08-01,profile_1_365,0.8821650186973663
2025-08-01,cat_6_full,0.8928295856709306
2025-08-01,cat_8_full,0.8917743883025108
2025-08-01,cat_6_weather,0.892746351624641
2025-09-01,v4,0.8952869584866788
2025-09-01,v4_cancel_prior,0.906630508325504
2025-09-01,profile_0.5_112,0.8790760614504048
2025-09-01,profile_0.5_365,0.9028850216990082
2025-09-01,profile_1_112,0.8675248105092188
2025-09-01,profile_1_365,0.8863833966637041
2025-09-01,cat_6_full,0.8980058230373188
2025-09-01,cat_8_full,0.8981624558753996
2025-09-01,cat_6_weather,0.8996581518249263
2025-10-01,v4,0.908546274131956
2025-10-01,v4_cancel_prior,0.9123452959539224
2025-10-01,profile_0.5_112,0.8762863558820299
2025-10-01,profile_0.5_365,0.905279548911736
2025-10-01,profile_1_112,0.8710190300576924
2025-10-01,profile_1_365,0.884216575809586
2025-10-01,cat_6_full,0.8985142416237301
2025-10-01,cat_8_full,0.9021458685921806
2025-10-01,cat_6_weather,0.8997215457371324
