origin,week,model,actual_total,predicted_total,score
2025-07-01,1,incumbent_v8,1300961.0,1379921.044650597,0.8893315191719904
2025-07-01,1,streams_balanced,1300961.0,1379192.893534773,0.8879527637175846
2025-07-01,1,synchronized_mean_anchor0,1300961.0,1379874.3933391445,0.8881183338564259
2025-07-01,1,trained_stream_ensemble,1300961.0,1368826.5138152442,0.8963493283820704
2025-07-01,1,streams_blocks_mean,1300961.0,1358076.7170283003,0.9022726137922706
2025-07-01,2,incumbent_v8,1188478.0,1362506.0496582203,0.7840128116463574
2025-07-01,2,streams_balanced,1188478.0,1367519.7445314913,0.7831650263356315
2025-07-01,2,synchronized_mean_anchor0,1188478.0,1368164.1293258052,0.7826754888298649
2025-07-01,2,trained_stream_ensemble,1188478.0,1355007.6888302802,0.7887463363154082
2025-07-01,2,streams_blocks_mean,1188478.0,1347742.3203048552,0.793289876069945
2025-07-01,3,incumbent_v8,1154589.0,1332320.6113540048,0.7554511335242833
2025-07-01,3,streams_balanced,1154589.0,1341373.2483864818,0.7575456846711255
2025-07-01,3,synchronized_mean_anchor0,1154589.0,1342308.9080357037,0.7565160041845396
2025-07-01,3,trained_stream_ensemble,1154589.0,1335587.414067632,0.7546914710333654
2025-07-01,3,streams_blocks_mean,1154589.0,1338752.7092780094,0.7538050642569455
2025-07-01,4,incumbent_v8,1188715.0,1349672.0962622254,0.7687193614727157
2025-07-01,4,streams_balanced,1188715.0,1356268.191648634,0.7729700706712512
2025-07-01,4,synchronized_mean_anchor0,1188715.0,1356493.2863827571,0.7721078733180592
2025-07-01,4,trained_stream_ensemble,1188715.0,1347857.5114849608,0.7710768270493233
2025-07-01,4,streams_blocks_mean,1188715.0,1346099.3102687253,0.7730553453748923
2025-07-01,5,incumbent_v8,1163967.0,1323891.6313100778,0.7660925879209296
2025-07-01,5,streams_balanced,1163967.0,1332201.6427981604,0.7672713897493371
2025-07-01,5,synchronized_mean_anchor0,1163967.0,1334689.9113132802,0.7659648908585978
2025-07-01,5,trained_stream_ensemble,1163967.0,1333571.789820373,0.7631516485192825
2025-07-01,5,streams_blocks_mean,1163967.0,1342951.162269317,0.7599746660082951
2025-07-01,6,incumbent_v8,1178648.0,1328668.1336336634,0.7879376054187929
2025-07-01,6,streams_balanced,1178648.0,1321252.8064474491,0.7946448822434857
2025-07-01,6,synchronized_mean_anchor0,1178648.0,1324034.1232799161,0.792973562360136
2025-07-01,6,trained_stream_ensemble,1178648.0,1337006.1237373697,0.7852406415512924
2025-07-01,6,streams_blocks_mean,1178648.0,1345085.0322154793,0.7821589978780714
2025-07-01,7,incumbent_v8,1199982.0,1375614.8323417315,0.8283722937420487
2025-07-01,7,streams_balanced,1199982.0,1357537.8350203084,0.8407788948491793
2025-07-01,7,synchronized_mean_anchor0,1199982.0,1359309.9715458616,0.8401997110025519
2025-07-01,7,trained_stream_ensemble,1199982.0,1364885.1639645244,0.8357134931520492
2025-07-01,7,streams_blocks_mean,1199982.0,1354488.8924720217,0.8425577995915005
2025-07-01,8,incumbent_v8,1222207.0,1362438.8315272816,0.8492853171595367
2025-07-01,8,streams_balanced,1222207.0,1345574.325963547,0.8604157626691171
2025-07-01,8,synchronized_mean_anchor0,1222207.0,1349397.790927958,0.8585372552641795
2025-07-01,8,trained_stream_ensemble,1222207.0,1355773.2018798303,0.8540994020695535
2025-07-01,8,streams_blocks_mean,1222207.0,1349314.6895524045,0.858664892446462
2025-07-01,9,incumbent_v8,986710.0,1031852.9114594304,0.8852261387064629
2025-07-01,9,streams_balanced,986710.0,1015763.5243328466,0.8952750742652863
2025-07-01,9,synchronized_mean_anchor0,986710.0,1017149.3316563977,0.8962364283530191
2025-07-01,9,trained_stream_ensemble,986710.0,1024547.0805753767,0.8916103187706652
2025-07-01,9,streams_blocks_mean,986710.0,1017468.2596203618,0.8973520093659418
2025-08-01,1,incumbent_v8,1162001.0,1212531.4732797164,0.893049156398207
2025-08-01,1,streams_balanced,1162001.0,1209261.3162803703,0.894539035563084
2025-08-01,1,synchronized_mean_anchor0,1162001.0,1210436.1256599796,0.8941140613873634
2025-08-01,1,trained_stream_ensemble,1162001.0,1218363.973420416,0.8860279493654926
2025-08-01,1,streams_blocks_mean,1162001.0,1224015.2436005436,0.8782540908047649
2025-08-01,2,incumbent_v8,1189128.0,1237508.791356585,0.8908290071120891
2025-08-01,2,streams_balanced,1189128.0,1223195.7767326527,0.8859370255671583
2025-08-01,2,synchronized_mean_anchor0,1189128.0,1225652.6933664596,0.8872166783307561
2025-08-01,2,trained_stream_ensemble,1189128.0,1233905.1328871844,0.8892090389032424
2025-08-01,2,streams_blocks_mean,1189128.0,1230413.4488483993,0.887409426041396
2025-08-01,3,incumbent_v8,1201750.0,1237240.9205015283,0.8903395120508766
2025-08-01,3,streams_balanced,1201750.0,1223424.097588576,0.8690928667977447
2025-08-01,3,synchronized_mean_anchor0,1201750.0,1226254.278132483,0.8715647500656073
2025-08-01,3,trained_stream_ensemble,1201750.0,1233257.4168668701,0.8856117174726839
2025-08-01,3,streams_blocks_mean,1201750.0,1229397.6903756715,0.8802637213537758
2025-08-01,4,incumbent_v8,1272575.0,1234674.216658496,0.8890713099538854
2025-08-01,4,streams_balanced,1272575.0,1223089.5416527248,0.8662207530745906
2025-08-01,4,synchronized_mean_anchor0,1272575.0,1225667.9224566673,0.8704323336050108
2025-08-01,4,trained_stream_ensemble,1272575.0,1232305.220820652,0.8838525789166307
2025-08-01,4,streams_blocks_mean,1272575.0,1230009.8354434902,0.8785502747847467
2025-08-01,5,incumbent_v8,1420321.0,1390780.3780026569,0.8726446032585197
2025-08-01,5,streams_balanced,1420321.0,1420777.2081146722,0.8702609658982646
2025-08-01,5,synchronized_mean_anchor0,1420321.0,1423551.7122739912,0.8708377859120902
2025-08-01,5,trained_stream_ensemble,1420321.0,1397808.9190433414,0.8790119774548589
2025-08-01,5,streams_blocks_mean,1420321.0,1404619.0662246253,0.881455952851507
2025-08-01,6,incumbent_v8,1435100.0,1446838.414636008,0.9009148854919037
2025-08-01,6,streams_balanced,1435100.0,1504932.6820389598,0.8998407073714382
2025-08-01,6,synchronized_mean_anchor0,1435100.0,1506244.7532348821,0.8994553226372795
2025-08-01,6,trained_stream_ensemble,1435100.0,1462954.221570965,0.907416599405441
2025-08-01,6,streams_blocks_mean,1435100.0,1478569.2712003156,0.9085207416186677
2025-08-01,7,incumbent_v8,1425780.0,1417705.5345436707,0.8869282756117558
2025-08-01,7,streams_balanced,1425780.0,1485944.3237562494,0.8840747292340421
2025-08-01,7,synchronized_mean_anchor0,1425780.0,1486825.5873865094,0.8838740989983619
2025-08-01,7,trained_stream_ensemble,1425780.0,1446689.9883149741,0.8923298743142097
2025-08-01,7,streams_blocks_mean,1425780.0,1474773.8246345068,0.8889082023903019
2025-08-01,8,incumbent_v8,1393130.0,1423442.7798473386,0.8790382361920409
2025-08-01,8,streams_balanced,1393130.0,1496784.509892242,0.8740273452720708
2025-08-01,8,synchronized_mean_anchor0,1393130.0,1496113.0799161268,0.8740399129563685
2025-08-01,8,trained_stream_ensemble,1393130.0,1448906.9129148345,0.8840856407502189
2025-08-01,8,streams_blocks_mean,1393130.0,1473579.813454171,0.8818938569700566
2025-08-01,9,incumbent_v8,957886.0,935793.7855935164,0.895109354110548
2025-08-01,9,streams_balanced,957886.0,992837.1692026732,0.8987728644271563
2025-08-01,9,synchronized_mean_anchor0,957886.0,995632.267051694,0.8971380099327327
2025-08-01,9,trained_stream_ensemble,957886.0,961737.5094170175,0.902216644652672
2025-08-01,9,streams_blocks_mean,957886.0,986875.098661488,0.9003533994693451
2025-09-01,1,incumbent_v8,1417791.0,1485237.3898261865,0.9039973777281326
2025-09-01,1,streams_balanced,1417791.0,1491689.6462410276,0.9018964698994287
2025-09-01,1,synchronized_mean_anchor0,1417791.0,1489759.0007935436,0.9025947807957668
2025-09-01,1,trained_stream_ensemble,1417791.0,1478859.283982435,0.9059314281662648
2025-09-01,1,streams_blocks_mean,1417791.0,1472679.36139504,0.9075275343597166
2025-09-01,2,incumbent_v8,1429681.0,1459922.647187677,0.895026936508066
2025-09-01,2,streams_balanced,1429681.0,1480717.4966066075,0.8899886108669741
2025-09-01,2,synchronized_mean_anchor0,1429681.0,1476927.8975098948,0.8911383975566982
2025-09-01,2,trained_stream_ensemble,1429681.0,1462340.7373415807,0.8959394748643583
2025-09-01,2,streams_blocks_mean,1429681.0,1464683.6915550334,0.8957532407609864
2025-09-01,3,incumbent_v8,1422189.0,1468377.5547276014,0.9057332696845939
2025-09-01,3,streams_balanced,1422189.0,1501224.67439937,0.8975830431568792
2025-09-01,3,synchronized_mean_anchor0,1422189.0,1496812.7743204967,0.8991211899650285
2025-09-01,3,trained_stream_ensemble,1422189.0,1478115.8853202646,0.9027209808801062
2025-09-01,3,streams_blocks_mean,1422189.0,1487551.6223035376,0.8992346989317634
2025-09-01,4,incumbent_v8,1398278.0,1454584.5412757772,0.8919796728284972
2025-09-01,4,streams_balanced,1398278.0,1495496.3454228195,0.882202226790423
2025-09-01,4,synchronized_mean_anchor0,1398278.0,1487354.6069181454,0.8852585155050846
2025-09-01,4,trained_stream_ensemble,1398278.0,1465575.872071032,0.8901550288894112
2025-09-01,4,streams_blocks_mean,1398278.0,1476225.6754940446,0.8878354672856743
2025-09-01,5,incumbent_v8,1470410.0,1467066.126041816,0.9101174617076858
2025-09-01,5,streams_balanced,1470410.0,1494114.7223027756,0.9074628554571127
2025-09-01,5,synchronized_mean_anchor0,1470410.0,1489246.3424335246,0.9074200099919867
2025-09-01,5,trained_stream_ensemble,1470410.0,1472155.5415514426,0.909659248717994
2025-09-01,5,streams_blocks_mean,1470410.0,1477086.8165467281,0.9075996017210676
2025-09-01,6,incumbent_v8,1464431.0,1463811.290597112,0.9116863768770116
2025-09-01,6,streams_balanced,1464431.0,1490983.1992364428,0.9083248592727908
2025-09-01,6,synchronized_mean_anchor0,1464431.0,1487086.680607894,0.9088997587619991
2025-09-01,6,trained_stream_ensemble,1464431.0,1473191.4739955827,0.9097240031853348
2025-09-01,6,streams_blocks_mean,1464431.0,1482280.1922887894,0.9068389640236143
2025-09-01,7,incumbent_v8,1483036.0,1458110.371375884,0.9022029497791224
2025-09-01,7,streams_balanced,1483036.0,1482899.3541198603,0.9033795557950297
2025-09-01,7,synchronized_mean_anchor0,1483036.0,1479652.6512277252,0.9032609093883155
2025-09-01,7,trained_stream_ensemble,1483036.0,1467171.4204907569,0.9034471555155792
2025-09-01,7,streams_blocks_mean,1483036.0,1475950.9207785032,0.903586075505224
2025-09-01,8,incumbent_v8,1471383.0,1473873.6664839117,0.9152283455939727
2025-09-01,8,streams_balanced,1471383.0,1497997.8204337242,0.9131847820061173
2025-09-01,8,synchronized_mean_anchor0,1471383.0,1494746.1446765603,0.9137006367156096
2025-09-01,8,trained_stream_ensemble,1471383.0,1477965.3232414806,0.9151696684059032
2025-09-01,8,streams_blocks_mean,1471383.0,1481929.8422750956,0.9143764648460938
2025-09-01,9,incumbent_v8,1197282.0,1215909.3013114256,0.9164644367455013
2025-09-01,9,streams_balanced,1197282.0,1233460.3851615388,0.9104098855450816
2025-09-01,9,synchronized_mean_anchor0,1197282.0,1229318.7704625963,0.9104306606281228
2025-09-01,9,trained_stream_ensemble,1197282.0,1218666.0077475067,0.9155664078033978
2025-09-01,9,streams_blocks_mean,1197282.0,1221337.0566119344,0.9124995065299444
2025-10-01,1,incumbent_v8,1466575.0,1453713.1882673218,0.9138162732189797
2025-10-01,1,streams_balanced,1466575.0,1455668.528837477,0.9139873697149078
2025-10-01,1,synchronized_mean_anchor0,1466575.0,1454905.454981264,0.9139190001350385
2025-10-01,1,trained_stream_ensemble,1466575.0,1451135.088868019,0.9128148125999022
2025-10-01,1,streams_blocks_mean,1466575.0,1448637.0972854688,0.911097505479062
2025-10-01,2,incumbent_v8,1476503.0,1437329.2951272316,0.9126213440419031
2025-10-01,2,streams_balanced,1476503.0,1441748.3294690733,0.9131801188493158
2025-10-01,2,synchronized_mean_anchor0,1476503.0,1440524.5114694703,0.9130293123806306
2025-10-01,2,trained_stream_ensemble,1476503.0,1439944.573152552,0.9129945572204562
2025-10-01,2,streams_blocks_mean,1476503.0,1442478.588130812,0.9128126590850077
2025-10-01,3,incumbent_v8,1477034.0,1450668.0720321233,0.9084410158393547
2025-10-01,3,streams_balanced,1477034.0,1454457.9702723832,0.9079192888292582
2025-10-01,3,synchronized_mean_anchor0,1477034.0,1453024.3542081264,0.9078127080763064
2025-10-01,3,trained_stream_ensemble,1477034.0,1450129.9321086104,0.9081047342678457
2025-10-01,3,streams_blocks_mean,1477034.0,1449608.5135009594,0.9076823719562269
2025-10-01,4,incumbent_v8,1473402.0,1442872.3721433813,0.9128158780299165
2025-10-01,4,streams_balanced,1473402.0,1451356.074609174,0.9131602983809954
2025-10-01,4,synchronized_mean_anchor0,1473402.0,1449652.2282369288,0.9131164205375552
2025-10-01,4,trained_stream_ensemble,1473402.0,1445828.7490114612,0.9129729936631413
2025-10-01,4,streams_blocks_mean,1473402.0,1448693.2640620847,0.9127101400398963
2025-10-01,5,incumbent_v8,713273.0,722102.313833165,0.9141817097537518
2025-10-01,5,streams_balanced,713273.0,725999.7326088508,0.9102641612940013
2025-10-01,5,synchronized_mean_anchor0,713273.0,725173.2989240657,0.908951111153161
2025-10-01,5,trained_stream_ensemble,713273.0,721994.1011523041,0.9131249935098789
2025-10-01,5,streams_blocks_mean,713273.0,721889.2509025467,0.9107371759656143
