origin,model,part,days,score,volume_ratio
2025-08-01,incumbent_v8,all,61,0.888255512005749,1.006881441648963
2025-08-01,incumbent_v8,days_1_7,61,0.893049156398207,1.0434857399259694
2025-08-01,incumbent_v8,days_8_28,61,0.8900578624704318,1.012548524170123
2025-08-01,incumbent_v8,days_29_61,61,0.8864200705847922,0.997337827248896
2025-08-01,incumbent_v8,last_7_days,61,0.8920773070213527,0.9940223778184869
2025-08-01,direct_engine,all,61,0.888255512005749,1.006881441648963
2025-08-01,direct_engine,days_1_7,61,0.893049156398207,1.0434857399259694
2025-08-01,direct_engine,days_8_28,61,0.8900578624704318,1.012548524170123
2025-08-01,direct_engine,days_29_61,61,0.8864200705847922,0.997337827248896
2025-08-01,direct_engine,last_7_days,61,0.8920773070213527,0.9940223778184869
2025-08-01,s1_f1_w28_remaining,all,61,0.8792535982007696,1.0296891720934422
2025-08-01,s1_f1_w28_remaining,days_1_7,61,0.8949502002652822,1.0377130402114432
2025-08-01,s1_f1_w28_remaining,days_8_28,61,0.867534036415988,0.9994392825317946
2025-08-01,s1_f1_w28_remaining,days_29_61,61,0.8829770283122359,1.044992547403282
2025-08-01,s1_f1_w28_remaining,last_7_days,61,0.8942616544839953,1.0517183036135112
2025-08-01,s3_f1_w28_remaining,all,61,0.8794239445801799,1.0293612346838616
2025-08-01,s3_f1_w28_remaining,days_1_7,61,0.8952676110204292,1.0384172984311806
2025-08-01,s3_f1_w28_remaining,days_8_28,61,0.8680302498022917,0.9992096178264412
2025-08-01,s3_f1_w28_remaining,days_29_61,61,0.8829416082917113,1.0444294805058418
2025-08-01,s3_f1_w28_remaining,last_7_days,61,0.8932304077318729,1.0553606519084544
2025-08-01,s3_f2_w28_remaining,all,61,0.8800121333756354,1.0283556583065232
2025-08-01,s3_f2_w28_remaining,days_1_7,61,0.8948396914149428,1.0388665004349382
2025-08-01,s3_f2_w28_remaining,days_8_28,61,0.8683151179283531,0.9989154381957972
2025-08-01,s3_f2_w28_remaining,days_29_61,61,0.8838753708212979,1.0427760630703058
2025-08-01,s3_f2_w28_remaining,last_7_days,61,0.8966251786709756,1.0481939720669293
2025-08-01,s3_f3_w28_remaining,all,61,0.8796626095793786,1.0293299101500852
2025-08-01,s3_f3_w28_remaining,days_1_7,61,0.894419174656888,1.0400573460821825
2025-08-01,s3_f3_w28_remaining,days_8_28,61,0.868336615058439,0.9993206196729989
2025-08-01,s3_f3_w28_remaining,days_29_61,61,0.8833333436987671,1.0440267051954855
2025-08-01,s3_f3_w28_remaining,last_7_days,61,0.8928142107030054,1.0554722330023276
2025-08-01,s7_f1_w28_remaining,all,61,0.8774749320987174,1.032244788096353
2025-08-01,s7_f1_w28_remaining,days_1_7,61,0.8945796254054023,1.0408095764027445
2025-08-01,s7_f1_w28_remaining,days_8_28,61,0.8701377504095218,1.000200228368447
2025-08-01,s7_f1_w28_remaining,days_29_61,61,0.8785309514575181,1.0484447173043479
2025-08-01,s7_f1_w28_remaining,last_7_days,61,0.880965322292342,1.06637378014391
2025-08-01,s7_f4_w28_remaining,all,61,0.8819668299172734,1.0253064719741338
2025-08-01,s7_f4_w28_remaining,days_1_7,61,0.8944491108186322,1.039734710168919
2025-08-01,s7_f4_w28_remaining,days_8_28,61,0.869160731756827,0.9985091165024272
2025-08-01,s7_f4_w28_remaining,days_29_61,61,0.886853599429568,1.0375806821039155
2025-08-01,s7_f4_w28_remaining,last_7_days,61,0.9013839550442361,1.0420636293623073
2025-08-01,s7_f7_w28_remaining,all,61,0.8781543963148205,1.030558010768139
2025-08-01,s7_f7_w28_remaining,days_1_7,61,0.893049156398207,1.0434857399259694
2025-08-01,s7_f7_w28_remaining,days_8_28,61,0.8696407331166135,0.9985964169444602
2025-08-01,s7_f7_w28_remaining,days_29_61,61,0.8802474639681869,1.0459477006062443
2025-08-01,s7_f7_w28_remaining,last_7_days,61,0.8865150504059309,1.06004308481016
2025-08-01,s14_f1_w28_remaining,all,61,0.8823551710309282,1.0298115366219545
2025-08-01,s14_f1_w28_remaining,days_1_7,61,0.8945796254054023,1.0408095764027445
2025-08-01,s14_f1_w28_remaining,days_8_28,61,0.8768869622860838,1.004623514481946
2025-08-01,s14_f1_w28_remaining,days_29_61,61,0.8832338662731577,1.041797785269965
2025-08-01,s14_f1_w28_remaining,last_7_days,61,0.8854285676012456,1.060423456169212
2025-08-01,s14_f7_w28_remaining,all,61,0.8804787451246537,1.025043636749814
2025-08-01,s14_f7_w28_remaining,days_1_7,61,0.893049156398207,1.0434857399259694
2025-08-01,s14_f7_w28_remaining,days_8_28,61,0.8717974558937862,0.9969983323274227
2025-08-01,s14_f7_w28_remaining,days_29_61,61,0.8830716434882642,1.0373039280354162
2025-08-01,s14_f7_w28_remaining,last_7_days,61,0.8914156929207718,1.047880238649465
2025-08-01,s14_f14_w28_remaining,all,61,0.8824232814290779,1.0288987738039475
2025-08-01,s14_f14_w28_remaining,days_1_7,61,0.893049156398207,1.0434857399259694
2025-08-01,s14_f14_w28_remaining,days_8_28,61,0.8748973635108962,1.005363458535757
2025-08-01,s14_f14_w28_remaining,days_29_61,61,0.8847186781621934,1.0393433132550003
2025-08-01,s14_f14_w28_remaining,last_7_days,61,0.8904523161249849,1.0538041381857104
2025-08-01,s28_f1_w28_remaining,all,61,0.888477421465972,1.0258036439755676
2025-08-01,s28_f1_w28_remaining,days_1_7,61,0.8945796254054023,1.0408095764027445
2025-08-01,s28_f1_w28_remaining,days_8_28,61,0.8875763421856325,1.0076503078592003
2025-08-01,s28_f1_w28_remaining,days_29_61,61,0.8879060129178162,1.0332019219826358
2025-08-01,s28_f1_w28_remaining,last_7_days,61,0.8916133991063772,1.0476233439635922
2025-08-01,s28_f14_w28_remaining,all,61,0.8831057127367298,1.0213531324060339
2025-08-01,s28_f14_w28_remaining,days_1_7,61,0.893049156398207,1.0434857399259694
2025-08-01,s28_f14_w28_remaining,days_8_28,61,0.8748973635108962,1.005363458535757
2025-08-01,s28_f14_w28_remaining,days_29_61,61,0.8858976313543425,1.026307630523076
2025-08-01,s28_f14_w28_remaining,last_7_days,61,0.8967498176085582,1.0367574023889436
2025-08-01,s28_f28_w28_remaining,all,61,0.8896427185405915,1.0271709154822
2025-08-01,s28_f28_w28_remaining,days_1_7,61,0.893049156398207,1.0434857399259694
2025-08-01,s28_f28_w28_remaining,days_8_28,61,0.8900578624704318,1.012548524170123
2025-08-01,s28_f28_w28_remaining,days_29_61,61,0.8888165778289422,1.0323894722635778
2025-08-01,s28_f28_w28_remaining,last_7_days,61,0.8943010294391432,1.0448050910993056
2025-08-01,s1_f1_w14_remaining,all,61,0.8798892683557505,1.035246077270611
2025-08-01,s1_f1_w14_remaining,days_1_7,61,0.8962067437691983,1.0372754790029708
2025-08-01,s1_f1_w14_remaining,days_8_28,61,0.8703782172659769,1.009734357958366
2025-08-01,s1_f1_w14_remaining,days_29_61,61,0.8822839978858733,1.0489824821269658
2025-08-01,s1_f1_w14_remaining,last_7_days,61,0.894678919850156,1.0531818207833623
2025-08-01,s7_f7_w14_remaining,all,61,0.878058445918716,1.0351418886071837
2025-08-01,s7_f7_w14_remaining,days_1_7,61,0.8970746211418881,1.037249135033549
2025-08-01,s7_f7_w14_remaining,days_8_28,61,0.8709191167232231,1.0060867448212167
2025-08-01,s7_f7_w14_remaining,days_29_61,61,0.8786702748642579,1.0508219441924354
2025-08-01,s7_f7_w14_remaining,last_7_days,61,0.885918856992079,1.0625835945323276
2025-08-01,s1_f1_w56_remaining,all,61,0.8848282094910103,1.0311222867667373
2025-08-01,s1_f1_w56_remaining,days_1_7,61,0.8781843757844754,1.0648757184554896
2025-08-01,s1_f1_w56_remaining,days_8_28,61,0.8806423220465354,1.019926705096173
2025-08-01,s1_f1_w56_remaining,days_29_61,61,0.8883044141035781,1.0313926286270854
2025-08-01,s1_f1_w56_remaining,last_7_days,61,0.8972984417307819,1.0397583020288887
2025-08-01,s7_f7_w56_remaining,all,61,0.8840680661863805,1.0328738330915403
2025-08-01,s7_f7_w56_remaining,days_1_7,61,0.8735796219273665,1.0699808767814378
2025-08-01,s7_f7_w56_remaining,days_8_28,61,0.8839799815220651,1.021906603612735
2025-08-01,s7_f7_w56_remaining,days_29_61,61,0.8859543550012908,1.0324304682048233
2025-08-01,s7_f7_w56_remaining,last_7_days,61,0.8916868521209348,1.0472442380525557
2025-08-01,s1_f1_w28_block,all,61,0.8858100846865999,1.019460462979129
2025-08-01,s1_f1_w28_block,days_1_7,61,0.8655448224149562,1.0589689541489193
2025-08-01,s1_f1_w28_block,days_8_28,61,0.8766899023139237,1.0051363837801484
2025-08-01,s1_f1_w28_block,days_29_61,61,0.8943984065853918,1.0204505820699186
2025-08-01,s1_f1_w28_block,last_7_days,61,0.9014773883640045,1.0271807806015956
2025-08-01,s3_f3_w28_block,all,61,0.8831519889640099,1.024477638023786
2025-08-01,s3_f3_w28_block,days_1_7,61,0.8726218230880493,1.057389830507473
2025-08-01,s3_f3_w28_block,days_8_28,61,0.8781074836396923,1.0039252510691856
2025-08-01,s3_f3_w28_block,days_29_61,61,0.8877833771471649,1.0300638097470205
2025-08-01,s3_f3_w28_block,last_7_days,61,0.8975179854920452,1.0413207843268653
2025-08-01,s7_f7_w28_block,all,61,0.8839195294379687,1.0257964517638143
2025-08-01,s7_f7_w28_block,days_1_7,61,0.8711454934621883,1.0597257642303446
2025-08-01,s7_f7_w28_block,days_8_28,61,0.8805029587819768,1.0032773129409625
2025-08-01,s7_f7_w28_block,days_29_61,61,0.8880448300120148,1.0322907977212175
2025-08-01,s7_f7_w28_block,last_7_days,61,0.8919306856090898,1.0478390167411953
2025-08-01,s14_f14_w28_block,all,61,0.8867794422828661,1.024337242099088
2025-08-01,s14_f14_w28_block,days_1_7,61,0.8860658569381598,1.046742229087186
2025-08-01,s14_f14_w28_block,days_8_28,61,0.8794959352097896,1.0102710219465405
2025-08-01,s14_f14_w28_block,days_29_61,61,0.8909276739709301,1.0281815552648592
2025-08-01,s14_f14_w28_block,last_7_days,61,0.8940958893525193,1.0448045579326461
2025-08-01,s28_f28_w28_block,all,61,0.8906984737811537,1.025752859046488
2025-08-01,s28_f28_w28_block,days_1_7,61,0.8925886913648773,1.0440156929040862
2025-08-01,s28_f28_w28_block,days_8_28,61,0.8904996679156729,1.013377901088257
2025-08-01,s28_f28_w28_block,days_29_61,61,0.8904771120889488,1.0293886938889831
2025-08-01,s28_f28_w28_block,last_7_days,61,0.8955504876521977,1.042208685956774
2025-08-01,streams_mean,all,61,0.8823729280259286,1.0279174527009274
2025-08-01,streams_mean,days_1_7,61,0.894355363625927,1.0411266403205188
2025-08-01,streams_mean,days_8_28,61,0.8744167545533958,1.0020567935348133
2025-08-01,streams_mean,days_29_61,61,0.8846683091069211,1.0398878421168534
2025-08-01,streams_mean,last_7_days,61,0.892891931912484,1.0515784096433713
2025-08-01,streams_median,all,61,0.8807851363727204,1.0279339557264942
2025-08-01,streams_median,days_1_7,61,0.8941756796525382,1.0415837722268766
2025-08-01,streams_median,days_8_28,61,0.8705282548043523,0.9994711025175707
2025-08-01,streams_median,days_29_61,61,0.8841046566584093,1.0412645244569094
2025-08-01,streams_median,last_7_days,61,0.8916983358016292,1.0538656494628658
2025-08-01,streams_balanced,all,61,0.8820443575483407,1.0281536819532626
2025-08-01,streams_balanced,days_1_7,61,0.894539035563084,1.0406714936393087
2025-08-01,streams_balanced,days_8_28,61,0.8735626609258289,1.0017077920677442
2025-08-01,streams_balanced,days_29_61,61,0.8845402753672269,1.0405684694883772
2025-08-01,streams_balanced,last_7_days,61,0.8933746821879183,1.0515970621727233
2025-08-01,streams_windows_median,all,61,0.8809279612475056,1.0290684452918828
2025-08-01,streams_windows_median,days_1_7,61,0.8940156656115761,1.0419825604901218
2025-08-01,streams_windows_median,days_8_28,61,0.871405248065973,1.0018101205626357
2025-08-01,streams_windows_median,days_29_61,61,0.883895006296585,1.0418625647740807
2025-08-01,streams_windows_median,last_7_days,61,0.8913227468943679,1.0542633837369102
2025-08-01,streams_balanced_anchor50,all,61,0.8876496104092043,1.0175175618011127
2025-08-01,streams_balanced_anchor50,days_1_7,61,0.8938858667207761,1.0420786167826392
2025-08-01,streams_balanced_anchor50,days_8_28,61,0.8826082957807753,1.0071281581189335
2025-08-01,streams_balanced_anchor50,days_29_61,61,0.8893416664937925,1.0189531483686365
2025-08-01,streams_balanced_anchor50,last_7_days,61,0.8981437751136856,1.0228097199956052
2025-08-01,streams_median_anchor50,all,61,0.8872186166742057,1.0174076986877287
2025-08-01,streams_median_anchor50,days_1_7,61,0.893635990169566,1.042534756076423
2025-08-01,streams_median_anchor50,days_8_28,61,0.8813969305501879,1.0060098133438469
2025-08-01,streams_median_anchor50,days_29_61,61,0.8893099956319672,1.0193011758529027
2025-08-01,streams_median_anchor50,last_7_days,61,0.8977265679441778,1.023944013640676
2025-08-01,streams_blocks_mean,all,61,0.887251722421238,1.023964930782461
2025-08-01,streams_blocks_mean,days_1_7,61,0.8782540908047649,1.0533684941756019
2025-08-01,streams_blocks_mean,days_8_28,61,0.8819879602770535,1.0071975741650188
2025-08-01,streams_blocks_mean,days_29_61,61,0.8917357135443228,1.0280750877384
2025-08-01,streams_blocks_mean,last_7_days,61,0.898709633271912,1.0406707651118152
2025-08-01,synchronized_mean_anchor0,all,61,0.8827242201382318,1.0295616290150758
2025-08-01,synchronized_mean_anchor0,days_1_7,61,0.8941140613873634,1.041682516331724
2025-08-01,synchronized_mean_anchor0,days_8_28,61,0.8762518748292487,1.003854804184907
2025-08-01,synchronized_mean_anchor0,days_29_61,61,0.8843038014332796,1.0416377208199314
2025-08-01,synchronized_mean_anchor0,last_7_days,61,0.8922127021544047,1.0534404743578494
2025-08-01,synchronized_median_anchor0,all,61,0.8801326678911565,1.0290402678317112
2025-08-01,synchronized_median_anchor0,days_1_7,61,0.893049156398207,1.0434857399259694
2025-08-01,synchronized_median_anchor0,days_8_28,61,0.8704856565884257,0.9998708433213708
2025-08-01,synchronized_median_anchor0,days_29_61,61,0.8831983697426402,1.042621723732759
2025-08-01,synchronized_median_anchor0,last_7_days,61,0.8888419153123498,1.0574438932223003
2025-08-01,synchronized_mean_anchor50,all,61,0.8885775179837958,1.016307095191136
2025-08-01,synchronized_mean_anchor50,days_1_7,61,0.8936356721075989,1.0425897625879375
2025-08-01,synchronized_mean_anchor50,days_8_28,61,0.8846960228779084,1.0087729286906622
2025-08-01,synchronized_mean_anchor50,days_29_61,61,0.8898353318852613,1.0158638918205147
2025-08-01,synchronized_mean_anchor50,last_7_days,61,0.8970888558482663,1.0158677906726983
