origin,route,model,score
2025-07-01,1,incumbent_v8,0.8578432554816288
2025-07-01,1,streams_balanced,0.8730151448939272
2025-07-01,1,synchronized_mean_anchor0,0.8706179900483795
2025-07-01,1,trained_stream_ensemble,0.8616640260241328
2025-07-01,1,s28_f28_w28_block,0.8582447511827221
2025-07-01,7,incumbent_v8,0.4090656132250249
2025-07-01,7,streams_balanced,0.3133027039907895
2025-07-01,7,synchronized_mean_anchor0,0.3260270773171374
2025-07-01,7,trained_stream_ensemble,0.4108210615476001
2025-07-01,7,s28_f28_w28_block,0.41561663913252733
2025-07-01,11,incumbent_v8,0.8638715088269763
2025-07-01,11,streams_balanced,0.869537008562194
2025-07-01,11,synchronized_mean_anchor0,0.8682927032462896
2025-07-01,11,trained_stream_ensemble,0.8652877049118661
2025-07-01,11,s28_f28_w28_block,0.8641331433015436
2025-07-01,12,incumbent_v8,0.8700434869503444
2025-07-01,12,streams_balanced,0.8791492430888609
2025-07-01,12,synchronized_mean_anchor0,0.8774961394271119
2025-07-01,12,trained_stream_ensemble,0.8722821452230356
2025-07-01,12,s28_f28_w28_block,0.8720350755577458
2025-07-01,17,incumbent_v8,0.895901680594264
2025-07-01,17,streams_balanced,0.9023511336576233
2025-07-01,17,synchronized_mean_anchor0,0.9010878835504977
2025-07-01,17,trained_stream_ensemble,0.8973019685241045
2025-07-01,17,s28_f28_w28_block,0.8961553131908496
2025-07-01,25,incumbent_v8,0.7563754845154511
2025-07-01,25,streams_balanced,0.7751722773298655
2025-07-01,25,synchronized_mean_anchor0,0.771745330970661
2025-07-01,25,trained_stream_ensemble,0.7609632770591951
2025-07-01,25,s28_f28_w28_block,0.7569935133775165
2025-07-01,26,incumbent_v8,0.832079877333236
2025-07-01,26,streams_balanced,0.8467907803087451
2025-07-01,26,synchronized_mean_anchor0,0.8443178106320296
2025-07-01,26,trained_stream_ensemble,0.833958186158321
2025-07-01,26,s28_f28_w28_block,0.8304798549502738
2025-07-01,28,incumbent_v8,0.7906813033552031
2025-07-01,28,streams_balanced,0.8002484851623037
2025-07-01,28,synchronized_mean_anchor0,0.7984750034123311
2025-07-01,28,trained_stream_ensemble,0.7919071037413749
2025-07-01,28,s28_f28_w28_block,0.7884998339422928
2025-07-01,50,incumbent_v8,0.7437101477089937
2025-07-01,50,streams_balanced,0.7611392457619248
2025-07-01,50,synchronized_mean_anchor0,0.7632125640420747
2025-07-01,50,trained_stream_ensemble,0.7600986829430448
2025-07-01,50,s28_f28_w28_block,0.7637044172478058
2025-08-01,1,incumbent_v8,0.9191047308965521
2025-08-01,1,streams_balanced,0.9194573207056551
2025-08-01,1,synchronized_mean_anchor0,0.9193158222627968
2025-08-01,1,trained_stream_ensemble,0.9199752877787406
2025-08-01,1,s28_f28_w28_block,0.9195598674660963
2025-08-01,7,incumbent_v8,0.8549139680416065
2025-08-01,7,streams_balanced,0.810959878842879
2025-08-01,7,synchronized_mean_anchor0,0.812327975319085
2025-08-01,7,trained_stream_ensemble,0.8502615826270701
2025-08-01,7,s28_f28_w28_block,0.8538318337466202
2025-08-01,11,incumbent_v8,0.9037761808651257
2025-08-01,11,streams_balanced,0.9069353979407175
2025-08-01,11,synchronized_mean_anchor0,0.9068917540519061
2025-08-01,11,trained_stream_ensemble,0.9054411976344569
2025-08-01,11,s28_f28_w28_block,0.9056021457750788
2025-08-01,12,incumbent_v8,0.9120370008399796
2025-08-01,12,streams_balanced,0.9110638728546429
2025-08-01,12,synchronized_mean_anchor0,0.9109228612302207
2025-08-01,12,trained_stream_ensemble,0.9131083854752486
2025-08-01,12,s28_f28_w28_block,0.9125041618098999
2025-08-01,17,incumbent_v8,0.9288068254775389
2025-08-01,17,streams_balanced,0.9255292739394718
2025-08-01,17,synchronized_mean_anchor0,0.925781701845347
2025-08-01,17,trained_stream_ensemble,0.929027717692554
2025-08-01,17,s28_f28_w28_block,0.9286036591887157
2025-08-01,25,incumbent_v8,0.847836882055397
2025-08-01,25,streams_balanced,0.848848534890408
2025-08-01,25,synchronized_mean_anchor0,0.8490900088960801
2025-08-01,25,trained_stream_ensemble,0.8486477949890281
2025-08-01,25,s28_f28_w28_block,0.8490821353851465
2025-08-01,26,incumbent_v8,0.9196421667245158
2025-08-01,26,streams_balanced,0.918364070641619
2025-08-01,26,synchronized_mean_anchor0,0.9182600345312513
2025-08-01,26,trained_stream_ensemble,0.9192827575385524
2025-08-01,26,s28_f28_w28_block,0.9187759798162725
2025-08-01,28,incumbent_v8,0.8574220052939876
2025-08-01,28,streams_balanced,0.8505902595389048
2025-08-01,28,synchronized_mean_anchor0,0.8504050043879939
2025-08-01,28,trained_stream_ensemble,0.8534197510737749
2025-08-01,28,s28_f28_w28_block,0.8504122628094458
2025-08-01,50,incumbent_v8,0.7221731791681473
2025-08-01,50,streams_balanced,0.7121336799131456
2025-08-01,50,synchronized_mean_anchor0,0.7169424682624015
2025-08-01,50,trained_stream_ensemble,0.7417130772411675
2025-08-01,50,s28_f28_w28_block,0.7502229667494976
2025-09-01,1,incumbent_v8,0.9167057714687703
2025-09-01,1,streams_balanced,0.9190048172160633
2025-09-01,1,synchronized_mean_anchor0,0.9191077924294493
2025-09-01,1,trained_stream_ensemble,0.9178579093299365
2025-09-01,1,s28_f28_w28_block,0.9178065289129769
2025-09-01,7,incumbent_v8,0.877677488910137
2025-09-01,7,streams_balanced,0.8563056132576145
2025-09-01,7,synchronized_mean_anchor0,0.8614918075909472
2025-09-01,7,trained_stream_ensemble,0.866363875638188
2025-09-01,7,s28_f28_w28_block,0.8702841783907421
2025-09-01,11,incumbent_v8,0.9094615126877863
2025-09-01,11,streams_balanced,0.9079048409431834
2025-09-01,11,synchronized_mean_anchor0,0.9078685977741843
2025-09-01,11,trained_stream_ensemble,0.9096604717020044
2025-09-01,11,s28_f28_w28_block,0.9092098471002656
2025-09-01,12,incumbent_v8,0.9132464096090094
2025-09-01,12,streams_balanced,0.9057809294853382
2025-09-01,12,synchronized_mean_anchor0,0.9059658267267603
2025-09-01,12,trained_stream_ensemble,0.9122658788470013
2025-09-01,12,s28_f28_w28_block,0.9132181043836659
2025-09-01,17,incumbent_v8,0.9360236804974771
2025-09-01,17,streams_balanced,0.9354952871280118
2025-09-01,17,synchronized_mean_anchor0,0.9358721243012534
2025-09-01,17,trained_stream_ensemble,0.9371780749911347
2025-09-01,17,s28_f28_w28_block,0.9369399289559195
2025-09-01,25,incumbent_v8,0.8432072178994892
2025-09-01,25,streams_balanced,0.8491963401538347
2025-09-01,25,synchronized_mean_anchor0,0.848340918053308
2025-09-01,25,trained_stream_ensemble,0.8452296127121114
2025-09-01,25,s28_f28_w28_block,0.843463294565846
2025-09-01,26,incumbent_v8,0.9215653197297551
2025-09-01,26,streams_balanced,0.9225315423005475
2025-09-01,26,synchronized_mean_anchor0,0.9221687069476671
2025-09-01,26,trained_stream_ensemble,0.9225504577236449
2025-09-01,26,s28_f28_w28_block,0.9216223068154938
2025-09-01,28,incumbent_v8,0.8675679889176402
2025-09-01,28,streams_balanced,0.8659381418661941
2025-09-01,28,synchronized_mean_anchor0,0.8662546920505196
2025-09-01,28,trained_stream_ensemble,0.8671516347686934
2025-09-01,28,s28_f28_w28_block,0.8682085713617776
2025-09-01,50,incumbent_v8,0.8583469005577544
2025-09-01,50,streams_balanced,0.8559854275835763
2025-09-01,50,synchronized_mean_anchor0,0.857748888143105
2025-09-01,50,trained_stream_ensemble,0.8651444153438812
2025-09-01,50,s28_f28_w28_block,0.846062843489599
2025-10-01,1,incumbent_v8,0.9148979318526571
2025-10-01,1,streams_balanced,0.9165915728276818
2025-10-01,1,synchronized_mean_anchor0,0.9161959384039294
2025-10-01,1,trained_stream_ensemble,0.915108268473516
2025-10-01,1,s28_f28_w28_block,0.9143330883625371
2025-10-01,7,incumbent_v8,0.8937463754828862
2025-10-01,7,streams_balanced,0.8953354726117297
2025-10-01,7,synchronized_mean_anchor0,0.8953504164216569
2025-10-01,7,trained_stream_ensemble,0.8921672334053328
2025-10-01,7,s28_f28_w28_block,0.8945763980251304
2025-10-01,11,incumbent_v8,0.9122123276518287
2025-10-01,11,streams_balanced,0.9072276322824223
2025-10-01,11,synchronized_mean_anchor0,0.9076179469874288
2025-10-01,11,trained_stream_ensemble,0.9116967856435684
2025-10-01,11,s28_f28_w28_block,0.911775289878533
2025-10-01,12,incumbent_v8,0.9236829362749321
2025-10-01,12,streams_balanced,0.9230130228647964
2025-10-01,12,synchronized_mean_anchor0,0.9228222847273787
2025-10-01,12,trained_stream_ensemble,0.9240564128896418
2025-10-01,12,s28_f28_w28_block,0.9233642888372653
2025-10-01,17,incumbent_v8,0.938631585683327
2025-10-01,17,streams_balanced,0.9421350951443488
2025-10-01,17,synchronized_mean_anchor0,0.9416458191417271
2025-10-01,17,trained_stream_ensemble,0.9386321966467661
2025-10-01,17,s28_f28_w28_block,0.9379096772799329
2025-10-01,25,incumbent_v8,0.8344596556962806
2025-10-01,25,streams_balanced,0.8358733895243804
2025-10-01,25,synchronized_mean_anchor0,0.8352730888160719
2025-10-01,25,trained_stream_ensemble,0.8343713795943931
2025-10-01,25,s28_f28_w28_block,0.8344990804047709
2025-10-01,26,incumbent_v8,0.9229143857932143
2025-10-01,26,streams_balanced,0.9222756588356827
2025-10-01,26,synchronized_mean_anchor0,0.9221795526763908
2025-10-01,26,trained_stream_ensemble,0.9233392980776554
2025-10-01,26,s28_f28_w28_block,0.9229054596644581
2025-10-01,28,incumbent_v8,0.873062985985987
2025-10-01,28,streams_balanced,0.8692224083955359
2025-10-01,28,synchronized_mean_anchor0,0.8695227879812131
2025-10-01,28,trained_stream_ensemble,0.872329607509785
2025-10-01,28,s28_f28_w28_block,0.8735842897054228
2025-10-01,50,incumbent_v8,0.885878170579686
2025-10-01,50,streams_balanced,0.8835189743273996
2025-10-01,50,synchronized_mean_anchor0,0.8823840005840746
2025-10-01,50,trained_stream_ensemble,0.8854641344113162
2025-10-01,50,s28_f28_w28_block,0.8859224177695906
