month,old_2022_2024,new_2023_2024
1,0.8362372734496681,0.8281219245348347
2,1.0077348745397485,0.9924988436672351
3,1.0751098889546886,1.0576174117914805
4,1.0785397965391028,1.0782767527803772
5,0.9814142484645672,0.9881564907107255
6,0.9441212297248937,0.938354862438346
7,0.809345392917624,0.843319611875138
8,0.856654426744145,0.8619616323140982
9,1.0315325341852837,1.0414950835213572
10,1.097060212288547,1.1019174407054777
11,1.0784093033725903,1.1214078393403675
12,1.1354330384697238,1.1468721063205631
