year,month,monthly_passengers,daily_passengers,daily_vs_spring
2023,1,11521891,371673.9032258064,0.7617070440288289
2023,2,12402640,442951.4285714286,0.9077829257775641
2023,3,15106341,487301.32258064515,0.9986734251523038
2023,4,14658525,488617.5,1.001370794009286
2023,11,15833268,527775.6,1.0816212510414123
2023,12,15953940,514643.22580645164,1.0547078147166378
2024,1,13925842,449220.70967741933,0.7896349981085786
2024,2,15699092,541348.0,0.9515752897123612
2024,3,17321179,558747.7096774194,0.9821602993128424
2024,4,17381517,579383.9,1.0184343573767294
2024,11,17379414,579313.8,1.018311136402774
2024,12,19289332,622236.5161290322,1.093760193267721
