year,month,passengers,daily
2019,1,16851856,543608.2580645161
2019,2,18239165,651398.75
2019,3,20424685,658860.8064516129
2019,4,21283179,709439.3
2019,5,18087776,583476.6451612903
2019,6,17135891,571196.3666666667
2019,7,16504299,532396.7419354839
2019,8,14683203,473651.70967741933
2019,9,16780913,559363.7666666667
2019,10,17309875,558383.0645161291
2019,11,15940706,531356.8666666667
2019,12,19549852,630640.3870967742
2020,1,17002406,548464.7096774194
2020,2,18362856,633201.9310344828
2020,3,15285872,493092.6451612903
2020,4,3132020,104400.66666666667
2020,5,3533469,113982.87096774194
2020,6,8401189,280039.63333333336
2020,7,11212783,361702.67741935485
2020,8,12670171,408715.1935483871
2020,9,15788584,526286.1333333333
2020,10,10237557,330243.77419354836
2020,11,8754029,291800.9666666667
2020,12,9871095,318422.4193548387
2021,1,8114171,261747.4516129032
2021,2,9620990,343606.78571428574
2021,3,12990137,419036.67741935485
2021,4,14376953,479231.76666666666
2021,5,13654377,440463.77419354836
2021,6,13082360,436078.6666666667
2021,7,11735376,378560.51612903224
2021,8,11558217,372845.70967741933
2021,9,13689250,456308.3333333333
2021,10,13659168,440618.32258064515
2021,11,12066231,402207.7
2021,12,14104652,454988.77419354836
2022,1,10918035,352194.67741935485
2022,2,11850474,423231.21428571426
2022,3,15143737,488507.6451612903
2022,4,14714368,490478.93333333335
2022,5,12680296,409041.8064516129
2022,6,12355262,411842.06666666665
2022,7,10373538,334630.2580645161
2022,8,10682660,344601.93548387097
2022,9,12833097,427769.9
2022,10,13551334,437139.8064516129
2022,11,13423940,447464.6666666667
2022,12,13759655,443859.8387096774
2023,1,11521891,371673.9032258064
2023,2,12402640,442951.4285714286
2023,3,15106341,487301.32258064515
2023,4,14658525,488617.5
2023,5,13789826,444833.0967741936
2023,6,12837893,427929.76666666666
2023,7,11372091,366841.6451612903
2023,8,12036829,388284.8064516129
2023,9,14297423,476580.76666666666
2023,10,15551262,501653.6129032258
2023,11,15833268,527775.6
2023,12,15953940,514643.22580645164
2024,1,13925842,449220.70967741933
2024,2,15699092,541348.0
2024,3,17321179,558747.7096774194
2024,4,17381517,579383.9
2024,5,16568028,534452.5161290322
2024,6,15029397,500979.9
2024,7,14609556,471276.0
2024,8,14442610,465890.6451612903
2024,9,16623958,554131.9333333333
2024,10,18269321,589332.9354838709
2024,11,17379414,579313.8
2024,12,19289332,622236.5161290322
2025,1,16264325,524655.6451612903
2025,2,17486864,624530.8571428572
2025,3,19743210,636877.7419354839
2025,4,19360476,645349.2
2025,5,17250848,556478.9677419355
2025,6,15659056,521968.5333333333
2025,7,15335170,494682.9032258064
2025,8,15196860,490221.29032258067
2025,9,18560809,618693.6333333333
