route_number,route_name,route_id,directions_count,scheduled_trips,min_stops_per_trip,max_stops_per_trip
1,Чертаново Южное - Москворецкий рынок,254,2,480,22,22
10,Таллинская улица - Метро «Щукинская»,306,2,324,9,11
11,Останкино - Восточное Измайлово,210,2,406,42,42
12,Восточное Измайлово - МЦК Дубровка,291,2,405,47,48
13,Метрогородок - Каланчёвская улица,422,2,470,23,25
14,Метро «Университет» - Метро «Октябрьская»,258,2,343,22,22
15,Таллинская улица - Метро «Сокол»,310,2,402,19,19
16,Чертаново Южное - Даниловская мануфактура,278,2,442,33,33
17,Медведково - Останкино,375,2,987,27,27
2,Курский вокзал - 3-я Владимирская улица,407,2,366,22,22
21,Таллинская улица - Метро «Щукинская»,315,2,308,11,13
23,Михалково - Метро «Сокол»,319,2,412,22,24
25,Останкино - Метро «Сокольники»,420,2,345,21,22
26,Метро «Университет» - Метро «Октябрьская»,283,2,460,27,28
27,Метро «Дмитровская» - Метро «Войковская»,325,2,449,23,24
28,Проспект Маршала Жукова - Метро «Сокол»,264,2,398,15,16
29,Метро «Дмитровская» - Михалково,317,2,308,16,16
3,Метро «Чертановская» - Метро «Чистые пруды»,343,2,398,37,37
30,Таллинская улица - Михалково,322,2,389,31,33
31,Проспект Маршала Жукова - Метро «Войковская»,329,2,412,18,20
32,Курский вокзал - Метро «Партизанская»,341,2,369,30,33
36,Метрогородок - МЦД Новогиреево,366,2,368,44,45
37,МЦД Новогиреево - Каланчёвская улица,374,2,381,37,38
38,Черёмушки - Проезд Энтузиастов,372,2,314,39,39
39,Метро «Университет» - Метро «Чистые пруды»,311,2,412,38,38
4,Метро «Бульвар Рокоссовского» - Курский вокзал,1677,2,338,39,41
43,МЦК Угрешская - Метро «Сокольники»,338,2,351,36,37
46,Метрогородок - МЦД Калитники,387,2,376,49,51
47,Нагатино - Метро «Октябрьская»,384,2,530,30,31
49,Нагатино - Даниловская мануфактура,1264,2,310,20,21
50,Проезд Энтузиастов - Метро «Новослободская»,443,2,378,40,41
6,Братцево - Метро «Сокол»,331,2,679,28,29
7,Метро «Бульвар Рокоссовского» - Белорусский вокзал,867,2,413,43,44
9,Белорусский вокзал - МИИТ,453,2,122,8,11
А,МЦД Калитники - Метро «Чистые пруды»,393,2,377,23,23
