year,month,passengers,daily,mode
2019,1,185698294,5990267.548387097,metro
2019,2,195593495,6985481.964285715,metro
2019,3,214547007,6920871.193548387,metro
2019,4,220410081,7347002.7,metro
2019,5,197948203,6385425.903225807,metro
2019,6,192981422,6432714.066666666,metro
2019,7,195544540,6307888.387096774,metro
2019,8,190712759,6152024.483870967,metro
2019,9,208873418,6962447.266666667,metro
2019,10,230903176,7448489.548387097,metro
2019,11,215330844,7177694.8,metro
2019,12,229860660,7414860.0,metro
2020,1,190424560,6142727.741935484,metro
2020,2,198480020,6844138.620689655,metro
2020,3,162977376,5257334.70967742,metro
2020,4,30968842,1032294.7333333333,metro
2020,5,37153302,1198493.6129032257,metro
2020,6,91282773,3042759.1,metro
2020,7,132697511,4280564.870967742,metro
2020,8,140630624,4536471.741935484,metro
2020,9,165626822,5520894.066666666,metro
2020,10,146054106,4711422.774193549,metro
2020,11,126327859,4210928.633333334,metro
2020,12,139290419,4493239.322580645,metro
2021,1,117110706,3777764.709677419,metro
2021,2,140480567,5017163.107142857,metro
2021,3,171908954,5545450.129032258,metro
2021,4,176388183,5879606.1,metro
2021,5,155833746,5026895.0322580645,metro
2021,6,153206515,5106883.833333333,metro
2021,7,143543961,4630450.354838709,metro
2021,8,152691660,4925537.419354838,metro
2021,9,174228767,5807625.566666666,metro
2021,10,174362919,5624610.29032258,metro
2021,11,153748864,5124962.133333334,metro
2021,12,187120649,6036149.9677419355,metro
2022,1,142658611,4601890.677419355,metro
2022,2,148920373,5318584.75,metro
2022,3,186258565,6008340.806451613,metro
2022,4,181107491,6036916.366666666,metro
2022,5,171024148,5516908.0,metro
2022,6,178147631,5938254.366666666,metro
2022,7,164627020,5310549.0322580645,metro
2022,8,166304946,5364675.677419355,metro
2022,9,183159860,6105328.666666667,metro
2022,10,184305526,5945339.548387097,metro
2022,11,178357666,5945255.533333333,metro
2022,12,185600889,5987125.451612903,metro
2023,1,153954763,4966282.677419355,metro
2023,2,157554035,5626929.821428572,metro
2023,3,191019289,6161912.548387097,metro
2023,4,185367938,6178931.266666667,metro
2023,5,182834735,5897894.677419355,metro
2023,6,179465789,5982192.966666667,metro
2023,7,168481855,5434898.548387097,metro
2023,8,173727680,5604118.70967742,metro
2023,9,189321653,6310721.766666667,metro
2023,10,196942195,6352974.0322580645,metro
2023,11,193186782,6439559.4,metro
2023,12,197730111,6378390.677419355,metro
2024,1,167937736,5417346.322580645,metro
2024,2,184532666,6363195.379310345,metro
2024,3,194238974,6265773.354838709,metro
2024,4,193694860,6456495.333333333,metro
2024,5,188650828,6085510.580645162,metro
2024,6,179103407,5970113.566666666,metro
2024,7,176362954,5689127.548387097,metro
2024,8,174861878,5640705.741935484,metro
2024,9,190948549,6364951.633333334,metro
2024,10,206664134,6666584.9677419355,metro
2024,11,195405688,6513522.933333334,metro
2024,12,205402997,6625903.129032258,metro
2019,1,7227364,233140.7741935484,mcc
2019,2,8076174,288434.78571428574,mcc
2019,3,8818578,284470.2580645161,mcc
2019,4,9781828,326060.93333333335,mcc
2019,5,8812786,284283.4193548387,mcc
2019,6,8546506,284883.5333333333,mcc
2019,7,8706549,280856.4193548387,mcc
2019,8,8448720,272539.3548387097,mcc
2019,9,9159090,305303.0,mcc
2019,10,10737375,346366.93548387097,mcc
2019,11,9976792,332559.73333333334,mcc
2019,12,10280834,331639.8064516129,mcc
2020,1,8433745,272056.29032258067,mcc
2020,2,9223993,318068.724137931,mcc
2020,3,8091998,261032.1935483871,mcc
2020,4,1788106,59603.53333333333,mcc
2020,5,2284636,73697.93548387097,mcc
2020,6,5232851,174428.36666666667,mcc
2020,7,7463215,240748.87096774194,mcc
2020,8,7975840,257285.16129032258,mcc
2020,9,9316246,310541.5333333333,mcc
2020,10,8440819,272284.48387096776,mcc
2020,11,7246957,241565.23333333334,mcc
2020,12,7919772,255476.51612903227,mcc
2021,1,6434151,207553.25806451612,mcc
2021,2,7684030,274429.64285714284,mcc
2021,3,9521215,307135.96774193546,mcc
2021,4,9930171,331005.7,mcc
2021,5,8934836,288220.51612903224,mcc
2021,6,9002631,300087.7,mcc
2021,7,8734736,281765.67741935485,mcc
2021,8,9106638,293762.51612903224,mcc
2021,9,10263802,342126.73333333334,mcc
2021,10,10287091,331841.6451612903,mcc
2021,11,9141398,304713.26666666666,mcc
2021,12,10399351,335462.93548387097,mcc
2022,1,7681798,247799.93548387097,mcc
2022,2,8189925,292497.3214285714,mcc
2022,3,10414015,335935.96774193546,mcc
2022,4,10155687,338522.9,mcc
2022,5,9637620,310890.96774193546,mcc
2022,6,10238476,341282.5333333333,mcc
2022,7,9509607,306761.51612903224,mcc
2022,8,9626389,310528.67741935485,mcc
2022,9,10412017,347067.23333333334,mcc
2022,10,10385818,335026.3870967742,mcc
2022,11,10425247,347508.23333333334,mcc
2022,12,10609368,342237.67741935485,mcc
2023,1,8639362,278689.0967741936,mcc
2023,2,9162294,327224.78571428574,mcc
2023,3,10580664,341311.7419354839,mcc
2023,4,10131742,337724.73333333334,mcc
2023,5,10156334,327623.67741935485,mcc
2023,6,9807073,326902.43333333335,mcc
2023,7,9196980,296676.77419354836,mcc
2023,8,9686293,312461.06451612903,mcc
2023,9,10513578,350452.6,mcc
2023,10,10631877,342963.77419354836,mcc
2023,11,10323984,344132.8,mcc
2023,12,10036206,323748.5806451613,mcc
2024,1,8542237,275556.03225806454,mcc
2024,2,9515057,328105.4137931034,mcc
2024,3,10134800,326929.03225806454,mcc
2024,4,10425323,347510.76666666666,mcc
2024,5,10211843,329414.29032258067,mcc
2024,6,9868160,328938.6666666667,mcc
2024,7,10237087,330228.6129032258,mcc
2024,8,10113857,326253.4516129032,mcc
2024,9,10888768,362958.93333333335,mcc
2024,10,11579062,373518.12903225806,mcc
2024,11,10765672,358855.73333333334,mcc
2024,12,10797018,348290.9032258064,mcc
2019,1,106731468,3442950.580645161,road_combined
2019,2,115081838,4110065.6428571427,road_combined
2019,3,126512734,4081055.935483871,road_combined
2019,4,127546065,4251535.5,road_combined
2019,5,109082106,3518777.6129032257,road_combined
2019,6,101117634,3370587.8,road_combined
2019,7,103014376,3323044.3870967743,road_combined
2019,8,104272745,3363636.935483871,road_combined
2019,9,116661369,3888712.3,road_combined
2019,10,132168218,4263490.903225807,road_combined
2019,11,123321387,4110712.9,road_combined
2019,12,127709019,4119645.7741935486,road_combined
2020,1,109363055,3527840.4838709678,road_combined
2020,2,116291315,4010045.3448275863,road_combined
2020,3,99723813,3216897.193548387,road_combined
2020,4,21664908,722163.6,road_combined
2020,5,23709990,764838.3870967742,road_combined
2020,6,53243858,1774795.2666666666,road_combined
2020,7,74871196,2415199.870967742,road_combined
2020,8,77792985,2509451.129032258,road_combined
2020,9,90750091,3025003.033333333,road_combined
2020,10,75459565,2434179.5161290322,road_combined
2020,11,65201854,2173395.1333333333,road_combined
2020,12,69377319,2237978.0322580645,road_combined
2021,1,57715556,1861792.1290322582,road_combined
2021,2,68551157,2448255.6071428573,road_combined
2021,3,92905657,2996956.6774193547,road_combined
2021,4,95624485,3187482.8333333335,road_combined
2021,5,78598789,2535444.806451613,road_combined
2021,6,74654450,2488481.6666666665,road_combined
2021,7,69633001,2246225.8387096776,road_combined
2021,8,74071559,2389405.129032258,road_combined
2021,9,84762713,2825423.7666666666,road_combined
2021,10,86918970,2803837.7419354836,road_combined
2021,11,75597762,2519925.4,road_combined
2021,12,82971394,2676496.580645161,road_combined
2022,1,66557784,2147025.290322581,road_combined
2022,2,71901039,2567894.25,road_combined
2022,3,91208476,2942208.9032258065,road_combined
2022,4,89641680,2988056.0,road_combined
2022,5,80890909,2609384.1612903224,road_combined
2022,6,80634716,2687823.8666666667,road_combined
2022,7,74275526,2395984.709677419,road_combined
2022,8,76734174,2475295.935483871,road_combined
2022,9,87218538,2907284.6,road_combined
2022,10,93225617,3007277.9677419355,road_combined
2022,11,90352268,3011742.2666666666,road_combined
2022,12,91801436,2961336.64516129,road_combined
2023,1,78034565,2517244.0322580645,road_combined
2023,2,81168477,2898874.1785714286,road_combined
2023,3,96860323,3124526.5483870967,road_combined
2023,4,92617803,3087260.1,road_combined
2023,5,87695004,2828871.0967741935,road_combined
2023,6,83465110,2782170.3333333335,road_combined
2023,7,78082824,2518800.7741935486,road_combined
2023,8,82183268,2651073.1612903224,road_combined
2023,9,91926254,3064208.466666667,road_combined
2023,10,98775243,3186298.1612903224,road_combined
2023,11,97822388,3260746.2666666666,road_combined
2023,12,98730715,3184861.7741935486,road_combined
2024,1,84567484,2727983.35483871,road_combined
2024,2,95496701,3292989.6896551726,road_combined
2024,3,104677037,3376678.6129032257,road_combined
2024,4,103053203,3435106.7666666666,road_combined
2024,5,93649676,3020957.290322581,road_combined
2024,6,84520838,2817361.2666666666,road_combined
2024,7,82515323,2661784.6129032257,road_combined
2024,8,83280068,2686453.806451613,road_combined
2024,9,92361953,3078731.7666666666,road_combined
2024,10,103340784,3333573.6774193547,road_combined
2024,11,102176874,3405895.8,road_combined
2024,12,105088865,3389963.3870967743,road_combined
2019,1,16851856,543608.2580645161,tram_control
2019,2,18239165,651398.75,tram_control
2019,3,20424685,658860.8064516129,tram_control
2019,4,21283179,709439.3,tram_control
2019,5,18087776,583476.6451612903,tram_control
2019,6,17135891,571196.3666666667,tram_control
2019,7,16504299,532396.7419354839,tram_control
2019,8,14683203,473651.70967741933,tram_control
2019,9,16780913,559363.7666666667,tram_control
2019,10,17309875,558383.0645161291,tram_control
2019,11,15940706,531356.8666666667,tram_control
2019,12,19549852,630640.3870967742,tram_control
2020,1,17002406,548464.7096774194,tram_control
2020,2,18362856,633201.9310344828,tram_control
2020,3,15285872,493092.6451612903,tram_control
2020,4,3132020,104400.66666666667,tram_control
2020,5,3533469,113982.87096774194,tram_control
2020,6,8401189,280039.63333333336,tram_control
2020,7,11212783,361702.67741935485,tram_control
2020,8,12670171,408715.1935483871,tram_control
2020,9,15788584,526286.1333333333,tram_control
2020,10,10237557,330243.77419354836,tram_control
2020,11,8754029,291800.9666666667,tram_control
2020,12,9871095,318422.4193548387,tram_control
2021,1,8114171,261747.4516129032,tram_control
2021,2,9620990,343606.78571428574,tram_control
2021,3,12990137,419036.67741935485,tram_control
2021,4,14376953,479231.76666666666,tram_control
2021,5,13654377,440463.77419354836,tram_control
2021,6,13082360,436078.6666666667,tram_control
2021,7,11735376,378560.51612903224,tram_control
2021,8,11558217,372845.70967741933,tram_control
2021,9,13689250,456308.3333333333,tram_control
2021,10,13659168,440618.32258064515,tram_control
2021,11,12066231,402207.7,tram_control
2021,12,14104652,454988.77419354836,tram_control
2022,1,10918035,352194.67741935485,tram_control
2022,2,11850474,423231.21428571426,tram_control
2022,3,15143737,488507.6451612903,tram_control
2022,4,14714368,490478.93333333335,tram_control
2022,5,12680296,409041.8064516129,tram_control
2022,6,12355262,411842.06666666665,tram_control
2022,7,10373538,334630.2580645161,tram_control
2022,8,10682660,344601.93548387097,tram_control
2022,9,12833097,427769.9,tram_control
2022,10,13551334,437139.8064516129,tram_control
2022,11,13423940,447464.6666666667,tram_control
2022,12,13759655,443859.8387096774,tram_control
2023,1,11521891,371673.9032258064,tram_control
2023,2,12402640,442951.4285714286,tram_control
2023,3,15106341,487301.32258064515,tram_control
2023,4,14658525,488617.5,tram_control
2023,5,13789826,444833.0967741936,tram_control
2023,6,12837893,427929.76666666666,tram_control
2023,7,11372091,366841.6451612903,tram_control
2023,8,12036829,388284.8064516129,tram_control
2023,9,14297423,476580.76666666666,tram_control
2023,10,15551262,501653.6129032258,tram_control
2023,11,15833268,527775.6,tram_control
2023,12,15953940,514643.22580645164,tram_control
2024,1,13925842,449220.70967741933,tram_control
2024,2,15699092,541348.0,tram_control
2024,3,17321179,558747.7096774194,tram_control
2024,4,17381517,579383.9,tram_control
2024,5,16568028,534452.5161290322,tram_control
2024,6,15029397,500979.9,tram_control
2024,7,14609556,471276.0,tram_control
2024,8,14442610,465890.6451612903,tram_control
2024,9,16623958,554131.9333333333,tram_control
2024,10,18269321,589332.9354838709,tram_control
2024,11,17379414,579313.8,tram_control
2024,12,19289332,622236.5161290322,tram_control
