fold,model,strength,levels,score,incumbent
2025-07-01,spring_raw,0.25,anchored,0.8125770128036091,0.8125770128036091
2025-07-01,spring_raw,0.25,bounded,0.8125770128036091,0.8125770128036091
2025-07-01,spring_raw,0.25,free,0.8125770128036091,0.8125770128036091
2025-07-01,spring_raw,0.5,anchored,0.8125770128036091,0.8125770128036091
2025-07-01,spring_raw,0.5,bounded,0.8125770128036091,0.8125770128036091
2025-07-01,spring_raw,0.5,free,0.8125770128036091,0.8125770128036091
2025-07-01,spring_raw,1.0,anchored,0.8125770128036091,0.8125770128036091
2025-07-01,spring_raw,1.0,bounded,0.8125770128036091,0.8125770128036091
2025-07-01,spring_raw,1.0,free,0.8125770128036091,0.8125770128036091
2025-07-01,spring_recent,0.25,anchored,0.8125770128036091,0.8125770128036091
2025-07-01,spring_recent,0.25,bounded,0.8125770128036091,0.8125770128036091
2025-07-01,spring_recent,0.25,free,0.8125770128036091,0.8125770128036091
2025-07-01,spring_recent,0.5,anchored,0.8125770128036091,0.8125770128036091
2025-07-01,spring_recent,0.5,bounded,0.8125770128036091,0.8125770128036091
2025-07-01,spring_recent,0.5,free,0.8125770128036091,0.8125770128036091
2025-07-01,spring_recent,1.0,anchored,0.8125770128036091,0.8125770128036091
2025-07-01,spring_recent,1.0,bounded,0.8125770128036091,0.8125770128036091
2025-07-01,spring_recent,1.0,free,0.8125770128036091,0.8125770128036091
2025-07-01,spring_season_half,0.25,anchored,0.8125770128036091,0.8125770128036091
2025-07-01,spring_season_half,0.25,bounded,0.8125770128036091,0.8125770128036091
2025-07-01,spring_season_half,0.25,free,0.8125770128036091,0.8125770128036091
2025-07-01,spring_season_half,0.5,anchored,0.8125770128036091,0.8125770128036091
2025-07-01,spring_season_half,0.5,bounded,0.8125770128036091,0.8125770128036091
2025-07-01,spring_season_half,0.5,free,0.8125770128036091,0.8125770128036091
2025-07-01,spring_season_half,1.0,anchored,0.8125770128036091,0.8125770128036091
2025-07-01,spring_season_half,1.0,bounded,0.8125770128036091,0.8125770128036091
2025-07-01,spring_season_half,1.0,free,0.8125770128036091,0.8125770128036091
2025-07-01,spring_season_full,0.25,anchored,0.8125770128036091,0.8125770128036091
2025-07-01,spring_season_full,0.25,bounded,0.8125770128036091,0.8125770128036091
2025-07-01,spring_season_full,0.25,free,0.8125770128036091,0.8125770128036091
2025-07-01,spring_season_full,0.5,anchored,0.8125770128036091,0.8125770128036091
2025-07-01,spring_season_full,0.5,bounded,0.8125770128036091,0.8125770128036091
2025-07-01,spring_season_full,0.5,free,0.8125770128036091,0.8125770128036091
2025-07-01,spring_season_full,1.0,anchored,0.8125770128036091,0.8125770128036091
2025-07-01,spring_season_full,1.0,bounded,0.8125770128036091,0.8125770128036091
2025-07-01,spring_season_full,1.0,free,0.8125770128036091,0.8125770128036091
2025-07-01,no_january,0.25,anchored,0.8125770128036091,0.8125770128036091
2025-07-01,no_january,0.25,bounded,0.8125770128036091,0.8125770128036091
2025-07-01,no_january,0.25,free,0.8125770128036091,0.8125770128036091
2025-07-01,no_january,0.5,anchored,0.8125770128036091,0.8125770128036091
2025-07-01,no_january,0.5,bounded,0.8125770128036091,0.8125770128036091
2025-07-01,no_january,0.5,free,0.8125770128036091,0.8125770128036091
2025-07-01,no_january,1.0,anchored,0.8125770128036091,0.8125770128036091
2025-07-01,no_january,1.0,bounded,0.8125770128036091,0.8125770128036091
2025-07-01,no_january,1.0,free,0.8125770128036091,0.8125770128036091
2025-07-01,prior_2023_2024,0.25,anchored,0.8125770128036091,0.8125770128036091
2025-07-01,prior_2023_2024,0.25,bounded,0.8125770128036091,0.8125770128036091
2025-07-01,prior_2023_2024,0.25,free,0.8125770128036091,0.8125770128036091
2025-07-01,prior_2023_2024,0.5,anchored,0.8125770128036091,0.8125770128036091
2025-07-01,prior_2023_2024,0.5,bounded,0.8125770128036091,0.8125770128036091
2025-07-01,prior_2023_2024,0.5,free,0.8125770128036091,0.8125770128036091
2025-07-01,prior_2023_2024,1.0,anchored,0.8125770128036091,0.8125770128036091
2025-07-01,prior_2023_2024,1.0,bounded,0.8125770128036091,0.8125770128036091
2025-07-01,prior_2023_2024,1.0,free,0.8125770128036091,0.8125770128036091
2025-08-01,spring_raw,0.25,anchored,0.8888315481982177,0.888255512005749
2025-08-01,spring_raw,0.25,bounded,0.890090223967675,0.888255512005749
2025-08-01,spring_raw,0.25,free,0.8919612031566188,0.888255512005749
2025-08-01,spring_raw,0.5,anchored,0.8888580195025786,0.888255512005749
2025-08-01,spring_raw,0.5,bounded,0.8907991373924051,0.888255512005749
2025-08-01,spring_raw,0.5,free,0.893254394290292,0.888255512005749
2025-08-01,spring_raw,1.0,anchored,0.8872864955832876,0.888255512005749
2025-08-01,spring_raw,1.0,bounded,0.8889635714777653,0.888255512005749
2025-08-01,spring_raw,1.0,free,0.8885716381374568,0.888255512005749
2025-08-01,spring_recent,0.25,anchored,0.8888246010143812,0.888255512005749
2025-08-01,spring_recent,0.25,bounded,0.8900758809135707,0.888255512005749
2025-08-01,spring_recent,0.25,free,0.8921835006094889,0.888255512005749
2025-08-01,spring_recent,0.5,anchored,0.8888510545449277,0.888255512005749
2025-08-01,spring_recent,0.5,bounded,0.8909283950266895,0.888255512005749
2025-08-01,spring_recent,0.5,free,0.8941503011935841,0.888255512005749
2025-08-01,spring_recent,1.0,anchored,0.8873004408022702,0.888255512005749
2025-08-01,spring_recent,1.0,bounded,0.889800854136611,0.888255512005749
2025-08-01,spring_recent,1.0,free,0.8917848512492395,0.888255512005749
2025-08-01,spring_season_half,0.25,anchored,0.8887180620069155,0.888255512005749
2025-08-01,spring_season_half,0.25,bounded,0.889960272007322,0.888255512005749
2025-08-01,spring_season_half,0.25,free,0.8921941593139561,0.888255512005749
2025-08-01,spring_season_half,0.5,anchored,0.8887036037101257,0.888255512005749
2025-08-01,spring_season_half,0.5,bounded,0.8909490372720335,0.888255512005749
2025-08-01,spring_season_half,0.5,free,0.8946213402238408,0.888255512005749
2025-08-01,spring_season_half,1.0,anchored,0.887269498801113,0.888255512005749
2025-08-01,spring_season_half,1.0,bounded,0.8905871048554234,0.888255512005749
2025-08-01,spring_season_half,1.0,free,0.8940761640569188,0.888255512005749
2025-08-01,spring_season_full,0.25,anchored,0.8885840467411193,0.888255512005749
2025-08-01,spring_season_full,0.25,bounded,0.8897552333105662,0.888255512005749
2025-08-01,spring_season_full,0.25,free,0.8921210428120173,0.888255512005749
2025-08-01,spring_season_full,0.5,anchored,0.8884895738196456,0.888255512005749
2025-08-01,spring_season_full,0.5,bounded,0.8907281485975364,0.888255512005749
2025-08-01,spring_season_full,0.5,free,0.8947546420047023,0.888255512005749
2025-08-01,spring_season_full,1.0,anchored,0.8870334375018638,0.888255512005749
2025-08-01,spring_season_full,1.0,bounded,0.8907539607458093,0.888255512005749
2025-08-01,spring_season_full,1.0,free,0.8950992260847861,0.888255512005749
2025-08-01,no_january,0.25,anchored,0.8886390736041225,0.888255512005749
2025-08-01,no_january,0.25,bounded,0.8898583524826816,0.888255512005749
2025-08-01,no_january,0.25,free,0.8919246594986991,0.888255512005749
2025-08-01,no_january,0.5,anchored,0.888710147298001,0.888255512005749
2025-08-01,no_january,0.5,bounded,0.890809590798367,0.888255512005749
2025-08-01,no_january,0.5,free,0.8941628955323809,0.888255512005749
2025-08-01,no_january,1.0,anchored,0.8879178668485802,0.888255512005749
2025-08-01,no_january,1.0,bounded,0.8909309743059575,0.888255512005749
2025-08-01,no_january,1.0,free,0.8942112794103146,0.888255512005749
2025-08-01,prior_2023_2024,0.25,anchored,0.8885004361358554,0.888255512005749
2025-08-01,prior_2023_2024,0.25,bounded,0.8896794760218742,0.888255512005749
2025-08-01,prior_2023_2024,0.25,free,0.8918029800010813,0.888255512005749
2025-08-01,prior_2023_2024,0.5,anchored,0.8884929741769503,0.888255512005749
2025-08-01,prior_2023_2024,0.5,bounded,0.8906369231678921,0.888255512005749
2025-08-01,prior_2023_2024,0.5,free,0.8941835319252056,0.888255512005749
2025-08-01,prior_2023_2024,1.0,anchored,0.8878570915744142,0.888255512005749
2025-08-01,prior_2023_2024,1.0,bounded,0.8911351702251209,0.888255512005749
2025-08-01,prior_2023_2024,1.0,free,0.8949996831503332,0.888255512005749
2025-09-01,spring_raw,0.25,anchored,0.9067037178465998,0.9057135812643662
2025-09-01,spring_raw,0.25,bounded,0.9065403108466182,0.9057135812643662
2025-09-01,spring_raw,0.25,free,0.9065525339216051,0.9057135812643662
2025-09-01,spring_raw,0.5,anchored,0.9067827415720704,0.9057135812643662
2025-09-01,spring_raw,0.5,bounded,0.9058713160142672,0.9057135812643662
2025-09-01,spring_raw,0.5,free,0.9056224119683759,0.9057135812643662
2025-09-01,spring_raw,1.0,anchored,0.903701227942392,0.9057135812643662
2025-09-01,spring_raw,1.0,bounded,0.8996398177756866,0.9057135812643662
2025-09-01,spring_raw,1.0,free,0.8982072206611469,0.9057135812643662
2025-09-01,spring_recent,0.25,anchored,0.9066981030063787,0.9057135812643662
2025-09-01,spring_recent,0.25,bounded,0.9071723878689181,0.9057135812643662
2025-09-01,spring_recent,0.25,free,0.9071745799858991,0.9057135812643662
2025-09-01,spring_recent,0.5,anchored,0.9067848518326244,0.9057135812643662
2025-09-01,spring_recent,0.5,bounded,0.9073048995926646,0.9057135812643662
2025-09-01,spring_recent,0.5,free,0.9072941531900045,0.9057135812643662
2025-09-01,spring_recent,1.0,anchored,0.9037637522038243,0.9057135812643662
2025-09-01,spring_recent,1.0,bounded,0.903154384233264,0.9057135812643662
2025-09-01,spring_recent,1.0,free,0.903069985118728,0.9057135812643662
2025-09-01,spring_season_half,0.25,anchored,0.9065872464578977,0.9057135812643662
2025-09-01,spring_season_half,0.25,bounded,0.9074101947399205,0.9057135812643662
2025-09-01,spring_season_half,0.25,free,0.9074372435464785,0.9057135812643662
2025-09-01,spring_season_half,0.5,anchored,0.9066761891652987,0.9057135812643662
2025-09-01,spring_season_half,0.5,bounded,0.9078086488704804,0.9057135812643662
2025-09-01,spring_season_half,0.5,free,0.9078323024038043,0.9057135812643662
2025-09-01,spring_season_half,1.0,anchored,0.9040392285798329,0.9057135812643662
2025-09-01,spring_season_half,1.0,bounded,0.9043867052565477,0.9057135812643662
2025-09-01,spring_season_half,1.0,free,0.9043223900906593,0.9057135812643662
2025-09-01,spring_season_full,0.25,anchored,0.9064631340024459,0.9057135812643662
2025-09-01,spring_season_full,0.25,bounded,0.9074685809858365,0.9057135812643662
2025-09-01,spring_season_full,0.25,free,0.9075955439674269,0.9057135812643662
2025-09-01,spring_season_full,0.5,anchored,0.9064478493283521,0.9057135812643662
2025-09-01,spring_season_full,0.5,bounded,0.9078464881018302,0.9057135812643662
2025-09-01,spring_season_full,0.5,free,0.9079764527647851,0.9057135812643662
2025-09-01,spring_season_full,1.0,anchored,0.9037078341153817,0.9057135812643662
2025-09-01,spring_season_full,1.0,bounded,0.9040862195658617,0.9057135812643662
2025-09-01,spring_season_full,1.0,free,0.9038722706962375,0.9057135812643662
2025-09-01,no_january,0.25,anchored,0.9059090713022748,0.9057135812643662
2025-09-01,no_january,0.25,bounded,0.9065670470443229,0.9057135812643662
2025-09-01,no_january,0.25,free,0.9065670470443229,0.9057135812643662
2025-09-01,no_january,0.5,anchored,0.9056301590962039,0.9057135812643662
2025-09-01,no_january,0.5,bounded,0.9067583403848251,0.9057135812643662
2025-09-01,no_january,0.5,free,0.9067583403848251,0.9057135812643662
2025-09-01,no_january,1.0,anchored,0.9035050379637608,0.9057135812643662
2025-09-01,no_january,1.0,bounded,0.9049320979748932,0.9057135812643662
2025-09-01,no_january,1.0,free,0.9049320979748932,0.9057135812643662
2025-09-01,prior_2023_2024,0.25,anchored,0.9058811294673492,0.9057135812643662
2025-09-01,prior_2023_2024,0.25,bounded,0.9066183583687429,0.9057135812643662
2025-09-01,prior_2023_2024,0.25,free,0.9066183583687429,0.9057135812643662
2025-09-01,prior_2023_2024,0.5,anchored,0.9057176394750677,0.9057135812643662
2025-09-01,prior_2023_2024,0.5,bounded,0.9069256832184117,0.9057135812643662
2025-09-01,prior_2023_2024,0.5,free,0.9069256832184117,0.9057135812643662
2025-09-01,prior_2023_2024,1.0,anchored,0.9042950189522031,0.9057135812643662
2025-09-01,prior_2023_2024,1.0,bounded,0.9054490044494904,0.9057135812643662
2025-09-01,prior_2023_2024,1.0,free,0.9054490044494904,0.9057135812643662
2025-10-01,spring_raw,0.25,anchored,0.9131258587913345,0.9121638690046334
2025-10-01,spring_raw,0.25,bounded,0.9138991894584645,0.9121638690046334
2025-10-01,spring_raw,0.25,free,0.9140414432405415,0.9121638690046334
2025-10-01,spring_raw,0.5,anchored,0.9130655732146865,0.9121638690046334
2025-10-01,spring_raw,0.5,bounded,0.9136624092334961,0.9121638690046334
2025-10-01,spring_raw,0.5,free,0.9136120459887136,0.9121638690046334
2025-10-01,spring_raw,1.0,anchored,0.9097529325991003,0.9121638690046334
2025-10-01,spring_raw,1.0,bounded,0.9066996208301352,0.9121638690046334
2025-10-01,spring_raw,1.0,free,0.9054325082276269,0.9121638690046334
2025-10-01,spring_recent,0.25,anchored,0.9130711074358612,0.9121638690046334
2025-10-01,spring_recent,0.25,bounded,0.9137031543865807,0.9121638690046334
2025-10-01,spring_recent,0.25,free,0.9137031543865807,0.9121638690046334
2025-10-01,spring_recent,0.5,anchored,0.9130341651913156,0.9121638690046334
2025-10-01,spring_recent,0.5,bounded,0.9141111231954558,0.9121638690046334
2025-10-01,spring_recent,0.5,free,0.9141111231954558,0.9121638690046334
2025-10-01,spring_recent,1.0,anchored,0.9099751821877635,0.9121638690046334
2025-10-01,spring_recent,1.0,bounded,0.9111617771652939,0.9121638690046334
2025-10-01,spring_recent,1.0,free,0.9111617771652939,0.9121638690046334
2025-10-01,spring_season_half,0.25,anchored,0.9129389841059674,0.9121638690046334
2025-10-01,spring_season_half,0.25,bounded,0.9138474004842054,0.9121638690046334
2025-10-01,spring_season_half,0.25,free,0.9138482678472798,0.9121638690046334
2025-10-01,spring_season_half,0.5,anchored,0.9128418154361356,0.9121638690046334
2025-10-01,spring_season_half,0.5,bounded,0.9141729732929466,0.9121638690046334
2025-10-01,spring_season_half,0.5,free,0.9141726603083183,0.9121638690046334
2025-10-01,spring_season_half,1.0,anchored,0.9099974703677969,0.9121638690046334
2025-10-01,spring_season_half,1.0,bounded,0.910317871234448,0.9121638690046334
2025-10-01,spring_season_half,1.0,free,0.9103100488787546,0.9121638690046334
2025-10-01,spring_season_full,0.25,anchored,0.9128104197995034,0.9121638690046334
2025-10-01,spring_season_full,0.25,bounded,0.9138880175092455,0.9121638690046334
2025-10-01,spring_season_full,0.25,free,0.9139081198608285,0.9121638690046334
2025-10-01,spring_season_full,0.5,anchored,0.912620477999335,0.9121638690046334
2025-10-01,spring_season_full,0.5,bounded,0.913894186058001,0.9121638690046334
2025-10-01,spring_season_full,0.5,free,0.9138676782389471,0.9121638690046334
2025-10-01,spring_season_full,1.0,anchored,0.909684710110612,0.9121638690046334
2025-10-01,spring_season_full,1.0,bounded,0.9083010998736817,0.9121638690046334
2025-10-01,spring_season_full,1.0,free,0.9079720964164203,0.9121638690046334
2025-10-01,no_january,0.25,anchored,0.912316671162117,0.9121638690046334
2025-10-01,no_january,0.25,bounded,0.9125334179815117,0.9121638690046334
2025-10-01,no_january,0.25,free,0.9125334179815117,0.9121638690046334
2025-10-01,no_january,0.5,anchored,0.9120501053411484,0.9121638690046334
2025-10-01,no_january,0.5,bounded,0.9124206630003812,0.9121638690046334
2025-10-01,no_january,0.5,free,0.9124206630003812,0.9121638690046334
2025-10-01,no_january,1.0,anchored,0.910346050368542,0.9121638690046334
2025-10-01,no_january,1.0,bounded,0.910932332798117,0.9121638690046334
2025-10-01,no_january,1.0,free,0.910932332798117,0.9121638690046334
2025-10-01,prior_2023_2024,0.25,anchored,0.9123976337251215,0.9121638690046334
2025-10-01,prior_2023_2024,0.25,bounded,0.9132646970390311,0.9121638690046334
2025-10-01,prior_2023_2024,0.25,free,0.9132646970390311,0.9121638690046334
2025-10-01,prior_2023_2024,0.5,anchored,0.9122918248664424,0.9121638690046334
2025-10-01,prior_2023_2024,0.5,bounded,0.9136882135372894,0.9121638690046334
2025-10-01,prior_2023_2024,0.5,free,0.9136882135372894,0.9121638690046334
2025-10-01,prior_2023_2024,1.0,anchored,0.9110084168562878,0.9121638690046334
2025-10-01,prior_2023_2024,1.0,bounded,0.9125924757196918,0.9121638690046334
2025-10-01,prior_2023_2024,1.0,free,0.9125924757196918,0.9121638690046334
