origin,date,score,train_max_day,horizon,model,trees,split
151,2025-06-01,0.8102903464240395,150,61,deep_absolute,1000,selection
151,2025-06-01,0.814653975954565,150,61,deep_absolute,3000,selection
151,2025-06-01,0.8172278943537715,150,61,deep_absolute,6000,selection
181,2025-07-01,0.7912078287592601,180,61,deep_absolute,1000,selection
181,2025-07-01,0.7948334020989853,180,61,deep_absolute,3000,selection
181,2025-07-01,0.7980348549737596,180,61,deep_absolute,6000,selection
212,2025-08-01,0.8919785705140251,211,61,deep_absolute,1000,selection
212,2025-08-01,0.8938293829522597,211,61,deep_absolute,3000,selection
212,2025-08-01,0.8937374794580853,211,61,deep_absolute,6000,selection
151,2025-06-01,0.7981309833203849,150,61,deep_profile_residual,1000,selection
151,2025-06-01,0.8041356374815134,150,61,deep_profile_residual,3000,selection
151,2025-06-01,0.8036614826160395,150,61,deep_profile_residual,6000,selection
181,2025-07-01,0.8111323260574644,180,61,deep_profile_residual,1000,selection
181,2025-07-01,0.8131578815593763,180,61,deep_profile_residual,3000,selection
181,2025-07-01,0.8130301446761922,180,61,deep_profile_residual,6000,selection
212,2025-08-01,0.885560861365281,211,61,deep_profile_residual,1000,selection
212,2025-08-01,0.8840277400180194,211,61,deep_profile_residual,3000,selection
212,2025-08-01,0.8836424086535563,211,61,deep_profile_residual,6000,selection
