family,origin,path,h1,h24,difference
v14_hourly,2025-07-01,profile_primary,0.8205539629843753,0.8206637930008781,-0.00010983001650277657
v14_hourly,2025-07-01,v8_primary,0.8282803226586843,0.8283585626960597,-7.824003737533225e-05
v14_hourly,2025-07-01,v13_primary,0.774324648268883,0.7743780309701562,-5.3382701273196886e-05
v14_hourly,2025-08-01,profile_primary,0.8183378526156248,0.8208393448454713,-0.0025014922298465248
v14_hourly,2025-08-01,v8_primary,0.8214890839302134,0.8237347048045462,-0.0022456208743328876
v14_hourly,2025-08-01,v13_primary,0.7501014626277707,0.7526615116551105,-0.0025600490273398613
v14_hourly,2025-09-01,profile_primary,0.9022749323670094,0.9033659797332452,-0.0010910473662357756
v14_hourly,2025-09-01,v8_primary,0.8949544650398396,0.8962241400736488,-0.0012696750338092588
v14_hourly,2025-09-01,v13_primary,0.8913254447847826,0.8923497646706984,-0.001024319885915781
v14_hourly,2025-10-01,profile_primary,0.90575216850672,0.9057949439002616,-4.2775393541583107e-05
v14_hourly,2025-10-01,v8_primary,0.9070317982401916,0.906975410317226,5.638792296569495e-05
v14_hourly,2025-10-01,v13_primary,0.9012930227316246,0.9013048478757236,-1.1825144099031348e-05
v14_shape,2025-07-01,profile_primary,0.8117307059237676,0.8119408684212519,-0.00021016249748428972
v14_shape,2025-07-01,v8_primary,0.8137221724545046,0.8139623667662625,-0.00024019431175792416
v14_shape,2025-07-01,v13_primary,0.8511565908139919,0.8517163577714063,-0.0005597669574144426
v14_shape,2025-08-01,profile_primary,0.8729980322903238,0.8729090032238584,8.902906646535147e-05
v14_shape,2025-08-01,v8_primary,0.8784130319120075,0.8782904507675817,0.00012258114442575962
v14_shape,2025-08-01,v13_primary,0.8372195837738472,0.8371014047064126,0.00011817906743460949
v14_shape,2025-09-01,profile_primary,0.9070130411341514,0.906919189410798,9.385172335341085e-05
v14_shape,2025-09-01,v8_primary,0.9071926343748224,0.9071485441506104,4.409022421203446e-05
v14_shape,2025-09-01,v13_primary,0.9037528833823472,0.9037268571322016,2.602625014558324e-05
v14_shape,2025-10-01,profile_primary,0.9034955325285658,0.9034072791167956,8.825341177021162e-05
v14_shape,2025-10-01,v8_primary,0.9081833478876998,0.908153599205878,2.9748681821817335e-05
v14_shape,2025-10-01,v13_primary,0.9063690120033128,0.9063992980480696,-3.0286044756855368e-05
