origin,model,path,part,score
2025-07-01,h1,profile_direct,all,0.8335325880659199
2025-07-01,h1,profile_direct,last_7_days,0.8340812976273163
2025-07-01,h1,profile_h1,all,0.8324555463661957
2025-07-01,h1,profile_h1,last_7_days,0.8341139481985889
2025-07-01,h1,profile_h3,all,0.8324550509435171
2025-07-01,h1,profile_h3,last_7_days,0.8341140957784046
2025-07-01,h1,profile_h6,all,0.8324533435588815
2025-07-01,h1,profile_h6,last_7_days,0.8341097166322727
2025-07-01,h1,profile_h12,all,0.8324547775254945
2025-07-01,h1,profile_h12,last_7_days,0.8341105217920501
2025-07-01,h1,profile_h24,all,0.8324521081811123
2025-07-01,h1,profile_h24,last_7_days,0.8340954059558506
2025-07-01,h1,v8_direct,all,0.8414331716858823
2025-07-01,h1,v8_direct,last_7_days,0.839550795800476
2025-07-01,h1,v8_h1,all,0.8403823897639626
2025-07-01,h1,v8_h1,last_7_days,0.839612448267762
2025-07-01,h1,v8_h3,all,0.8403821490470563
2025-07-01,h1,v8_h3,last_7_days,0.8396123908515507
2025-07-01,h1,v8_h6,all,0.8403814180410051
2025-07-01,h1,v8_h6,last_7_days,0.8396094637359424
2025-07-01,h1,v8_h12,all,0.8403838841627216
2025-07-01,h1,v8_h12,last_7_days,0.8396113787927606
2025-07-01,h1,v8_h24,all,0.8403823122014162
2025-07-01,h1,v8_h24,last_7_days,0.8395969673397614
2025-07-01,h1,v13_direct,all,0.8099468764923613
2025-07-01,h1,v13_direct,last_7_days,0.771100180403641
2025-07-01,h1,v13_h1,all,0.8083563102284821
2025-07-01,h1,v13_h1,last_7_days,0.7711166450556322
2025-07-01,h1,v13_h3,all,0.808356456190811
2025-07-01,h1,v13_h3,last_7_days,0.7711176453217443
2025-07-01,h1,v13_h6,all,0.8083535822044592
2025-07-01,h1,v13_h6,last_7_days,0.771113324552795
2025-07-01,h1,v13_h12,all,0.8083567581196155
2025-07-01,h1,v13_h12,last_7_days,0.7711135667729707
2025-07-01,h1,v13_h24,all,0.8083478178241621
2025-07-01,h1,v13_h24,last_7_days,0.7710995280557961
2025-07-01,h1,profile_primary,all,0.8330224578695329
2025-07-01,h1,profile_primary,last_7_days,0.8340976283083907
2025-07-01,h1,v8_primary,all,0.8409380174477351
2025-07-01,h1,v8_primary,last_7_days,0.8395817300653731
2025-07-01,h1,v13_primary,all,0.8091637771625891
2025-07-01,h1,v13_primary,last_7_days,0.771108482847001
2025-07-01,h1,incumbent_v8,all,0.8125931526633471
2025-07-01,h1,incumbent_v8,last_7_days,0.8839936886782395
2025-07-01,h1,previous_v13,all,0.8527981697289655
2025-07-01,h1,previous_v13,last_7_days,0.8781958580338995
2025-07-01,h24,profile_direct,all,0.8336984365099824
2025-07-01,h24,profile_direct,last_7_days,0.8389976788592564
2025-07-01,h24,profile_h1,all,0.8326334396455208
2025-07-01,h24,profile_h1,last_7_days,0.8389394022840837
2025-07-01,h24,profile_h3,all,0.8326324881561145
2025-07-01,h24,profile_h3,last_7_days,0.8389377114645916
2025-07-01,h24,profile_h6,all,0.832631585787852
2025-07-01,h24,profile_h6,last_7_days,0.8389330565357423
2025-07-01,h24,profile_h12,all,0.832630449440052
2025-07-01,h24,profile_h12,last_7_days,0.8389230902675797
2025-07-01,h24,profile_h24,all,0.8326318318168764
2025-07-01,h24,profile_h24,last_7_days,0.8389111921627863
2025-07-01,h24,v8_direct,all,0.8414720420670967
2025-07-01,h24,v8_direct,last_7_days,0.8442950667841731
2025-07-01,h24,v8_h1,all,0.8404328239212757
2025-07-01,h24,v8_h1,last_7_days,0.8442419882397378
2025-07-01,h24,v8_h3,all,0.8404321396331388
2025-07-01,h24,v8_h3,last_7_days,0.8442405323463722
2025-07-01,h24,v8_h6,all,0.8404320294855288
2025-07-01,h24,v8_h6,last_7_days,0.8442371674317881
2025-07-01,h24,v8_h12,all,0.8404319313468593
2025-07-01,h24,v8_h12,last_7_days,0.8442289627596004
2025-07-01,h24,v8_h24,all,0.8404345641528146
2025-07-01,h24,v8_h24,last_7_days,0.8442183105883423
2025-07-01,h24,v13_direct,all,0.813188033029884
2025-07-01,h24,v13_direct,last_7_days,0.7770316514268398
2025-07-01,h24,v13_h1,all,0.8115670623829567
2025-07-01,h24,v13_h1,last_7_days,0.7769711459159635
2025-07-01,h24,v13_h3,all,0.8115658073046863
2025-07-01,h24,v13_h3,last_7_days,0.776969818247373
2025-07-01,h24,v13_h6,all,0.8115633012440522
2025-07-01,h24,v13_h6,last_7_days,0.7769651058848137
2025-07-01,h24,v13_h12,all,0.811560417440067
2025-07-01,h24,v13_h12,last_7_days,0.7769548152399929
2025-07-01,h24,v13_h24,all,0.8115555769091509
2025-07-01,h24,v13_h24,last_7_days,0.7769439530476592
2025-07-01,h24,profile_primary,all,0.8331956043424608
2025-07-01,h24,profile_primary,last_7_days,0.8389544340950834
2025-07-01,h24,v8_primary,all,0.8409973327614252
2025-07-01,h24,v8_primary,last_7_days,0.8442566878317369
2025-07-01,h24,v13_primary,all,0.8123850405427728
2025-07-01,h24,v13_primary,last_7_days,0.7769878020564294
2025-07-01,h24,incumbent_v8,all,0.8125931526633471
2025-07-01,h24,incumbent_v8,last_7_days,0.8839936886782395
2025-07-01,h24,previous_v13,all,0.8527981697289655
2025-07-01,h24,previous_v13,last_7_days,0.8781958580338995
2025-08-01,h1,profile_direct,all,0.840701416794277
2025-08-01,h1,profile_direct,last_7_days,0.8778718673156433
2025-08-01,h1,profile_h1,all,0.840556413282098
2025-08-01,h1,profile_h1,last_7_days,0.87783454453873
2025-08-01,h1,profile_h3,all,0.8405564671897995
2025-08-01,h1,profile_h3,last_7_days,0.8778320514994016
2025-08-01,h1,profile_h6,all,0.8405535014503536
2025-08-01,h1,profile_h6,last_7_days,0.8778261036814159
2025-08-01,h1,profile_h12,all,0.8405623003493539
2025-08-01,h1,profile_h12,last_7_days,0.877826735300856
2025-08-01,h1,profile_h24,all,0.8405481330703063
2025-08-01,h1,profile_h24,last_7_days,0.8778136933338296
2025-08-01,h1,v8_direct,all,0.8413943565740024
2025-08-01,h1,v8_direct,last_7_days,0.8761858750189179
2025-08-01,h1,v8_h1,all,0.8407407606870385
2025-08-01,h1,v8_h1,last_7_days,0.8761266597563219
2025-08-01,h1,v8_h3,all,0.8407410575076737
2025-08-01,h1,v8_h3,last_7_days,0.8761252352225551
2025-08-01,h1,v8_h6,all,0.840738640220618
2025-08-01,h1,v8_h6,last_7_days,0.8761210924886835
2025-08-01,h1,v8_h12,all,0.8407490550959844
2025-08-01,h1,v8_h12,last_7_days,0.8761236655882751
2025-08-01,h1,v8_h24,all,0.8407346499285411
2025-08-01,h1,v8_h24,last_7_days,0.8761115970009539
2025-08-01,h1,v13_direct,all,0.7766638896907487
2025-08-01,h1,v13_direct,last_7_days,0.8467264737070228
2025-08-01,h1,v13_h1,all,0.7759227400381913
2025-08-01,h1,v13_h1,last_7_days,0.8466950068450262
2025-08-01,h1,v13_h3,all,0.7759228126004245
2025-08-01,h1,v13_h3,last_7_days,0.8466931614304875
2025-08-01,h1,v13_h6,all,0.7759192270915445
2025-08-01,h1,v13_h6,last_7_days,0.8466863280416923
2025-08-01,h1,v13_h12,all,0.7759291064724785
2025-08-01,h1,v13_h12,last_7_days,0.8466888399699877
2025-08-01,h1,v13_h24,all,0.7759131634729455
2025-08-01,h1,v13_h24,last_7_days,0.8466714126980213
2025-08-01,h1,profile_primary,all,0.8406685393881672
2025-08-01,h1,profile_primary,last_7_days,0.8778532271823017
2025-08-01,h1,v8_primary,all,0.8410872511797878
2025-08-01,h1,v8_primary,last_7_days,0.8761562678769366
2025-08-01,h1,v13_primary,all,0.7762945628682942
2025-08-01,h1,v13_primary,last_7_days,0.8467107427333329
2025-08-01,h1,incumbent_v8,all,0.888255512005749
2025-08-01,h1,incumbent_v8,last_7_days,0.8920773070213527
2025-08-01,h1,previous_v13,all,0.8479834514117719
2025-08-01,h1,previous_v13,last_7_days,0.8744932242374317
2025-08-01,h24,profile_direct,all,0.8416407031022131
2025-08-01,h24,profile_direct,last_7_days,0.8794682888628471
2025-08-01,h24,profile_h1,all,0.8415206906607406
2025-08-01,h24,profile_h1,last_7_days,0.8794422661630985
2025-08-01,h24,profile_h3,all,0.8415203702116423
2025-08-01,h24,profile_h3,last_7_days,0.8794392281978515
2025-08-01,h24,profile_h6,all,0.8415171057037057
2025-08-01,h24,profile_h6,last_7_days,0.8794335639891925
2025-08-01,h24,profile_h12,all,0.8415270763366963
2025-08-01,h24,profile_h12,last_7_days,0.8794356811340559
2025-08-01,h24,profile_h24,all,0.8415122509300623
2025-08-01,h24,profile_h24,last_7_days,0.8794223880469942
2025-08-01,h24,v8_direct,all,0.8420717083234993
2025-08-01,h24,v8_direct,last_7_days,0.8776318390935796
2025-08-01,h24,v8_h1,all,0.8414520588809078
2025-08-01,h24,v8_h1,last_7_days,0.8775824193851698
2025-08-01,h24,v8_h3,all,0.841451848724273
2025-08-01,h24,v8_h3,last_7_days,0.877579743679208
2025-08-01,h24,v8_h6,all,0.8414490996202743
2025-08-01,h24,v8_h6,last_7_days,0.8775753795301791
2025-08-01,h24,v8_h12,all,0.8414609554869719
2025-08-01,h24,v8_h12,last_7_days,0.8775794761918627
2025-08-01,h24,v8_h24,all,0.8414454774324163
2025-08-01,h24,v8_h24,last_7_days,0.8775665641927264
2025-08-01,h24,v13_direct,all,0.7784834547196866
2025-08-01,h24,v13_direct,last_7_days,0.8500054880637464
2025-08-01,h24,v13_h1,all,0.7777651335209298
2025-08-01,h24,v13_h1,last_7_days,0.8499868296426942
2025-08-01,h24,v13_h3,all,0.7777648238748461
2025-08-01,h24,v13_h3,last_7_days,0.8499843249107065
2025-08-01,h24,v13_h6,all,0.7777608396811997
2025-08-01,h24,v13_h6,last_7_days,0.8499776456164685
2025-08-01,h24,v13_h12,all,0.7777713570809138
2025-08-01,h24,v13_h12,last_7_days,0.8499804570870482
2025-08-01,h24,v13_h24,all,0.7777541701252538
2025-08-01,h24,v13_h24,last_7_days,0.8499619640188601
2025-08-01,h24,profile_primary,all,0.8416157459826377
2025-08-01,h24,profile_primary,last_7_days,0.8794454330458804
2025-08-01,h24,v8_primary,all,0.8417780579959213
2025-08-01,h24,v8_primary,last_7_days,0.8775993750918633
2025-08-01,h24,v13_primary,all,0.7781196689411518
2025-08-01,h24,v13_primary,last_7_days,0.849983725580139
2025-08-01,h24,incumbent_v8,all,0.888255512005749
2025-08-01,h24,incumbent_v8,last_7_days,0.8920773070213527
2025-08-01,h24,previous_v13,all,0.8479834514117719
2025-08-01,h24,previous_v13,last_7_days,0.8744932242374317
2025-09-01,h1,profile_direct,all,0.8881489503451998
2025-09-01,h1,profile_direct,last_7_days,0.8794783775847208
2025-09-01,h1,profile_h1,all,0.886286909155095
2025-09-01,h1,profile_h1,last_7_days,0.8796673038853309
2025-09-01,h1,profile_h3,all,0.8862850123126348
2025-09-01,h1,profile_h3,last_7_days,0.8796627378737638
2025-09-01,h1,profile_h6,all,0.8862865564198663
2025-09-01,h1,profile_h6,last_7_days,0.8796719686182357
2025-09-01,h1,profile_h12,all,0.8862900770866659
2025-09-01,h1,profile_h12,last_7_days,0.8796840725223913
2025-09-01,h1,profile_h24,all,0.886326499457676
2025-09-01,h1,profile_h24,last_7_days,0.879689451217075
2025-09-01,h1,v8_direct,all,0.879169523123552
2025-09-01,h1,v8_direct,last_7_days,0.8760895157214068
2025-09-01,h1,v8_h1,all,0.8771064247663259
2025-09-01,h1,v8_h1,last_7_days,0.8763849154867922
2025-09-01,h1,v8_h3,all,0.8771042066388133
2025-09-01,h1,v8_h3,last_7_days,0.8763806089078954
2025-09-01,h1,v8_h6,all,0.8771065050508015
2025-09-01,h1,v8_h6,last_7_days,0.8763908634190447
2025-09-01,h1,v8_h12,all,0.8771085591353202
2025-09-01,h1,v8_h12,last_7_days,0.8764011798568836
2025-09-01,h1,v8_h24,all,0.8771496590158576
2025-09-01,h1,v8_h24,last_7_days,0.8764201179617483
2025-09-01,h1,v13_direct,all,0.8801538956408059
2025-09-01,h1,v13_direct,last_7_days,0.8876421689497723
2025-09-01,h1,v13_h1,all,0.8777383514862515
2025-09-01,h1,v13_h1,last_7_days,0.8878834072038387
2025-09-01,h1,v13_h3,all,0.8777365645297872
2025-09-01,h1,v13_h3,last_7_days,0.8878803103022542
2025-09-01,h1,v13_h6,all,0.8777380435356862
2025-09-01,h1,v13_h6,last_7_days,0.8878872165676674
2025-09-01,h1,v13_h12,all,0.8777407881627902
2025-09-01,h1,v13_h12,last_7_days,0.8878970944951726
2025-09-01,h1,v13_h24,all,0.8777718107247984
2025-09-01,h1,v13_h24,last_7_days,0.887895270604805
2025-09-01,h1,profile_primary,all,0.8873365550660117
2025-09-01,h1,profile_primary,last_7_days,0.8795743824121949
2025-09-01,h1,v8_primary,all,0.8782254005251386
2025-09-01,h1,v8_primary,last_7_days,0.8762372147204687
2025-09-01,h1,v13_primary,all,0.8790123869298069
2025-09-01,h1,v13_primary,last_7_days,0.8877628136045024
2025-09-01,h1,incumbent_v8,all,0.9057135812643662
2025-09-01,h1,incumbent_v8,last_7_days,0.9131355528986352
2025-09-01,h1,previous_v13,all,0.9023771973316528
2025-09-01,h1,previous_v13,last_7_days,0.9084557904015891
2025-09-01,h24,profile_direct,all,0.8874656661522202
2025-09-01,h24,profile_direct,last_7_days,0.8779890477565782
2025-09-01,h24,profile_h1,all,0.8856033614214579
2025-09-01,h24,profile_h1,last_7_days,0.8781728729280691
2025-09-01,h24,profile_h3,all,0.885600655408856
2025-09-01,h24,profile_h3,last_7_days,0.8781679582278938
2025-09-01,h24,profile_h6,all,0.8856032274863386
2025-09-01,h24,profile_h6,last_7_days,0.8781801136609108
2025-09-01,h24,profile_h12,all,0.8855988877301829
2025-09-01,h24,profile_h12,last_7_days,0.8781840923574065
2025-09-01,h24,profile_h24,all,0.8856338549495624
2025-09-01,h24,profile_h24,last_7_days,0.8781900476686352
2025-09-01,h24,v8_direct,all,0.8783918105855125
2025-09-01,h24,v8_direct,last_7_days,0.8743969023905128
2025-09-01,h24,v8_h1,all,0.8763231450627075
2025-09-01,h24,v8_h1,last_7_days,0.8746701160037492
2025-09-01,h24,v8_h3,all,0.8763199532521939
2025-09-01,h24,v8_h3,last_7_days,0.8746645805147232
2025-09-01,h24,v8_h6,all,0.8763225792595178
2025-09-01,h24,v8_h6,last_7_days,0.874676490278608
2025-09-01,h24,v8_h12,all,0.8763148940064838
2025-09-01,h24,v8_h12,last_7_days,0.8746770281275024
2025-09-01,h24,v8_h24,all,0.8763557490926773
2025-09-01,h24,v8_h24,last_7_days,0.8746955269716067
2025-09-01,h24,v13_direct,all,0.8794222803591649
2025-09-01,h24,v13_direct,last_7_days,0.8864499324814122
2025-09-01,h24,v13_h1,all,0.8770219546008005
2025-09-01,h24,v13_h1,last_7_days,0.8866820607068372
2025-09-01,h24,v13_h3,all,0.8770192529738584
2025-09-01,h24,v13_h3,last_7_days,0.8866777919446989
2025-09-01,h24,v13_h6,all,0.8770211032458077
2025-09-01,h24,v13_h6,last_7_days,0.8866861420614436
2025-09-01,h24,v13_h12,all,0.8770164160949177
2025-09-01,h24,v13_h12,last_7_days,0.886689585873824
2025-09-01,h24,v13_h24,all,0.8770469044133783
2025-09-01,h24,v13_h24,last_7_days,0.886689560650782
2025-09-01,h24,profile_primary,all,0.8866640999415931
2025-09-01,h24,profile_primary,last_7_days,0.87808958088305
2025-09-01,h24,v8_primary,all,0.8774610117871953
2025-09-01,h24,v8_primary,last_7_days,0.8745465209461599
2025-09-01,h24,v13_primary,all,0.8783045464925319
2025-09-01,h24,v13_primary,last_7_days,0.8865697463629939
2025-09-01,h24,incumbent_v8,all,0.9057135812643662
2025-09-01,h24,incumbent_v8,last_7_days,0.9131355528986352
2025-09-01,h24,previous_v13,all,0.9023771973316528
2025-09-01,h24,previous_v13,last_7_days,0.9084557904015891
2025-10-01,h1,profile_direct,all,0.903155291052401
2025-10-01,h1,profile_direct,last_7_days,0.8927665459271242
2025-10-01,h1,profile_h1,all,0.9032736917973821
2025-10-01,h1,profile_h1,last_7_days,0.8928509988084143
2025-10-01,h1,profile_h3,all,0.9032725645451356
2025-10-01,h1,profile_h3,last_7_days,0.8928450953293829
2025-10-01,h1,profile_h6,all,0.9032714643586549
2025-10-01,h1,profile_h6,last_7_days,0.8928482882658041
2025-10-01,h1,profile_h12,all,0.9032634602338167
2025-10-01,h1,profile_h12,last_7_days,0.892837305227476
2025-10-01,h1,profile_h24,all,0.9032568391926439
2025-10-01,h1,profile_h24,last_7_days,0.8928369391867337
2025-10-01,h1,v8_direct,all,0.9029036855768009
2025-10-01,h1,v8_direct,last_7_days,0.8942272769852786
2025-10-01,h1,v8_h1,all,0.902940398275777
2025-10-01,h1,v8_h1,last_7_days,0.8943597324623073
2025-10-01,h1,v8_h3,all,0.902939305990599
2025-10-01,h1,v8_h3,last_7_days,0.8943539037463507
2025-10-01,h1,v8_h6,all,0.9029401150847003
2025-10-01,h1,v8_h6,last_7_days,0.8943585374255695
2025-10-01,h1,v8_h12,all,0.9029318335903269
2025-10-01,h1,v8_h12,last_7_days,0.8943491358132869
2025-10-01,h1,v8_h24,all,0.9029257028496919
2025-10-01,h1,v8_h24,last_7_days,0.8943467472274763
2025-10-01,h1,v13_direct,all,0.8945021517982981
2025-10-01,h1,v13_direct,last_7_days,0.8870897389795633
2025-10-01,h1,v13_h1,all,0.8944382279983164
2025-10-01,h1,v13_h1,last_7_days,0.8872016505137336
2025-10-01,h1,v13_h3,all,0.8944367481381983
2025-10-01,h1,v13_h3,last_7_days,0.8871967739296962
2025-10-01,h1,v13_h6,all,0.8944395736116361
2025-10-01,h1,v13_h6,last_7_days,0.887201029635201
2025-10-01,h1,v13_h12,all,0.894429807596447
2025-10-01,h1,v13_h12,last_7_days,0.8871951960474056
2025-10-01,h1,v13_h24,all,0.8944293055878698
2025-10-01,h1,v13_h24,last_7_days,0.8871923501853181
2025-10-01,h1,profile_primary,all,0.9032339105190954
2025-10-01,h1,profile_primary,last_7_days,0.8928088794453526
2025-10-01,h1,v8_primary,all,0.9029370556057886
2025-10-01,h1,v8_primary,last_7_days,0.8942942657422064
2025-10-01,h1,v13_primary,all,0.8944862460797827
2025-10-01,h1,v13_primary,last_7_days,0.8871474789738649
2025-10-01,h1,incumbent_v8,all,0.9121638690046335
2025-10-01,h1,incumbent_v8,last_7_days,0.9124615630258951
2025-10-01,h1,previous_v13,all,0.9127262411054176
2025-10-01,h1,previous_v13,last_7_days,0.9123511759484254
2025-10-01,h24,profile_direct,all,0.9031948972056394
2025-10-01,h24,profile_direct,last_7_days,0.892776536013749
2025-10-01,h24,profile_h1,all,0.9033425218892481
2025-10-01,h24,profile_h1,last_7_days,0.8928572297306692
2025-10-01,h24,profile_h3,all,0.903341772373782
2025-10-01,h24,profile_h3,last_7_days,0.8928497555966555
2025-10-01,h24,profile_h6,all,0.9033399779310105
2025-10-01,h24,profile_h6,last_7_days,0.892862692694712
2025-10-01,h24,profile_h12,all,0.9033262677522635
2025-10-01,h24,profile_h12,last_7_days,0.8928459435014846
2025-10-01,h24,profile_h24,all,0.9033117898269396
2025-10-01,h24,profile_h24,last_7_days,0.8928397096223639
2025-10-01,h24,v8_direct,all,0.9030602240694672
2025-10-01,h24,v8_direct,last_7_days,0.8943363215596879
2025-10-01,h24,v8_h1,all,0.9031156450057969
2025-10-01,h24,v8_h1,last_7_days,0.8944756187759831
2025-10-01,h24,v8_h3,all,0.9031157397850551
2025-10-01,h24,v8_h3,last_7_days,0.8944700176872651
2025-10-01,h24,v8_h6,all,0.9031166870995574
2025-10-01,h24,v8_h6,last_7_days,0.8944849213504034
2025-10-01,h24,v8_h12,all,0.9030997372093967
2025-10-01,h24,v8_h12,last_7_days,0.894466354957344
2025-10-01,h24,v8_h24,all,0.9030891622932435
2025-10-01,h24,v8_h24,last_7_days,0.8944625930735014
2025-10-01,h24,v13_direct,all,0.8947991140429035
2025-10-01,h24,v13_direct,last_7_days,0.8872461701878585
2025-10-01,h24,v13_h1,all,0.8947240398255955
2025-10-01,h24,v13_h1,last_7_days,0.8873615352543474
2025-10-01,h24,v13_h3,all,0.8947231414290754
2025-10-01,h24,v13_h3,last_7_days,0.8873569279719488
2025-10-01,h24,v13_h6,all,0.8947289369874896
2025-10-01,h24,v13_h6,last_7_days,0.887371065457325
2025-10-01,h24,v13_h12,all,0.8947126223647891
2025-10-01,h24,v13_h12,last_7_days,0.8873592277067088
2025-10-01,h24,v13_h24,all,0.894711076875559
2025-10-01,h24,v13_h24,last_7_days,0.8873531959297675
2025-10-01,h24,profile_primary,all,0.9032761903480285
2025-10-01,h24,profile_primary,last_7_days,0.8928081654354357
2025-10-01,h24,v8_primary,all,0.9030927477515398
2025-10-01,h24,v8_primary,last_7_days,0.8944002451142954
2025-10-01,h24,v13_primary,all,0.8947723289839046
2025-10-01,h24,v13_primary,last_7_days,0.8873003991320736
2025-10-01,h24,incumbent_v8,all,0.9121638690046335
2025-10-01,h24,incumbent_v8,last_7_days,0.9124615630258951
2025-10-01,h24,previous_v13,all,0.9127262411054176
2025-10-01,h24,previous_v13,last_7_days,0.9123511759484254
