good_type,n
СКМ МГТ,20069534
30 дней,9565587
КОШЕЛЕК,9160346
ББК МГТ,4526591
90 дней,2955042
365 дней,2513740
30 дней ТАТ,2212849
30дн ММ+МГТ СКС ,2067554
СКМО МГТ,1216563
90дн ММ+МГТ СКС ,760774
30дн ММ+МГТ СКУ,697289
30 дней  Пригород,494383
90 дней ТАТ,330169
СКМ с сопр. МГТ,311066
90дн ММ+МГТ СКУ,310929
30 дней МГТ СКУ ,277780
90 дней МГТ СКУ,201316
30 дней МГТ СКС,173783
365 дней Пригор.,173209
СК ГУВД МГТ,171564
БСК дружин. МГТ,163857
365 дней ТАТ,162379
3 суток ТК,106804
90 дней Пригород,106612
ВЕСБ М (7 мин),105895
3 суток ЕДИНЫЙ,85175
30дн ММ+МГТ СКА,65772
30 ММ+МГТ СКС Пр,65624
90 дней МГТ СКС,60181
30дн ММ+МГТ СКО ,53598
1 сутки ТК,49189
90дн ММ+МГТ СКА ,43528
365 дней ДЗ,42288
90 ММ+МГТ СКС Пр,37732
1 сутки ЕДИНЫЙ,36364
СБП,26923
Суды г.Москвы МГТ,23446
30 ММ+МГТ СКУ Пр,18244
90дн ММ+МГТ СКО,17863
СКМО с сопр. МГТ,15437
СК ГУ МВД МГТ,14501
30 дней ДЗ,13928
СК УФНС МГТ,12938
90 ММ+МГТ СКУ Пр,10131
ВЕСБ МО (7 мин),9854
2 ПОЕЗД. ЕДИНЫЙ,9384
30 дней МГТ СКА ,9380
30 дней К,8762
ТАТ 30 дней,8545
60 поездок ТК,7549
СК УТ МВД МГТ,6780
1 ПОЕЗДКА ЕД.,6027
ВБ 90 Единый Ц,5374
30 дней Подписки,4516
1 ПОЕЗД. ЕДИНЫЙ,4479
365дн. Пригор.ДЗ,3844
90 дней ДЗ,3826
30 Единый Ц К,3802
30 дней МГТ СКО,3784
90 дней МГТ СКА,3241
90 дней К,3089
ВБ 30 Единый Ц,2801
90 Единый Ц К,2600
30 ММ+МГТ СКО Пр,2562
30 дней ТАТ К,2545
30 ММ+МГТ СКА Пр,2283
ВЕСБ МОСКВА,2183
30дн ММ+МГТ СКСТ,2141
90 ММ+МГТ СКА Пр,1945
90 ММ+МГТ СКО Пр,1554
60 дней К,1495
60 Единый Ц К,1226
ТАТ 90 дней,1128
90 дней МГТ СКО,1028
СК ГУ ФСИН НГПТ,990
90 дней ТАТ К,654
ВБ 90 МГТ,586
Волонтер  Победы,584
30 дн. Пригор.ДЗ,561
90дн ММ+МГТ СКСТ,523
30 дней Приг. К,519
Билет волонтера,444
30дн.Подписки Пр,406
330 дней К,405
ТАТ 365 дней,356
240 дней ТАТ К,314
365 дней К,273
ВБ 90 Единый П,244
60 дней ТАТ К,228
90 Единый П К,209
365 дней Приг. К,209
ВБ 30 Единый П,206
ТАТ на 30 дней,203
ВЕСБ МО (тип 4),191
90 МГТ К,184
90 дней Приг. К,182
30 Единый П К,182
180 дней К,181
30 МГТ К,172
ВБ 30 МГТ,164
Билет журналиста,144
210 дней ТАТ К,143
60 МГТ К,138
270 дней ТАТ К,132
240 дней К,131
365 дней ТАТ К,126
ВЛБ МОСКВА,124
30 дн. МГТ СК СТ,104
300 дней К,100
330 дней ТАТ К,85
150 дней К,80
90 дн. Пригор.ДЗ,74
270 дней К,72
210 дней К,70
60 дней Приг. К,50
120 дней ТАТ К,47
180 дней ТАТ К,34
ВЕСБ МО (тип 5),31
Волонтер,24
60 Единый П К,24
120 дней Приг. К,21
3 суток ТК К,15
270 дней Приг. К,14
300 дней Приг. К,11
120 дней К,6
90 дн. МГТ СК СТ,4
ВЕСБ МО с сопров,3
1 сутки ТК К,3
ТЕСТ 30д Под.,3
90 ММ+МГТ СТ Пр,2
180 дней Приг. К,1
ТЕСТ 30д.Под.Пр,1
