origin,mode,path,window,score,epochs
2025-07-01,step7,7,all,0.680576618248718,60
2025-07-01,step7,7,days_1_7,0.8911088247729886,60
2025-07-01,step7,7,days_8_28,0.7432841133192103,60
2025-07-01,step7,7,days_29_61,0.5944491408076347,60
2025-07-01,step7,7,last_7_days,0.5524501755944542,60
2025-07-01,step7,1,all,0.6672237319532226,60
2025-07-01,step7,1,days_1_7,0.8901237921743185,60
2025-07-01,step7,1,days_8_28,0.7403208219162236,60
2025-07-01,step7,1,days_29_61,0.5719188658207565,60
2025-07-01,step7,1,last_7_days,0.5194876633728454,60
2025-07-01,direct61,direct,all,0.791299517749518,60
2025-07-01,direct61,direct,days_1_7,0.8214121641824484,60
2025-07-01,direct61,direct,days_8_28,0.775440724063466,60
2025-07-01,direct61,direct,days_29_61,0.7942264728896916,60
2025-07-01,direct61,direct,last_7_days,0.7744985964051239,60
2025-07-01,rollout7,7,all,0.5508432200391153,60
2025-07-01,rollout7,7,days_1_7,0.8672014639859926,60
2025-07-01,rollout7,7,days_8_28,0.6087279082126467,60
2025-07-01,rollout7,7,days_29_61,0.44373997084763916,60
2025-07-01,rollout7,7,last_7_days,0.4663366855128831,60
2025-07-01,rollout7,1,all,0.5493052543124437,60
2025-07-01,rollout7,1,days_1_7,0.866243574260227,60
2025-07-01,rollout7,1,days_8_28,0.6070524994775119,60
2025-07-01,rollout7,1,days_29_61,0.4421551935317234,60
2025-07-01,rollout7,1,last_7_days,0.4638015609833698,60
2025-07-01,consistent7,7,all,0.7353030048744393,60
2025-07-01,consistent7,7,days_1_7,0.8917395316674287,60
2025-07-01,consistent7,7,days_8_28,0.7479894204043799,60
2025-07-01,consistent7,7,days_29_61,0.6921276819340276,60
2025-07-01,consistent7,7,last_7_days,0.7172480216248627,60
2025-07-01,consistent7,1,all,0.7321597533643738,60
2025-07-01,consistent7,1,days_1_7,0.8906102579844966,60
2025-07-01,consistent7,1,days_8_28,0.7450895420672109,60
2025-07-01,consistent7,1,days_29_61,0.688379433618028,60
2025-07-01,consistent7,1,last_7_days,0.7126958419103075,60
2025-07-01,consistent7,direct,all,0.7815881588274836,60
2025-07-01,consistent7,direct,days_1_7,0.8907713905253561,60
2025-07-01,consistent7,direct,days_8_28,0.751706540967833,60
2025-07-01,consistent7,direct,days_29_61,0.7752406534218976,60
2025-07-01,consistent7,direct,last_7_days,0.8382513601846039,60
2025-07-01,consistent7,blend_direct_recursive,all,0.7630275282919405,60
2025-07-01,consistent7,blend_direct_recursive,days_1_7,0.8912813967661479,60
2025-07-01,consistent7,blend_direct_recursive,days_8_28,0.7508542543007378,60
2025-07-01,consistent7,blend_direct_recursive,days_29_61,0.7414923410315296,60
2025-07-01,consistent7,blend_direct_recursive,last_7_days,0.7912482305785108,60
2025-07-01,consistent7_tail2,7,all,0.7389559759758608,60
2025-07-01,consistent7_tail2,7,days_1_7,0.8927166876418658,60
2025-07-01,consistent7_tail2,7,days_8_28,0.7556779170864203,60
2025-07-01,consistent7_tail2,7,days_29_61,0.6939078478083816,60
2025-07-01,consistent7_tail2,7,last_7_days,0.7240453216193847,60
2025-07-01,consistent7_tail2,1,all,0.7331726733659516,60
2025-07-01,consistent7_tail2,1,days_1_7,0.891591865659367,60
2025-07-01,consistent7_tail2,1,days_8_28,0.7511183721768662,60
2025-07-01,consistent7_tail2,1,days_29_61,0.6863193601578046,60
2025-07-01,consistent7_tail2,1,last_7_days,0.7144852343659538,60
2025-07-01,consistent7_tail2,direct,all,0.7920332612545563,60
2025-07-01,consistent7_tail2,direct,days_1_7,0.8921133386865662,60
2025-07-01,consistent7_tail2,direct,days_8_28,0.7597463723630484,60
2025-07-01,consistent7_tail2,direct,days_29_61,0.7892218233282995,60
2025-07-01,consistent7_tail2,direct,last_7_days,0.8486778527865171,60
2025-07-01,consistent7_tail2,blend_direct_recursive,all,0.7699139593156603,60
2025-07-01,consistent7_tail2,blend_direct_recursive,days_1_7,0.8924310302973644,60
2025-07-01,consistent7_tail2,blend_direct_recursive,days_8_28,0.7586683285739884,60
2025-07-01,consistent7_tail2,blend_direct_recursive,days_29_61,0.7491067744684452,60
2025-07-01,consistent7_tail2,blend_direct_recursive,last_7_days,0.8001921848204983,60
2025-07-01,consistent_daily_tail2,7,all,0.7273010072423478,60
2025-07-01,consistent_daily_tail2,7,days_1_7,0.8918410997792072,60
2025-07-01,consistent_daily_tail2,7,days_8_28,0.7484322143261322,60
2025-07-01,consistent_daily_tail2,7,days_29_61,0.6771070826263899,60
2025-07-01,consistent_daily_tail2,7,last_7_days,0.7116611933655549,60
2025-07-01,consistent_daily_tail2,1,all,0.7104377258219651,60
2025-07-01,consistent_daily_tail2,1,days_1_7,0.8896707282697259,60
2025-07-01,consistent_daily_tail2,1,days_8_28,0.736602555296538,60
2025-07-01,consistent_daily_tail2,1,days_29_61,0.6538293928041184,60
2025-07-01,consistent_daily_tail2,1,last_7_days,0.6844437216152683,60
2025-07-01,consistent_daily_tail2,direct,all,0.8074885071635243,60
2025-07-01,consistent_daily_tail2,direct,days_1_7,0.8894704155580256,60
2025-07-01,consistent_daily_tail2,direct,days_8_28,0.765398617674611,60
2025-07-01,consistent_daily_tail2,direct,days_29_61,0.8147904190691745,60
2025-07-01,consistent_daily_tail2,direct,last_7_days,0.8641681960571379,60
2025-07-01,consistent_daily_tail2,blend_direct_recursive,all,0.7761021500900084,60
2025-07-01,consistent_daily_tail2,blend_direct_recursive,days_1_7,0.8907535557304999,60
2025-07-01,consistent_daily_tail2,blend_direct_recursive,days_8_28,0.7582358013679803,60
2025-07-01,consistent_daily_tail2,blend_direct_recursive,days_29_61,0.7611396622109425,60
2025-07-01,consistent_daily_tail2,blend_direct_recursive,last_7_days,0.8175855462081962,60
2025-07-01,consistent7_c1_tail2,7,all,0.8245430844400518,60
2025-07-01,consistent7_c1_tail2,7,days_1_7,0.8832465954282116,60
2025-07-01,consistent7_c1_tail2,7,days_8_28,0.7965051599316847,60
2025-07-01,consistent7_c1_tail2,7,days_29_61,0.8284816749985278,60
2025-07-01,consistent7_c1_tail2,7,last_7_days,0.8607937475660286,60
2025-07-01,consistent7_c1_tail2,1,all,0.8238656883961006,60
2025-07-01,consistent7_c1_tail2,1,days_1_7,0.8833597108237609,60
2025-07-01,consistent7_c1_tail2,1,days_8_28,0.7960096926780338,60
2025-07-01,consistent7_c1_tail2,1,days_29_61,0.8275137541675888,60
2025-07-01,consistent7_c1_tail2,1,last_7_days,0.8599246387880544,60
2025-07-01,consistent7_c1_tail2,direct,all,0.8316079447082037,60
2025-07-01,consistent7_c1_tail2,direct,days_1_7,0.8832376755145765,60
2025-07-01,consistent7_c1_tail2,direct,days_8_28,0.7952025871130675,60
2025-07-01,consistent7_c1_tail2,direct,days_29_61,0.8422847022434327,60
2025-07-01,consistent7_c1_tail2,direct,last_7_days,0.8769494529406204,60
2025-07-01,consistent7_c1_tail2,blend_direct_recursive,all,0.8290273206572766,60
2025-07-01,consistent7_c1_tail2,blend_direct_recursive,days_1_7,0.8832438021863427,60
2025-07-01,consistent7_c1_tail2,blend_direct_recursive,days_8_28,0.7959349436489735,60
2025-07-01,consistent7_c1_tail2,blend_direct_recursive,days_29_61,0.8370845962595969,60
2025-07-01,consistent7_c1_tail2,blend_direct_recursive,last_7_days,0.8729048413002053,60
2025-07-01,consistent7_c5_tail2,7,all,0.8322889083442045,60
2025-07-01,consistent7_c5_tail2,7,days_1_7,0.8898259862704514,60
2025-07-01,consistent7_c5_tail2,7,days_8_28,0.7953757685398133,60
2025-07-01,consistent7_c5_tail2,7,days_29_61,0.8419412656693583,60
2025-07-01,consistent7_c5_tail2,7,last_7_days,0.8624892644170179,60
2025-07-01,consistent7_c5_tail2,1,all,0.8322808803820554,60
2025-07-01,consistent7_c5_tail2,1,days_1_7,0.8898272552011228,60
2025-07-01,consistent7_c5_tail2,1,days_8_28,0.795317035164053,60
2025-07-01,consistent7_c5_tail2,1,days_29_61,0.8419622710316719,60
2025-07-01,consistent7_c5_tail2,1,last_7_days,0.863109746968949,60
2025-07-01,consistent7_c5_tail2,direct,all,0.829249444311908,60
2025-07-01,consistent7_c5_tail2,direct,days_1_7,0.8898708749858069,60
2025-07-01,consistent7_c5_tail2,direct,days_8_28,0.7911720857963978,60
2025-07-01,consistent7_c5_tail2,direct,days_29_61,0.8389190395422559,60
2025-07-01,consistent7_c5_tail2,direct,last_7_days,0.8742619566938156,60
2025-07-01,consistent7_c5_tail2,blend_direct_recursive,all,0.831204184300685,60
2025-07-01,consistent7_c5_tail2,blend_direct_recursive,days_1_7,0.8898484332480632,60
2025-07-01,consistent7_c5_tail2,blend_direct_recursive,days_8_28,0.7933695453943094,60
2025-07-01,consistent7_c5_tail2,blend_direct_recursive,days_29_61,0.8411719625085111,60
2025-07-01,consistent7_c5_tail2,blend_direct_recursive,last_7_days,0.8692645441884363,60
2025-08-01,step7,7,all,0.6199481520225696,60
2025-08-01,step7,7,days_1_7,0.8922111189696413,60
2025-08-01,step7,7,days_8_28,0.8192159045129236,60
2025-08-01,step7,7,days_29_61,0.46217619047192837,60
2025-08-01,step7,7,last_7_days,0.024676421387541003,60
2025-08-01,step7,1,all,0.6125504143088836,60
2025-08-01,step7,1,days_1_7,0.8922437821095937,60
2025-08-01,step7,1,days_8_28,0.8184489048906173,60
2025-08-01,step7,1,days_29_61,0.4498139694526738,60
2025-08-01,step7,1,last_7_days,0.0,60
2025-08-01,direct61,direct,all,0.7688911390645456,60
2025-08-01,direct61,direct,days_1_7,0.7242016049576937,60
2025-08-01,direct61,direct,days_8_28,0.728969907951032,60
2025-08-01,direct61,direct,days_29_61,0.798772374435492,60
2025-08-01,direct61,direct,last_7_days,0.7888449337384917,60
2025-08-01,rollout7,7,all,0.8344578850686907,60
2025-08-01,rollout7,7,days_1_7,0.8822634897721852,60
2025-08-01,rollout7,7,days_8_28,0.8328614372258043,60
2025-08-01,rollout7,7,days_29_61,0.8269639130180626,60
2025-08-01,rollout7,7,last_7_days,0.824221287898279,60
2025-08-01,rollout7,1,all,0.8333555513287626,60
2025-08-01,rollout7,1,days_1_7,0.8813903451690062,60
2025-08-01,rollout7,1,days_8_28,0.8311700685152353,60
2025-08-01,rollout7,1,days_29_61,0.826146790682437,60
2025-08-01,rollout7,1,last_7_days,0.8260120729651217,60
2025-08-01,consistent7,7,all,0.8211596033716722,60
2025-08-01,consistent7,7,days_1_7,0.8786010294716017,60
2025-08-01,consistent7,7,days_8_28,0.8153641987038286,60
2025-08-01,consistent7,7,days_29_61,0.8142967697290278,60
2025-08-01,consistent7,7,last_7_days,0.8070923345206683,60
2025-08-01,consistent7,1,all,0.8193374009022392,60
2025-08-01,consistent7,1,days_1_7,0.8791987265730611,60
2025-08-01,consistent7,1,days_8_28,0.8159806111019878,60
2025-08-01,consistent7,1,days_29_61,0.8107035641887057,60
2025-08-01,consistent7,1,last_7_days,0.8006876638381647,60
2025-08-01,consistent7,direct,all,0.8065310219518987,60
2025-08-01,consistent7,direct,days_1_7,0.871521569852286,60
2025-08-01,consistent7,direct,days_8_28,0.807347271880783,60
2025-08-01,consistent7,direct,days_29_61,0.7946934456329214,60
2025-08-01,consistent7,direct,last_7_days,0.7915689979801566,60
2025-08-01,consistent7,blend_direct_recursive,all,0.8189068868695404,60
2025-08-01,consistent7,blend_direct_recursive,days_1_7,0.8751984873900281,60
2025-08-01,consistent7,blend_direct_recursive,days_8_28,0.8120504641650674,60
2025-08-01,consistent7,blend_direct_recursive,days_29_61,0.8128315859904471,60
2025-08-01,consistent7,blend_direct_recursive,last_7_days,0.8179045981463661,60
2025-08-01,consistent7_tail2,7,all,0.8135698020332054,60
2025-08-01,consistent7_tail2,7,days_1_7,0.8803546813557847,60
2025-08-01,consistent7_tail2,7,days_8_28,0.8229938557153373,60
2025-08-01,consistent7_tail2,7,days_29_61,0.7966631365408543,60
2025-08-01,consistent7_tail2,7,last_7_days,0.7637895939138589,60
2025-08-01,consistent7_tail2,1,all,0.8106101701625968,60
2025-08-01,consistent7_tail2,1,days_1_7,0.881098739229265,60
2025-08-01,consistent7_tail2,1,days_8_28,0.8238194642408547,60
2025-08-01,consistent7_tail2,1,days_29_61,0.7909637358310733,60
2025-08-01,consistent7_tail2,1,last_7_days,0.7546432779248005,60
2025-08-01,consistent7_tail2,direct,all,0.8072661715887215,60
2025-08-01,consistent7_tail2,direct,days_1_7,0.873845180420306,60
2025-08-01,consistent7_tail2,direct,days_8_28,0.8090027443049,60
2025-08-01,consistent7_tail2,direct,days_29_61,0.7946419273325229,60
2025-08-01,consistent7_tail2,direct,last_7_days,0.7896321370148393,60
2025-08-01,consistent7_tail2,blend_direct_recursive,all,0.8199201146500764,60
2025-08-01,consistent7_tail2,blend_direct_recursive,days_1_7,0.8772216888010731,60
2025-08-01,consistent7_tail2,blend_direct_recursive,days_8_28,0.8166331760204517,60
2025-08-01,consistent7_tail2,blend_direct_recursive,days_29_61,0.8116961766695312,60
2025-08-01,consistent7_tail2,blend_direct_recursive,last_7_days,0.8139126503100673,60
2025-08-01,consistent_daily_tail2,7,all,0.823707965410762,60
2025-08-01,consistent_daily_tail2,7,days_1_7,0.8814483833168378,60
2025-08-01,consistent_daily_tail2,7,days_8_28,0.8159669547671736,60
2025-08-01,consistent_daily_tail2,7,days_29_61,0.8178674456144415,60
2025-08-01,consistent_daily_tail2,7,last_7_days,0.816145735067091,60
2025-08-01,consistent_daily_tail2,1,all,0.8226008784869805,60
2025-08-01,consistent_daily_tail2,1,days_1_7,0.8835135356661054,60
2025-08-01,consistent_daily_tail2,1,days_8_28,0.8218070843861011,60
2025-08-01,consistent_daily_tail2,1,days_29_61,0.8123671148488862,60
2025-08-01,consistent_daily_tail2,1,last_7_days,0.8032662416485032,60
2025-08-01,consistent_daily_tail2,direct,all,0.7967580697259903,60
2025-08-01,consistent_daily_tail2,direct,days_1_7,0.8794438223767522,60
2025-08-01,consistent_daily_tail2,direct,days_8_28,0.8044741173112919,60
2025-08-01,consistent_daily_tail2,direct,days_29_61,0.778008938788258,60
2025-08-01,consistent_daily_tail2,direct,last_7_days,0.7591307737904177,60
2025-08-01,consistent_daily_tail2,blend_direct_recursive,all,0.8175959210731668,60
2025-08-01,consistent_daily_tail2,blend_direct_recursive,days_1_7,0.8804636819579427,60
2025-08-01,consistent_daily_tail2,blend_direct_recursive,days_8_28,0.8109210053935767,60
2025-08-01,consistent_daily_tail2,blend_direct_recursive,days_29_61,0.8102681811719047,60
2025-08-01,consistent_daily_tail2,blend_direct_recursive,last_7_days,0.8136782158055582,60
2025-08-01,consistent7_c1_tail2,7,all,0.7957389232774449,60
2025-08-01,consistent7_c1_tail2,7,days_1_7,0.879900698938587,60
2025-08-01,consistent7_c1_tail2,7,days_8_28,0.7957456086686093,60
2025-08-01,consistent7_c1_tail2,7,days_29_61,0.780989623142009,60
2025-08-01,consistent7_c1_tail2,7,last_7_days,0.7840457806475856,60
2025-08-01,consistent7_c1_tail2,1,all,0.7956909056996082,60
2025-08-01,consistent7_c1_tail2,1,days_1_7,0.8799488361105609,60
2025-08-01,consistent7_c1_tail2,1,days_8_28,0.795882940331732,60
2025-08-01,consistent7_c1_tail2,1,days_29_61,0.7808223769339457,60
2025-08-01,consistent7_c1_tail2,1,last_7_days,0.7834840484790908,60
2025-08-01,consistent7_c1_tail2,direct,all,0.7921630049678094,60
2025-08-01,consistent7_c1_tail2,direct,days_1_7,0.8790075268226758,60
2025-08-01,consistent7_c1_tail2,direct,days_8_28,0.7962091737765253,60
2025-08-01,consistent7_c1_tail2,direct,days_29_61,0.7747123741303876,60
2025-08-01,consistent7_c1_tail2,direct,last_7_days,0.7708191447640051,60
2025-08-01,consistent7_c1_tail2,blend_direct_recursive,all,0.7946153127633748,60
2025-08-01,consistent7_c1_tail2,blend_direct_recursive,days_1_7,0.8794593561873593,60
2025-08-01,consistent7_c1_tail2,blend_direct_recursive,days_8_28,0.7960137351036515,60
2025-08-01,consistent7_c1_tail2,blend_direct_recursive,days_29_61,0.7789777186043678,60
2025-08-01,consistent7_c1_tail2,blend_direct_recursive,last_7_days,0.7802472873198331,60
2025-08-01,consistent7_c5_tail2,7,all,0.7910437840233793,60
2025-08-01,consistent7_c5_tail2,7,days_1_7,0.8959931586696257,60
2025-08-01,consistent7_c5_tail2,7,days_8_28,0.8123455856888622,60
2025-08-01,consistent7_c5_tail2,7,days_29_61,0.7608895493978942,60
2025-08-01,consistent7_c5_tail2,7,last_7_days,0.7550031997800696,60
2025-08-01,consistent7_c5_tail2,1,all,0.7912666971011595,60
2025-08-01,consistent7_c5_tail2,1,days_1_7,0.8959776014480579,60
2025-08-01,consistent7_c5_tail2,1,days_8_28,0.8124568627395263,60
2025-08-01,consistent7_c5_tail2,1,days_29_61,0.7612159084372221,60
2025-08-01,consistent7_c5_tail2,1,last_7_days,0.7555499098225733,60
2025-08-01,consistent7_c5_tail2,direct,all,0.7933694468733952,60
2025-08-01,consistent7_c5_tail2,direct,days_1_7,0.895977499877727,60
2025-08-01,consistent7_c5_tail2,direct,days_8_28,0.8124354823079479,60
2025-08-01,consistent7_c5_tail2,direct,days_29_61,0.7648604000629688,60
2025-08-01,consistent7_c5_tail2,direct,last_7_days,0.7588185308100848,60
2025-08-01,consistent7_c5_tail2,blend_direct_recursive,all,0.7922683395336755,60
2025-08-01,consistent7_c5_tail2,blend_direct_recursive,days_1_7,0.8959855817427304,60
2025-08-01,consistent7_c5_tail2,blend_direct_recursive,days_8_28,0.8124039075161513,60
2025-08-01,consistent7_c5_tail2,blend_direct_recursive,days_29_61,0.7629741764964484,60
2025-08-01,consistent7_c5_tail2,blend_direct_recursive,last_7_days,0.7569805527296716,60
2025-09-01,step7,7,all,0.14122333688347022,60
2025-09-01,step7,7,days_1_7,0.8923475371376384,60
2025-09-01,step7,7,days_8_28,0.4518892263539893,60
2025-09-01,step7,7,days_29_61,0.0,60
2025-09-01,step7,7,last_7_days,0.0,60
2025-09-01,step7,1,all,0.13806104965854205,60
2025-09-01,step7,1,days_1_7,0.8920054176393898,60
2025-09-01,step7,1,days_8_28,0.4474301016170271,60
2025-09-01,step7,1,days_29_61,0.0,60
2025-09-01,step7,1,last_7_days,0.0,60
2025-09-01,direct61,direct,all,0.8647176378059435,60
2025-09-01,direct61,direct,days_1_7,0.8994332795643945,60
2025-09-01,direct61,direct,days_8_28,0.8865237083269839,60
2025-09-01,direct61,direct,days_29_61,0.8446939716148429,60
2025-09-01,direct61,direct,last_7_days,0.8168085566629147,60
2025-09-01,rollout7,7,all,0.5535426787722777,60
2025-09-01,rollout7,7,days_1_7,0.8435687077508635,60
2025-09-01,rollout7,7,days_8_28,0.6747114115101154,60
2025-09-01,rollout7,7,days_29_61,0.4228468696230715,60
2025-09-01,rollout7,7,last_7_days,0.3490120919670585,60
2025-09-01,rollout7,1,all,0.5599261576832228,60
2025-09-01,rollout7,1,days_1_7,0.8466042938039345,60
2025-09-01,rollout7,1,days_8_28,0.6810518086354802,60
2025-09-01,rollout7,1,days_29_61,0.42992599336723414,60
2025-09-01,rollout7,1,last_7_days,0.35497878712154596,60
2025-09-01,consistent7,7,all,0.6094374064331671,60
2025-09-01,consistent7,7,days_1_7,0.8155680178569823,60
2025-09-01,consistent7,7,days_8_28,0.6930495367475544,60
2025-09-01,consistent7,7,days_29_61,0.5180509369629211,60
2025-09-01,consistent7,7,last_7_days,0.46075148699833013,60
2025-09-01,consistent7,1,all,0.6122009001599751,60
2025-09-01,consistent7,1,days_1_7,0.8162207376513235,60
2025-09-01,consistent7,1,days_8_28,0.6957805701546489,60
2025-09-01,consistent7,1,days_29_61,0.5212561972731202,60
2025-09-01,consistent7,1,last_7_days,0.4618961479864052,60
2025-09-01,consistent7,direct,all,0.8397106410071509,60
2025-09-01,consistent7,direct,days_1_7,0.808569817866671,60
2025-09-01,consistent7,direct,days_8_28,0.8224132795297072,60
2025-09-01,consistent7,direct,days_29_61,0.8563150053176705,60
2025-09-01,consistent7,direct,last_7_days,0.8753071037514506,60
2025-09-01,consistent7,blend_direct_recursive,all,0.7418128610502834,60
2025-09-01,consistent7,blend_direct_recursive,days_1_7,0.8121064140596261,60
2025-09-01,consistent7,blend_direct_recursive,days_8_28,0.7636529903799372,60
2025-09-01,consistent7,blend_direct_recursive,days_29_61,0.7146507629769441,60
2025-09-01,consistent7,blend_direct_recursive,last_7_days,0.7100335582443669,60
2025-09-01,consistent7_tail2,7,all,0.6303658877812647,60
2025-09-01,consistent7_tail2,7,days_1_7,0.8284159103372665,60
2025-09-01,consistent7_tail2,7,days_8_28,0.7137408439571513,60
2025-09-01,consistent7_tail2,7,days_29_61,0.5407383313834152,60
2025-09-01,consistent7_tail2,7,last_7_days,0.4801739513039921,60
2025-09-01,consistent7_tail2,1,all,0.6351826719321819,60
2025-09-01,consistent7_tail2,1,days_1_7,0.8296376544658034,60
2025-09-01,consistent7_tail2,1,days_8_28,0.7177216384224969,60
2025-09-01,consistent7_tail2,1,days_29_61,0.5467757525218115,60
2025-09-01,consistent7_tail2,1,last_7_days,0.48460193322438627,60
2025-09-01,consistent7_tail2,direct,all,0.8439562484762653,60
2025-09-01,consistent7_tail2,direct,days_1_7,0.8219816163543439,60
2025-09-01,consistent7_tail2,direct,days_8_28,0.8308751278017233,60
2025-09-01,consistent7_tail2,direct,days_29_61,0.8561980632462101,60
2025-09-01,consistent7_tail2,direct,last_7_days,0.8740213972744035,60
2025-09-01,consistent7_tail2,blend_direct_recursive,all,0.7547404204203481,60
2025-09-01,consistent7_tail2,blend_direct_recursive,days_1_7,0.825257357478515,60
2025-09-01,consistent7_tail2,blend_direct_recursive,days_8_28,0.7785112443805975,60
2025-09-01,consistent7_tail2,blend_direct_recursive,days_29_61,0.7263756977359075,60
2025-09-01,consistent7_tail2,blend_direct_recursive,last_7_days,0.7183985287349808,60
2025-09-01,consistent_daily_tail2,7,all,0.6303959863197516,60
2025-09-01,consistent_daily_tail2,7,days_1_7,0.848798545310622,60
2025-09-01,consistent_daily_tail2,7,days_8_28,0.7263170327736068,60
2025-09-01,consistent_daily_tail2,7,days_29_61,0.5291720288157976,60
2025-09-01,consistent_daily_tail2,7,last_7_days,0.46388038817851585,60
2025-09-01,consistent_daily_tail2,1,all,0.6157755180744681,60
2025-09-01,consistent_daily_tail2,1,days_1_7,0.8461981832138323,60
2025-09-01,consistent_daily_tail2,1,days_8_28,0.7168478891388734,60
2025-09-01,consistent_daily_tail2,1,days_29_61,0.5090572178703283,60
2025-09-01,consistent_daily_tail2,1,last_7_days,0.4363873658261007,60
2025-09-01,consistent_daily_tail2,direct,all,0.8583055128127717,60
2025-09-01,consistent_daily_tail2,direct,days_1_7,0.8370124891671467,60
2025-09-01,consistent_daily_tail2,direct,days_8_28,0.8512661791130101,60
2025-09-01,consistent_daily_tail2,direct,days_29_61,0.8667874024753079,60
2025-09-01,consistent_daily_tail2,direct,last_7_days,0.8683364731404399,60
2025-09-01,consistent_daily_tail2,blend_direct_recursive,all,0.7759324624837226,60
2025-09-01,consistent_daily_tail2,blend_direct_recursive,days_1_7,0.8431257514095665,60
2025-09-01,consistent_daily_tail2,blend_direct_recursive,days_8_28,0.7993223819538868,60
2025-09-01,consistent_daily_tail2,blend_direct_recursive,days_29_61,0.7484611429380625,60
2025-09-01,consistent_daily_tail2,blend_direct_recursive,last_7_days,0.747183513579833,60
2025-09-01,consistent7_c1_tail2,7,all,0.809134022909456,60
2025-09-01,consistent7_c1_tail2,7,days_1_7,0.8510514858041534,60
2025-09-01,consistent7_c1_tail2,7,days_8_28,0.8286869920144657,60
2025-09-01,consistent7_c1_tail2,7,days_29_61,0.7890207978455737,60
2025-09-01,consistent7_c1_tail2,7,last_7_days,0.7581333238953846,60
2025-09-01,consistent7_c1_tail2,1,all,0.8084831218159414,60
2025-09-01,consistent7_c1_tail2,1,days_1_7,0.8509644752089774,60
2025-09-01,consistent7_c1_tail2,1,days_8_28,0.8281740631188632,60
2025-09-01,consistent7_c1_tail2,1,days_29_61,0.7881743315335729,60
2025-09-01,consistent7_c1_tail2,1,last_7_days,0.7565564795755246,60
2025-09-01,consistent7_c1_tail2,direct,all,0.8455205746480672,60
2025-09-01,consistent7_c1_tail2,direct,days_1_7,0.8513861385931769,60
2025-09-01,consistent7_c1_tail2,direct,days_8_28,0.8455071225822601,60
2025-09-01,consistent7_c1_tail2,direct,days_29_61,0.844355130274674,60
2025-09-01,consistent7_c1_tail2,direct,last_7_days,0.8440879221517741,60
2025-09-01,consistent7_c1_tail2,blend_direct_recursive,all,0.8319119429181039,60
2025-09-01,consistent7_c1_tail2,blend_direct_recursive,days_1_7,0.8512202210882053,60
2025-09-01,consistent7_c1_tail2,blend_direct_recursive,days_8_28,0.838123348534934,60
2025-09-01,consistent7_c1_tail2,blend_direct_recursive,days_29_61,0.8243236867312886,60
2025-09-01,consistent7_c1_tail2,blend_direct_recursive,last_7_days,0.8117944678297994,60
2025-09-01,consistent7_c5_tail2,7,all,0.8394245821788168,60
2025-09-01,consistent7_c5_tail2,7,days_1_7,0.8491628548120654,60
2025-09-01,consistent7_c5_tail2,7,days_8_28,0.8388351828103422,60
2025-09-01,consistent7_c5_tail2,7,days_29_61,0.8378297562753165,60
2025-09-01,consistent7_c5_tail2,7,last_7_days,0.8371756217133637,60
2025-09-01,consistent7_c5_tail2,1,all,0.8395506187512811,60
2025-09-01,consistent7_c5_tail2,1,days_1_7,0.8494658011700458,60
2025-09-01,consistent7_c5_tail2,1,days_8_28,0.8390855180905151,60
2025-09-01,consistent7_c5_tail2,1,days_29_61,0.8378458507906129,60
2025-09-01,consistent7_c5_tail2,1,last_7_days,0.8371171971017375,60
2025-09-01,consistent7_c5_tail2,direct,all,0.8391559187669441,60
2025-09-01,consistent7_c5_tail2,direct,days_1_7,0.849170770734476,60
2025-09-01,consistent7_c5_tail2,direct,days_8_28,0.838022056046276,60
2025-09-01,consistent7_c5_tail2,direct,days_29_61,0.8378322996292352,60
2025-09-01,consistent7_c5_tail2,direct,last_7_days,0.8374322987125115,60
2025-09-01,consistent7_c5_tail2,blend_direct_recursive,all,0.8393428490005961,60
2025-09-01,consistent7_c5_tail2,blend_direct_recursive,days_1_7,0.8491668487115094,60
2025-09-01,consistent7_c5_tail2,blend_direct_recursive,days_8_28,0.8384366766051488,60
2025-09-01,consistent7_c5_tail2,blend_direct_recursive,days_29_61,0.8379208562176605,60
2025-09-01,consistent7_c5_tail2,blend_direct_recursive,last_7_days,0.8374668540314709,60
2025-10-01,step7,7,all,0.879496592515323,60
2025-10-01,step7,7,days_1_7,0.876410650026318,60
2025-10-01,step7,7,days_8_28,0.8779500485777092,60
2025-10-01,step7,7,days_29_61,0.8954403080049718,60
2025-10-01,step7,7,last_7_days,0.8722076067271625,60
2025-10-01,step7,1,all,0.8782841159179693,60
2025-10-01,step7,1,days_1_7,0.8773302485883787,60
2025-10-01,step7,1,days_8_28,0.8756140012841147,60
2025-10-01,step7,1,days_29_61,0.896817486150651,60
2025-10-01,step7,1,last_7_days,0.8700039949900664,60
2025-10-01,direct61,direct,all,0.8431062160182732,60
2025-10-01,direct61,direct,days_1_7,0.8350921090118251,60
2025-10-01,direct61,direct,days_8_28,0.8436291763446422,60
2025-10-01,direct61,direct,days_29_61,0.8563384223666505,60
2025-10-01,direct61,direct,last_7_days,0.8511448926401857,60
2025-10-01,rollout7,7,all,0.877321465998711,60
2025-10-01,rollout7,7,days_1_7,0.8731014776102242,60
2025-10-01,rollout7,7,days_8_28,0.8791934143248935,60
2025-10-01,rollout7,7,days_29_61,0.8743799953692082,60
2025-10-01,rollout7,7,last_7_days,0.8714191595195978,60
2025-10-01,rollout7,1,all,0.8771566225967469,60
2025-10-01,rollout7,1,days_1_7,0.8731543316216944,60
2025-10-01,rollout7,1,days_8_28,0.8788729590143024,60
2025-10-01,rollout7,1,days_29_61,0.8747333474450736,60
2025-10-01,rollout7,1,last_7_days,0.8720359762390391,60
2025-10-01,consistent7,7,all,0.8859575118224631,60
2025-10-01,consistent7,7,days_1_7,0.8880273903953922,60
2025-10-01,consistent7,7,days_8_28,0.886638763934804,60
2025-10-01,consistent7,7,days_29_61,0.8774733918388835,60
2025-10-01,consistent7,7,last_7_days,0.8740121250968812,60
2025-10-01,consistent7,1,all,0.886036140335859,60
2025-10-01,consistent7,1,days_1_7,0.8875148760278935,60
2025-10-01,consistent7,1,days_8_28,0.8869275753367474,60
2025-10-01,consistent7,1,days_29_61,0.8774629780698778,60
2025-10-01,consistent7,1,last_7_days,0.8742073716046989,60
2025-10-01,consistent7,direct,all,0.888684755070223,60
2025-10-01,consistent7,direct,days_1_7,0.887381556343984,60
2025-10-01,consistent7,direct,days_8_28,0.8909302698897582,60
2025-10-01,consistent7,direct,days_29_61,0.8774274686486927,60
2025-10-01,consistent7,direct,last_7_days,0.8789662515417058,60
2025-10-01,consistent7,blend_direct_recursive,all,0.8893607586441457,60
2025-10-01,consistent7,blend_direct_recursive,days_1_7,0.8877385858631649,60
2025-10-01,consistent7,blend_direct_recursive,days_8_28,0.891078339696933,60
2025-10-01,consistent7,blend_direct_recursive,days_29_61,0.8820359496271512,60
2025-10-01,consistent7,blend_direct_recursive,last_7_days,0.8796498091016192,60
2025-10-01,consistent7_tail2,7,all,0.8858748955813822,60
2025-10-01,consistent7_tail2,7,days_1_7,0.8878192517351929,60
2025-10-01,consistent7_tail2,7,days_8_28,0.887144448942551,60
2025-10-01,consistent7_tail2,7,days_29_61,0.8739975647229111,60
2025-10-01,consistent7_tail2,7,last_7_days,0.871658558787718,60
2025-10-01,consistent7_tail2,1,all,0.8860125362371839,60
2025-10-01,consistent7_tail2,1,days_1_7,0.8874268117890715,60
2025-10-01,consistent7_tail2,1,days_8_28,0.8874463068841288,60
2025-10-01,consistent7_tail2,1,days_29_61,0.8742058978791847,60
2025-10-01,consistent7_tail2,1,last_7_days,0.8721687542386549,60
2025-10-01,consistent7_tail2,direct,all,0.8878421028122094,60
2025-10-01,consistent7_tail2,direct,days_1_7,0.8871566471384478,60
2025-10-01,consistent7_tail2,direct,days_8_28,0.8899604655150752,60
2025-10-01,consistent7_tail2,direct,days_29_61,0.8761038338594875,60
2025-10-01,consistent7_tail2,direct,last_7_days,0.8776264990069512,60
2025-10-01,consistent7_tail2,blend_direct_recursive,all,0.8886959240050459,60
2025-10-01,consistent7_tail2,blend_direct_recursive,days_1_7,0.8875283520378955,60
2025-10-01,consistent7_tail2,blend_direct_recursive,days_8_28,0.8905408505112822,60
2025-10-01,consistent7_tail2,blend_direct_recursive,days_29_61,0.8796460297221168,60
2025-10-01,consistent7_tail2,blend_direct_recursive,last_7_days,0.8776171840959905,60
2025-10-01,consistent_daily_tail2,7,all,0.8871754163299095,60
2025-10-01,consistent_daily_tail2,7,days_1_7,0.889297644893474,60
2025-10-01,consistent_daily_tail2,7,days_8_28,0.8870194474855457,60
2025-10-01,consistent_daily_tail2,7,days_29_61,0.8837798822276639,60
2025-10-01,consistent_daily_tail2,7,last_7_days,0.878227780942518,60
2025-10-01,consistent_daily_tail2,1,all,0.8873095049769564,60
2025-10-01,consistent_daily_tail2,1,days_1_7,0.8888379585252197,60
2025-10-01,consistent_daily_tail2,1,days_8_28,0.8875385155098897,60
2025-10-01,consistent_daily_tail2,1,days_29_61,0.8827454636881406,60
2025-10-01,consistent_daily_tail2,1,last_7_days,0.8782235820003976,60
2025-10-01,consistent_daily_tail2,direct,all,0.8883422819550806,60
2025-10-01,consistent_daily_tail2,direct,days_1_7,0.8879191405653309,60
2025-10-01,consistent_daily_tail2,direct,days_8_28,0.8904401495598091,60
2025-10-01,consistent_daily_tail2,direct,days_29_61,0.8761918664303978,60
2025-10-01,consistent_daily_tail2,direct,last_7_days,0.8790543147048159,60
2025-10-01,consistent_daily_tail2,blend_direct_recursive,all,0.8899830719482447,60
2025-10-01,consistent_daily_tail2,blend_direct_recursive,days_1_7,0.8886768502865413,60
2025-10-01,consistent_daily_tail2,blend_direct_recursive,days_8_28,0.8911117815890757,60
2025-10-01,consistent_daily_tail2,blend_direct_recursive,days_29_61,0.8856634682408868,60
2025-10-01,consistent_daily_tail2,blend_direct_recursive,last_7_days,0.882546070878627,60
2025-10-01,consistent7_c1_tail2,7,all,0.8854278747707113,60
2025-10-01,consistent7_c1_tail2,7,days_1_7,0.8896140055195308,60
2025-10-01,consistent7_c1_tail2,7,days_8_28,0.8874502625810798,60
2025-10-01,consistent7_c1_tail2,7,days_29_61,0.8642687082611205,60
2025-10-01,consistent7_c1_tail2,7,last_7_days,0.8732743912320874,60
2025-10-01,consistent7_c1_tail2,1,all,0.8853502547229763,60
2025-10-01,consistent7_c1_tail2,1,days_1_7,0.8894910595011131,60
2025-10-01,consistent7_c1_tail2,1,days_8_28,0.8873949466292697,60
2025-10-01,consistent7_c1_tail2,1,days_29_61,0.8641458531678217,60
2025-10-01,consistent7_c1_tail2,1,last_7_days,0.8731749797944065,60
2025-10-01,consistent7_c1_tail2,direct,all,0.8874752364799874,60
2025-10-01,consistent7_c1_tail2,direct,days_1_7,0.889445753438765,60
2025-10-01,consistent7_c1_tail2,direct,days_8_28,0.8892693602488988,60
2025-10-01,consistent7_c1_tail2,direct,days_29_61,0.8722883621804696,60
2025-10-01,consistent7_c1_tail2,direct,last_7_days,0.880292836166138,60
2025-10-01,consistent7_c1_tail2,blend_direct_recursive,all,0.8868747625877652,60
2025-10-01,consistent7_c1_tail2,blend_direct_recursive,days_1_7,0.889531307729948,60
2025-10-01,consistent7_c1_tail2,blend_direct_recursive,days_8_28,0.8887393000593283,60
2025-10-01,consistent7_c1_tail2,blend_direct_recursive,days_29_61,0.8698403082600106,60
2025-10-01,consistent7_c1_tail2,blend_direct_recursive,last_7_days,0.8778981922510488,60
2025-10-01,consistent7_c5_tail2,7,all,0.8878440496939163,60
2025-10-01,consistent7_c5_tail2,7,days_1_7,0.889252510840074,60
2025-10-01,consistent7_c5_tail2,7,days_8_28,0.8898272747423658,60
2025-10-01,consistent7_c5_tail2,7,days_29_61,0.8726391699099011,60
2025-10-01,consistent7_c5_tail2,7,last_7_days,0.8802566532158171,60
2025-10-01,consistent7_c5_tail2,1,all,0.8878437693176192,60
2025-10-01,consistent7_c5_tail2,1,days_1_7,0.8892519850188162,60
2025-10-01,consistent7_c5_tail2,1,days_8_28,0.8898241842784143,60
2025-10-01,consistent7_c5_tail2,1,days_29_61,0.8726568350468562,60
2025-10-01,consistent7_c5_tail2,1,last_7_days,0.8802628040943142,60
2025-10-01,consistent7_c5_tail2,direct,all,0.8876516229451517,60
2025-10-01,consistent7_c5_tail2,direct,days_1_7,0.8892573438611603,60
2025-10-01,consistent7_c5_tail2,direct,days_8_28,0.8894511809444604,60
2025-10-01,consistent7_c5_tail2,direct,days_29_61,0.8731810855179711,60
2025-10-01,consistent7_c5_tail2,direct,last_7_days,0.8804900019146757,60
2025-10-01,consistent7_c5_tail2,blend_direct_recursive,all,0.8877851878383665,60
2025-10-01,consistent7_c5_tail2,blend_direct_recursive,days_1_7,0.8892550361959348,60
2025-10-01,consistent7_c5_tail2,blend_direct_recursive,days_8_28,0.889687253348582,60
2025-10-01,consistent7_c5_tail2,blend_direct_recursive,days_29_61,0.872957806397139,60
2025-10-01,consistent7_c5_tail2,blend_direct_recursive,last_7_days,0.8804565845182549,60
