route,date,hour,weekday,route5_stop_opportunities,donor_demand_intensity,unscaled_shape,prediction
5,2025-11-01,0,5,161.0,0.09344262295081968,0.0,0
5,2025-11-01,1,5,6.0,0.07142857142857142,0.0,0
5,2025-11-01,2,5,0.0,0.9229580228187034,0.0,0
5,2025-11-01,3,5,0.0,0.9229580228187034,0.0,0
5,2025-11-01,4,5,0.0,0.9229580228187034,0.0,0
5,2025-11-01,5,5,104.0,1.5,0.0,0
5,2025-11-01,6,5,180.0,1.4755628049138894,0.0,0
5,2025-11-01,7,5,178.0,2.3330125523012555,0.0,0
5,2025-11-01,8,5,170.0,1.8369846084709585,0.0,0
5,2025-11-01,9,5,180.0,1.0814182452642074,0.0,0
5,2025-11-01,10,5,180.0,0.9229580228187034,0.0,0
5,2025-11-01,11,5,180.0,0.8325576293231787,0.0,0
5,2025-11-01,12,5,178.0,0.8446548707459524,0.0,0
5,2025-11-01,13,5,176.0,0.8877310189810189,0.0,0
5,2025-11-01,14,5,179.0,0.9046977415729416,0.0,0
5,2025-11-01,15,5,180.0,0.9626482563285537,0.0,0
5,2025-11-01,16,5,180.0,1.2522302051209975,0.0,0
5,2025-11-01,17,5,180.0,1.42843155201553,0.0,0
5,2025-11-01,18,5,180.0,1.3143322893120997,0.0,0
5,2025-11-01,19,5,180.0,0.9622619047619048,0.0,0
5,2025-11-01,20,5,189.0,0.755132540634886,0.0,0
5,2025-11-01,21,5,196.0,0.4446135572354627,0.0,0
5,2025-11-01,22,5,192.0,0.32278374546415783,0.0,0
5,2025-11-01,23,5,194.0,0.290227643429544,0.0,0
5,2025-11-02,0,6,161.0,0.21395348837209302,0.0,0
5,2025-11-02,1,6,3.0,0.22093023255813954,0.0,0
5,2025-11-02,2,6,0.0,0.592092050209205,0.0,0
5,2025-11-02,3,6,0.0,0.592092050209205,0.0,0
5,2025-11-02,4,6,0.0,0.592092050209205,0.0,0
5,2025-11-02,5,6,104.0,0.3469387755102041,0.0,0
5,2025-11-02,6,6,180.0,0.6092546875918415,0.0,0
5,2025-11-02,7,6,178.0,0.592092050209205,0.0,0
5,2025-11-02,8,6,170.0,0.5531049882035726,0.0,0
5,2025-11-02,9,6,180.0,0.5139622798271851,0.0,0
5,2025-11-02,10,6,180.0,0.5771079271911891,0.0,0
5,2025-11-02,11,6,180.0,0.7008133139015561,0.0,0
5,2025-11-02,12,6,178.0,0.7367768221658164,0.0,0
5,2025-11-02,13,6,176.0,0.7723880286380286,0.0,0
5,2025-11-02,14,6,179.0,0.8081136842796085,0.0,0
5,2025-11-02,15,6,180.0,0.7441059560018668,0.0,0
5,2025-11-02,16,6,180.0,0.7484911494547469,0.0,0
5,2025-11-02,17,6,180.0,0.8154158560414814,0.0,0
5,2025-11-02,18,6,180.0,0.7076712059513484,0.0,0
5,2025-11-02,19,6,180.0,0.6362698412698412,0.0,0
5,2025-11-02,20,6,189.0,0.5111377768081161,0.0,0
5,2025-11-02,21,6,196.0,0.40655115702002426,0.0,0
5,2025-11-02,22,6,192.0,0.28843149977170596,0.0,0
5,2025-11-02,23,6,194.0,0.23090560953123893,0.0,0
5,2025-11-03,0,0,139.0,0.42178481367329784,0.0,0
5,2025-11-03,1,0,6.0,0.5959302325581395,0.0,0
5,2025-11-03,2,0,0.0,1.1373983739837399,0.0,0
5,2025-11-03,3,0,0.0,1.1373983739837399,0.0,0
5,2025-11-03,4,0,0.0,1.1373983739837399,0.0,0
5,2025-11-03,5,0,94.0,0.5550873907615481,0.0,0
5,2025-11-03,6,0,180.0,0.6473593579934045,0.0,0
5,2025-11-03,7,0,182.0,0.738554537271909,0.0,0
5,2025-11-03,8,0,180.0,0.9475824720223907,0.0,0
5,2025-11-03,9,0,180.0,1.1373983739837399,0.0,0
5,2025-11-03,10,0,180.0,1.316267389550886,0.0,0
5,2025-11-03,11,0,180.0,1.687210400627317,0.0,0
5,2025-11-03,12,0,180.0,1.9040320314025885,0.0,0
5,2025-11-03,13,0,179.0,2.092168316831683,0.0,0
5,2025-11-03,14,0,180.0,2.1783202933985333,0.0,0
5,2025-11-03,15,0,180.0,1.9984549419679158,0.0,0
5,2025-11-03,16,0,180.0,1.888173707881737,0.0,0
5,2025-11-03,17,0,174.0,1.798999183006536,0.0,0
5,2025-11-03,18,0,180.0,1.4081117820824511,0.0,0
5,2025-11-03,19,0,180.0,1.2074898045460758,0.0,0
5,2025-11-03,20,0,179.0,1.0629041740152851,0.0,0
5,2025-11-03,21,0,195.0,0.8894742304419121,0.0,0
5,2025-11-03,22,0,177.0,0.7006477162517897,0.0,0
5,2025-11-03,23,0,175.0,0.48690686353180335,0.0,0
5,2025-11-04,0,1,139.0,0.3637826350941105,0.0,0
5,2025-11-04,1,1,6.0,1.6233766233766234,0.0,0
5,2025-11-04,2,1,0.0,1.1889568056045594,0.0,0
5,2025-11-04,3,1,0.0,1.1889568056045594,0.0,0
5,2025-11-04,4,1,0.0,1.1889568056045594,0.0,0
5,2025-11-04,5,1,94.0,0.5355805243445693,0.0,0
5,2025-11-04,6,1,180.0,0.6368568968598209,0.0,0
5,2025-11-04,7,1,182.0,0.7268567765867495,0.0,0
5,2025-11-04,8,1,180.0,0.9321804963352825,0.0,0
5,2025-11-04,9,1,180.0,1.1162682926829268,0.0,0
5,2025-11-04,10,1,180.0,1.2929032338535993,0.0,0
5,2025-11-04,11,1,180.0,1.6570876104932992,0.0,0
5,2025-11-04,12,1,180.0,1.8707501464850727,0.0,0
5,2025-11-04,13,1,179.0,2.056079207920792,0.0,0
5,2025-11-04,14,1,180.0,2.143650366748166,0.0,0
5,2025-11-04,15,1,180.0,1.9656760552968136,0.0,0
5,2025-11-04,16,1,180.0,1.8553933495539334,0.0,0
5,2025-11-04,17,1,174.0,1.768202614379085,0.0,0
5,2025-11-04,18,1,180.0,1.3869075628055316,0.0,0
5,2025-11-04,19,1,180.0,1.1889568056045594,0.0,0
5,2025-11-04,20,1,179.0,1.0440917107583774,0.0,0
5,2025-11-04,21,1,195.0,0.8732258131473525,0.0,0
5,2025-11-04,22,1,177.0,0.7006477162517897,0.0,0
5,2025-11-04,23,1,175.0,0.48690686353180335,0.0,0
5,2025-11-05,0,2,139.0,0.21613033798826148,0.0,0
5,2025-11-05,1,2,6.0,1.0649350649350648,0.0,0
5,2025-11-05,2,2,0.0,3.458595934622402,0.0,0
5,2025-11-05,3,2,0.0,3.458595934622402,0.0,0
5,2025-11-05,4,2,0.0,3.458595934622402,0.0,0
5,2025-11-05,5,2,94.0,2.0987827715355807,0.0,0
5,2025-11-05,6,2,180.0,2.556898484331595,0.0,0
5,2025-11-05,7,2,182.0,4.4937675585740395,0.0,0
5,2025-11-05,8,2,180.0,5.577632308793206,0.0,0
5,2025-11-05,9,2,180.0,4.238910569105691,0.0,0
5,2025-11-05,10,2,180.0,3.515425040953276,0.0,0
5,2025-11-05,11,2,180.0,3.332544731964642,0.0,0
5,2025-11-05,12,2,180.0,3.458595934622402,0.0,0
5,2025-11-05,13,2,179.0,3.5073762376237623,0.0,0
5,2025-11-05,14,2,180.0,3.4919413202933987,0.0,0
5,2025-11-05,15,2,180.0,3.9491091890293486,0.0,0
5,2025-11-05,16,2,180.0,4.069564255695642,0.0,0
5,2025-11-05,17,2,174.0,5.0034599673202615,0.0,0
5,2025-11-05,18,2,180.0,4.684965885028625,0.0,0
5,2025-11-05,19,2,180.0,2.991775296327729,0.0,0
5,2025-11-05,20,2,179.0,1.9534097589653145,0.0,0
5,2025-11-05,21,2,195.0,1.3381281524378852,0.0,0
5,2025-11-05,22,2,177.0,0.9037893132591327,0.0,0
5,2025-11-05,23,2,175.0,0.5938185417001016,0.0,0
5,2025-11-06,0,3,139.0,0.2444849220805505,0.0,0
5,2025-11-06,1,3,6.0,0.7445887445887446,0.0,0
5,2025-11-06,2,3,0.0,3.406764037557344,0.0,0
5,2025-11-06,3,3,0.0,3.406764037557344,0.0,0
5,2025-11-06,4,3,0.0,3.406764037557344,0.0,0
5,2025-11-06,5,3,94.0,2.054151061173533,0.0,0
5,2025-11-06,6,3,180.0,2.5860584498919703,0.0,0
5,2025-11-06,7,3,182.0,4.561959605051415,0.0,0
5,2025-11-06,8,3,180.0,5.4670175423739575,0.0,0
5,2025-11-06,9,3,180.0,4.110609756097561,0.0,0
5,2025-11-06,10,3,180.0,3.4210121487788854,0.0,0
5,2025-11-06,11,3,180.0,3.246469115340747,0.0,0
5,2025-11-06,12,3,180.0,3.406764037557344,0.0,0
5,2025-11-06,13,3,179.0,3.418257425742574,0.0,0
5,2025-11-06,14,3,180.0,3.4539388753056235,0.0,0
5,2025-11-06,15,3,180.0,3.7770237303171434,0.0,0
5,2025-11-06,16,3,180.0,4.102152916021529,0.0,0
5,2025-11-06,17,3,174.0,4.82047794117647,0.0,0
5,2025-11-06,18,3,180.0,4.806819073013881,0.0,0
5,2025-11-06,19,3,180.0,2.9302815312093733,0.0,0
5,2025-11-06,20,3,179.0,1.9713403880070546,0.0,0
5,2025-11-06,21,3,195.0,1.3959565767897546,0.0,0
5,2025-11-06,22,3,177.0,0.8692848566018565,0.0,0
5,2025-11-06,23,3,175.0,0.5993018777082331,0.0,0
5,2025-11-07,0,4,139.0,0.24776361060514066,0.0,0
5,2025-11-07,1,4,6.0,0.738095238095238,0.0,0
5,2025-11-07,2,4,0.0,3.3727233033932134,0.0,0
5,2025-11-07,3,4,0.0,3.3727233033932134,0.0,0
5,2025-11-07,4,4,0.0,3.3727233033932134,0.0,0
5,2025-11-07,5,4,94.0,2.045880149812734,0.0,0
5,2025-11-07,6,4,180.0,2.4145344964829345,0.0,0
5,2025-11-07,7,4,182.0,4.397911382047296,0.0,0
5,2025-11-07,8,4,180.0,5.325450626876289,0.0,0
5,2025-11-07,9,4,180.0,4.0430325203252035,0.0,0
5,2025-11-07,10,4,180.0,3.298971386756916,0.0,0
5,2025-11-07,11,4,180.0,3.3727233033932134,0.0,0
5,2025-11-07,12,4,180.0,3.482636159661584,0.0,0
5,2025-11-07,13,4,179.0,3.6183861386138614,0.0,0
5,2025-11-07,14,4,180.0,3.6116210268948654,0.0,0
5,2025-11-07,15,4,180.0,4.093050935166703,0.0,0
5,2025-11-07,16,4,180.0,4.752149229521493,0.0,0
5,2025-11-07,17,4,174.0,4.653549836601307,0.0,0
5,2025-11-07,18,4,180.0,3.5889145949337307,0.0,0
5,2025-11-07,19,4,180.0,2.5174776939679147,0.0,0
5,2025-11-07,20,4,179.0,1.7980599647266313,0.0,0
5,2025-11-07,21,4,195.0,1.2236357598023955,0.0,0
5,2025-11-07,22,4,177.0,0.9414803953262827,0.0,0
5,2025-11-07,23,4,175.0,0.7042743272882898,0.0,0
5,2025-11-08,0,5,161.0,0.153906091884234,0.0,0
5,2025-11-08,1,5,6.0,0.14935064935064934,0.0,0
5,2025-11-08,2,5,0.0,0.8437012182365342,0.0,0
5,2025-11-08,3,5,0.0,0.8437012182365342,0.0,0
5,2025-11-08,4,5,0.0,0.8437012182365342,0.0,0
5,2025-11-08,5,5,104.0,0.4897959183673469,0.0,0
5,2025-11-08,6,5,180.0,0.8576823605478164,0.0,0
5,2025-11-08,7,5,178.0,0.86418410041841,0.0,0
5,2025-11-08,8,5,170.0,0.7986497303673744,0.0,0
5,2025-11-08,9,5,180.0,0.7042372881355932,0.0,0
5,2025-11-08,10,5,180.0,0.7454824243223637,0.0,0
5,2025-11-08,11,5,180.0,0.8469904251484808,0.0,0
5,2025-11-08,12,5,178.0,0.9000981624321283,0.0,0
5,2025-11-08,13,5,176.0,0.9126914751914752,0.0,0
5,2025-11-08,14,5,179.0,0.9589516731064242,0.0,0
5,2025-11-08,15,5,180.0,0.8437012182365342,0.0,0
5,2025-11-08,16,5,180.0,0.9011062148107116,0.0,0
5,2025-11-08,17,5,180.0,0.8870630606085117,0.0,0
5,2025-11-08,18,5,180.0,0.8609778191778013,0.0,0
5,2025-11-08,19,5,180.0,0.8437301587301588,0.0,0
5,2025-11-08,20,5,189.0,0.6121086505945239,0.0,0
5,2025-11-08,21,5,196.0,0.5073263508184739,0.0,0
5,2025-11-08,22,5,192.0,0.3344387571191695,0.0,0
5,2025-11-08,23,5,194.0,0.302092050209205,0.0,0
5,2025-11-09,0,6,161.0,0.21395348837209302,0.0,0
5,2025-11-09,1,6,3.0,0.22093023255813954,0.0,0
5,2025-11-09,2,6,0.0,0.592092050209205,0.0,0
5,2025-11-09,3,6,0.0,0.592092050209205,0.0,0
5,2025-11-09,4,6,0.0,0.592092050209205,0.0,0
5,2025-11-09,5,6,104.0,0.3469387755102041,0.0,0
5,2025-11-09,6,6,180.0,0.6092546875918415,0.0,0
5,2025-11-09,7,6,178.0,0.592092050209205,0.0,0
5,2025-11-09,8,6,170.0,0.5531049882035726,0.0,0
5,2025-11-09,9,6,180.0,0.5139622798271851,0.0,0
5,2025-11-09,10,6,180.0,0.5771079271911891,0.0,0
5,2025-11-09,11,6,180.0,0.7008133139015561,0.0,0
5,2025-11-09,12,6,178.0,0.7367768221658164,0.0,0
5,2025-11-09,13,6,176.0,0.7723880286380286,0.0,0
5,2025-11-09,14,6,179.0,0.8081136842796085,0.0,0
5,2025-11-09,15,6,180.0,0.7441059560018668,0.0,0
5,2025-11-09,16,6,180.0,0.7484911494547469,0.0,0
5,2025-11-09,17,6,180.0,0.8154158560414814,0.0,0
5,2025-11-09,18,6,180.0,0.7076712059513484,0.0,0
5,2025-11-09,19,6,180.0,0.6362698412698412,0.0,0
5,2025-11-09,20,6,189.0,0.5111377768081161,0.0,0
5,2025-11-09,21,6,196.0,0.40655115702002426,0.0,0
5,2025-11-09,22,6,192.0,0.28843149977170596,0.0,0
5,2025-11-09,23,6,194.0,0.23090560953123893,0.0,0
5,2025-11-10,0,0,139.0,0.26440179321938917,0.0,0
5,2025-11-10,1,0,6.0,0.3362403100775194,0.0,0
5,2025-11-10,2,0,0.0,3.2487507086066527,0.0,0
5,2025-11-10,3,0,0.0,3.2487507086066527,0.0,0
5,2025-11-10,4,0,0.0,3.2487507086066527,0.0,0
5,2025-11-10,5,0,94.0,2.0429151061173534,0.0,0
5,2025-11-10,6,0,180.0,2.534788894845428,0.0,0
5,2025-11-10,7,0,182.0,4.539542590622698,0.0,0
5,2025-11-10,8,0,180.0,5.534860334249336,0.0,0
5,2025-11-10,9,0,180.0,4.145756097560976,0.0,0
5,2025-11-10,10,0,180.0,3.3258467141752384,0.0,0
5,2025-11-10,11,0,180.0,3.14057376318791,0.0,0
5,2025-11-10,12,0,180.0,3.2487507086066527,0.0,0
5,2025-11-10,13,0,179.0,3.37560396039604,0.0,0
5,2025-11-10,14,0,180.0,3.3527163814180927,0.0,0
5,2025-11-10,15,0,180.0,3.7320618023212835,0.0,0
5,2025-11-10,16,0,180.0,3.9413625304136253,0.0,0
5,2025-11-10,17,0,174.0,4.6122998366013075,0.0,0
5,2025-11-10,18,0,180.0,4.6986184090136724,0.0,0
5,2025-11-10,19,0,180.0,2.912911910642369,0.0,0
5,2025-11-10,20,0,179.0,1.8997648442092885,0.0,0
5,2025-11-10,21,0,195.0,1.2148950744131017,0.0,0
5,2025-11-10,22,0,177.0,0.7751321987715328,0.0,0
5,2025-11-10,23,0,175.0,0.5005483336008132,0.0,0
5,2025-11-11,0,1,139.0,0.21121230520137624,0.0,0
5,2025-11-11,1,1,6.0,0.738095238095238,0.0,0
5,2025-11-11,2,1,0.0,3.4640586797066018,0.0,0
5,2025-11-11,3,1,0.0,3.4640586797066018,0.0,0
5,2025-11-11,4,1,0.0,3.4640586797066018,0.0,0
5,2025-11-11,5,1,94.0,2.087858926342072,0.0,0
5,2025-11-11,6,1,180.0,2.6096544665919392,0.0,0
5,2025-11-11,7,1,182.0,4.643584813026758,0.0,0
5,2025-11-11,8,1,180.0,5.638069449678412,0.0,0
5,2025-11-11,9,1,180.0,4.209357723577236,0.0,0
5,2025-11-11,10,1,180.0,3.474224382374708,0.0,0
5,2025-11-11,11,1,180.0,3.349575402765897,0.0,0
5,2025-11-11,12,1,180.0,3.5088224505642653,0.0,0
5,2025-11-11,13,1,179.0,3.5133861386138614,0.0,0
5,2025-11-11,14,1,180.0,3.4640586797066018,0.0,0
5,2025-11-11,15,1,180.0,3.8560804317291346,0.0,0
5,2025-11-11,16,1,180.0,4.029027501290275,0.0,0
5,2025-11-11,17,1,174.0,4.885277777777778,0.0,0
5,2025-11-11,18,1,180.0,4.822523723629519,0.0,0
5,2025-11-11,19,1,180.0,2.983436161995671,0.0,0
5,2025-11-11,20,1,179.0,2.014991181657848,0.0,0
5,2025-11-11,21,1,195.0,1.3548435975673039,0.0,0
5,2025-11-11,22,1,177.0,0.8423370895487923,0.0,0
5,2025-11-11,23,1,175.0,0.5370860750013374,0.0,0
5,2025-11-12,0,2,139.0,0.21613033798826148,0.0,0
5,2025-11-12,1,2,6.0,1.0649350649350648,0.0,0
5,2025-11-12,2,2,0.0,3.463933707763471,0.0,0
5,2025-11-12,3,2,0.0,3.463933707763471,0.0,0
5,2025-11-12,4,2,0.0,3.463933707763471,0.0,0
5,2025-11-12,5,2,94.0,2.1070536828963795,0.0,0
5,2025-11-12,6,2,180.0,2.5529428009812043,0.0,0
5,2025-11-12,7,2,182.0,4.494347161988927,0.0,0
5,2025-11-12,8,2,180.0,5.600501331662228,0.0,0
5,2025-11-12,9,2,180.0,4.251154471544716,0.0,0
5,2025-11-12,10,2,180.0,3.53202255132672,0.0,0
5,2025-11-12,11,2,180.0,3.3400676325919587,0.0,0
5,2025-11-12,12,2,180.0,3.463933707763471,0.0,0
5,2025-11-12,13,2,179.0,3.51970297029703,0.0,0
5,2025-11-12,14,2,180.0,3.4949437652811737,0.0,0
5,2025-11-12,15,2,180.0,3.959170547793302,0.0,0
5,2025-11-12,16,2,180.0,4.081936149819361,0.0,0
5,2025-11-12,17,2,174.0,5.013116830065359,0.0,0
5,2025-11-12,18,2,180.0,4.696827699788252,0.0,0
5,2025-11-12,19,2,180.0,3.003273988321715,0.0,0
5,2025-11-12,20,2,179.0,1.9541446208112876,0.0,0
5,2025-11-12,21,2,195.0,1.3383025094962326,0.0,0
5,2025-11-12,22,2,177.0,0.9037893132591327,0.0,0
5,2025-11-12,23,2,175.0,0.5938185417001016,0.0,0
5,2025-11-13,0,3,139.0,0.2444849220805505,0.0,0
5,2025-11-13,1,3,6.0,0.7445887445887446,0.0,0
5,2025-11-13,2,3,0.0,3.4364445333676326,0.0,0
5,2025-11-13,3,3,0.0,3.4364445333676326,0.0,0
5,2025-11-13,4,3,0.0,3.4364445333676326,0.0,0
5,2025-11-13,5,3,94.0,2.054151061173533,0.0,0
5,2025-11-13,6,3,180.0,2.598908328865929,0.0,0
5,2025-11-13,7,3,182.0,4.5991292311049286,0.0,0
5,2025-11-13,8,3,180.0,5.5227483475955985,0.0,0
5,2025-11-13,9,3,180.0,4.137918699186992,0.0,0
5,2025-11-13,10,3,180.0,3.447665039622814,0.0,0
5,2025-11-13,11,3,180.0,3.2763023061020817,0.0,0
5,2025-11-13,12,3,180.0,3.4364445333676326,0.0,0
5,2025-11-13,13,3,179.0,3.4552970297029706,0.0,0
5,2025-11-13,14,3,180.0,3.487276283618582,0.0,0
5,2025-11-13,15,3,180.0,3.8221482960005915,0.0,0
5,2025-11-13,16,3,180.0,4.145882179458821,0.0,0
5,2025-11-13,17,3,174.0,4.870698529411765,0.0,0
5,2025-11-13,18,3,180.0,4.859011057956239,0.0,0
5,2025-11-13,19,3,180.0,2.9704403355361233,0.0,0
5,2025-11-13,20,3,179.0,1.9957378012933569,0.0,0
5,2025-11-13,21,3,195.0,1.4134275691720115,0.0,0
5,2025-11-13,22,3,177.0,0.8692848566018565,0.0,0
5,2025-11-13,23,3,175.0,0.5993018777082331,0.0,0
5,2025-11-14,0,4,139.0,0.24776361060514066,0.0,0
5,2025-11-14,1,4,6.0,0.738095238095238,0.0,0
5,2025-11-14,2,4,0.0,3.4150048118049616,0.0,0
5,2025-11-14,3,4,0.0,3.4150048118049616,0.0,0
5,2025-11-14,4,4,0.0,3.4150048118049616,0.0,0
5,2025-11-14,5,4,94.0,2.0571161048689137,0.0,0
5,2025-11-14,6,4,180.0,2.443077148009162,0.0,0
5,2025-11-14,7,4,182.0,4.451729263835475,0.0,0
5,2025-11-14,8,4,180.0,5.37587807139742,0.0,0
5,2025-11-14,9,4,180.0,4.083390243902439,0.0,0
5,2025-11-14,10,4,180.0,3.333569628884325,0.0,0
5,2025-11-14,11,4,180.0,3.4150048118049616,0.0,0
5,2025-11-14,12,4,180.0,3.5288492227954595,0.0,0
5,2025-11-14,13,4,179.0,3.6636633663366336,0.0,0
5,2025-11-14,14,4,180.0,3.655958435207824,0.0,0
5,2025-11-14,15,4,180.0,4.149626672580764,0.0,0
5,2025-11-14,16,4,180.0,4.807402492074025,0.0,0
5,2025-11-14,17,4,174.0,4.700053104575163,0.0,0
5,2025-11-14,18,4,180.0,3.628532402687371,0.0,0
5,2025-11-14,19,4,180.0,2.5507356937835546,0.0,0
5,2025-11-14,20,4,179.0,1.817901234567901,0.0,0
5,2025-11-14,21,4,195.0,1.2399422961164042,0.0,0
5,2025-11-14,22,4,177.0,0.9414803953262827,0.0,0
5,2025-11-14,23,4,175.0,0.7042743272882898,0.0,0
5,2025-11-15,0,5,161.0,0.4193381906496661,0.0,0
5,2025-11-15,1,5,6.0,0.9826839826839827,0.0,0
5,2025-11-15,2,5,0.0,1.76810540950455,0.0,0
5,2025-11-15,3,5,0.0,1.76810540950455,0.0,0
5,2025-11-15,4,5,0.0,1.76810540950455,0.0,0
5,2025-11-15,5,5,104.0,0.8557422969187675,0.0,0
5,2025-11-15,6,5,180.0,1.3028566390407335,0.0,0
5,2025-11-15,7,5,178.0,1.8146359832635983,0.0,0
5,2025-11-15,8,5,170.0,1.76810540950455,0.0,0
5,2025-11-15,9,5,180.0,1.5544699235626454,0.0,0
5,2025-11-15,10,5,180.0,1.5924701576205238,0.0,0
5,2025-11-15,11,5,180.0,1.8538503126322223,0.0,0
5,2025-11-15,12,5,178.0,2.055821155441649,0.0,0
5,2025-11-15,13,5,176.0,2.1237179487179487,0.0,0
5,2025-11-15,14,5,179.0,2.1828645025800046,0.0,0
5,2025-11-15,15,5,180.0,2.058956532934228,0.0,0
5,2025-11-15,16,5,180.0,2.0384198821029655,0.0,0
5,2025-11-15,17,5,180.0,1.972833236129263,0.0,0
5,2025-11-15,18,5,180.0,1.8646333178083245,0.0,0
5,2025-11-15,19,5,180.0,1.7733730158730157,0.0,0
5,2025-11-15,20,5,189.0,1.3090869422930076,0.0,0
5,2025-11-15,21,5,196.0,1.07452103410468,0.0,0
5,2025-11-15,22,5,192.0,0.9409679667411627,0.0,0
5,2025-11-15,23,5,194.0,0.7539748953974895,0.0,0
5,2025-11-16,0,6,161.0,0.42178481367329784,0.0,0
5,2025-11-16,1,6,3.0,0.5959302325581395,0.0,0
5,2025-11-16,2,6,0.0,1.2060512863723178,0.0,0
5,2025-11-16,3,6,0.0,1.2060512863723178,0.0,0
5,2025-11-16,4,6,0.0,1.2060512863723178,0.0,0
5,2025-11-16,5,6,104.0,0.6124449779911965,0.0,0
5,2025-11-16,6,6,180.0,0.8969905366484452,0.0,0
5,2025-11-16,7,6,178.0,1.1069623430962343,0.0,0
5,2025-11-16,8,6,170.0,1.2060512863723178,0.0,0
5,2025-11-16,9,6,180.0,1.159916085078099,0.0,0
5,2025-11-16,10,6,180.0,1.3232416078612412,0.0,0
5,2025-11-16,11,6,180.0,1.6054565684108253,0.0,0
5,2025-11-16,12,6,178.0,1.799588457083713,0.0,0
5,2025-11-16,13,6,176.0,1.9486138861138862,0.0,0
5,2025-11-16,14,6,179.0,2.0232446533605692,0.0,0
5,2025-11-16,15,6,180.0,1.8359363684642496,0.0,0
5,2025-11-16,16,6,180.0,1.7610146089803478,0.0,0
5,2025-11-16,17,6,180.0,1.8763223655923134,0.0,0
5,2025-11-16,18,6,180.0,1.6400498224594178,0.0,0
5,2025-11-16,19,6,180.0,1.4289682539682538,0.0,0
5,2025-11-16,20,6,189.0,1.159888731318861,0.0,0
5,2025-11-16,21,6,196.0,0.935248235135707,0.0,0
5,2025-11-16,22,6,192.0,0.8416961045827025,0.0,0
5,2025-11-16,23,6,194.0,0.6011984965605276,0.0,0
5,2025-11-17,0,0,139.0,0.26440179321938917,0.0,0
5,2025-11-17,1,0,6.0,0.3362403100775194,0.0,0
5,2025-11-17,2,0,0.0,3.250942030021103,0.0,0
5,2025-11-17,3,0,0.0,3.250942030021103,0.0,0
5,2025-11-17,4,0,0.0,3.250942030021103,0.0,0
5,2025-11-17,5,0,94.0,2.054151061173533,0.0,0
5,2025-11-17,6,0,180.0,2.551716295465991,0.0,0
5,2025-11-17,7,0,182.0,4.545331805907864,0.0,0
5,2025-11-17,8,0,180.0,5.517591067489235,0.0,0
5,2025-11-17,9,0,180.0,4.165048780487805,0.0,0
5,2025-11-17,10,0,180.0,3.34130085897937,0.0,0
5,2025-11-17,11,0,180.0,3.150146136298831,0.0,0
5,2025-11-17,12,0,180.0,3.250942030021103,0.0,0
5,2025-11-17,13,0,179.0,3.372316831683168,0.0,0
5,2025-11-17,14,0,180.0,3.3380488997555013,0.0,0
5,2025-11-17,15,0,180.0,3.7260737783691873,0.0,0
5,2025-11-17,16,0,180.0,3.937137801371378,0.0,0
5,2025-11-17,17,0,174.0,4.805714869281045,0.0,0
5,2025-11-17,18,0,180.0,4.6968897864219805,0.0,0
5,2025-11-17,19,0,180.0,2.914566387265139,0.0,0
5,2025-11-17,20,0,179.0,1.8994708994708995,0.0,0
5,2025-11-17,21,0,195.0,1.2108765593540487,0.0,0
5,2025-11-17,22,0,177.0,0.7751321987715328,0.0,0
5,2025-11-17,23,0,175.0,0.5005483336008132,0.0,0
5,2025-11-18,0,1,139.0,0.21121230520137624,0.0,0
5,2025-11-18,1,1,6.0,0.738095238095238,0.0,0
5,2025-11-18,2,1,0.0,3.410718826405868,0.0,0
5,2025-11-18,3,1,0.0,3.410718826405868,0.0,0
5,2025-11-18,4,1,0.0,3.410718826405868,0.0,0
5,2025-11-18,5,1,94.0,2.104712858926342,0.0,0
5,2025-11-18,6,1,180.0,2.625347239144208,0.0,0
5,2025-11-18,7,1,182.0,4.65584172053569,0.0,0
5,2025-11-18,8,1,180.0,5.65374664967333,0.0,0
5,2025-11-18,9,1,180.0,4.243829268292683,0.0,0
5,2025-11-18,10,1,180.0,3.495796572397908,0.0,0
5,2025-11-18,11,1,180.0,3.331428660536071,0.0,0
5,2025-11-18,12,1,180.0,3.4795540184547376,0.0,0
5,2025-11-18,13,1,179.0,3.4822970297029703,0.0,0
5,2025-11-18,14,1,180.0,3.410718826405868,0.0,0
5,2025-11-18,15,1,180.0,3.816892141642641,0.0,0
5,2025-11-18,16,1,180.0,4.005153727051537,0.0,0
5,2025-11-18,17,1,174.0,4.86593545751634,0.0,0
5,2025-11-18,18,1,180.0,4.779236269050793,0.0,0
5,2025-11-18,19,1,180.0,2.958442598720284,0.0,0
5,2025-11-18,20,1,179.0,1.9889770723104054,0.0,0
5,2025-11-18,21,1,195.0,1.3306162691740873,0.0,0
5,2025-11-18,22,1,177.0,0.8423370895487923,0.0,0
5,2025-11-18,23,1,175.0,0.5370860750013374,0.0,0
5,2025-11-19,0,2,139.0,0.21613033798826148,0.0,0
5,2025-11-19,1,2,6.0,1.0649350649350648,0.0,0
5,2025-11-19,2,2,0.0,3.535878124419419,0.0,0
5,2025-11-19,3,2,0.0,3.535878124419419,0.0,0
5,2025-11-19,4,2,0.0,3.535878124419419,0.0,0
5,2025-11-19,5,2,94.0,2.1463795255930087,0.0,0
5,2025-11-19,6,2,180.0,2.6144792631219844,0.0,0
5,2025-11-19,7,2,182.0,4.585573330060279,0.0,0
5,2025-11-19,8,2,180.0,5.69200071134898,0.0,0
5,2025-11-19,9,2,180.0,4.351886178861788,0.0,0
5,2025-11-19,10,2,180.0,3.61445713002769,0.0,0
5,2025-11-19,11,2,180.0,3.410239788280582,0.0,0
5,2025-11-19,12,2,180.0,3.535878124419419,0.0,0
5,2025-11-19,13,2,179.0,3.585930693069307,0.0,0
5,2025-11-19,14,2,180.0,3.564283618581907,0.0,0
5,2025-11-19,15,2,180.0,4.0264877652103195,0.0,0
5,2025-11-19,16,2,180.0,4.157000663570006,0.0,0
5,2025-11-19,17,2,174.0,5.112022058823529,0.0,0
5,2025-11-19,18,2,180.0,4.794476903772253,0.0,0
5,2025-11-19,19,2,180.0,3.07324039020855,0.0,0
5,2025-11-19,20,2,179.0,2.0013227513227516,0.0,0
5,2025-11-19,21,2,195.0,1.3677709280362,0.0,0
5,2025-11-19,22,2,177.0,0.9037893132591327,0.0,0
5,2025-11-19,23,2,175.0,0.5938185417001016,0.0,0
5,2025-11-20,0,3,139.0,0.2444849220805505,0.0,0
5,2025-11-20,1,3,6.0,0.7445887445887446,0.0,0
5,2025-11-20,2,3,0.0,3.4404151124957725,0.0,0
5,2025-11-20,3,3,0.0,3.4404151124957725,0.0,0
5,2025-11-20,4,3,0.0,3.4404151124957725,0.0,0
5,2025-11-20,5,3,94.0,2.079275905118602,0.0,0
5,2025-11-20,6,3,180.0,2.607558847897071,0.0,0
5,2025-11-20,7,3,182.0,4.589487357826692,0.0,0
5,2025-11-20,8,3,180.0,5.497990862552981,0.0,0
5,2025-11-20,9,3,180.0,4.154032520325203,0.0,0
5,2025-11-20,10,3,180.0,3.4568597776465797,0.0,0
5,2025-11-20,11,3,180.0,3.2810027266894783,0.0,0
5,2025-11-20,12,3,180.0,3.4404151124957725,0.0,0
5,2025-11-20,13,3,179.0,3.4545346534653465,0.0,0
5,2025-11-20,14,3,180.0,3.4844987775061123,0.0,0
5,2025-11-20,15,3,180.0,3.8104605603607595,0.0,0
5,2025-11-20,16,3,180.0,4.1377792523777925,0.0,0
5,2025-11-20,17,3,174.0,4.867365196078431,0.0,0
5,2025-11-20,18,3,180.0,4.867141139257052,0.0,0
5,2025-11-20,19,3,180.0,2.977840184869088,0.0,0
5,2025-11-20,20,3,179.0,1.9957378012933569,0.0,0
5,2025-11-20,21,3,195.0,1.4124374701621105,0.0,0
5,2025-11-20,22,3,177.0,0.8692848566018565,0.0,0
5,2025-11-20,23,3,175.0,0.5993018777082331,0.0,0
5,2025-11-21,0,4,139.0,0.24776361060514066,0.0,0
5,2025-11-21,1,4,6.0,0.738095238095238,0.0,0
5,2025-11-21,2,4,0.0,3.416185486170516,0.0,0
5,2025-11-21,3,4,0.0,3.416185486170516,0.0,0
5,2025-11-21,4,4,0.0,3.416185486170516,0.0,0
5,2025-11-21,5,4,94.0,2.0571161048689137,0.0,0
5,2025-11-21,6,4,180.0,2.438999626362558,0.0,0
5,2025-11-21,7,4,182.0,4.433843384338434,0.0,0
5,2025-11-21,8,4,180.0,5.365737114209619,0.0,0
5,2025-11-21,9,4,180.0,4.095536585365854,0.0,0
5,2025-11-21,10,4,180.0,3.340937060843679,0.0,0
5,2025-11-21,11,4,180.0,3.416185486170516,0.0,0
5,2025-11-21,12,4,180.0,3.5254431471186507,0.0,0
5,2025-11-21,13,4,179.0,3.663851485148515,0.0,0
5,2025-11-21,14,4,180.0,3.6557383863080686,0.0,0
5,2025-11-21,15,4,180.0,4.1378871885857915,0.0,0
5,2025-11-21,16,4,180.0,4.805610853056109,0.0,0
5,2025-11-21,17,4,174.0,4.7025081699346405,0.0,0
5,2025-11-21,18,4,180.0,3.636708232034089,0.0,0
5,2025-11-21,19,4,180.0,2.558210240908325,0.0,0
5,2025-11-21,20,4,179.0,1.822310405643739,0.0,0
5,2025-11-21,21,4,195.0,1.2400585341553023,0.0,0
5,2025-11-21,22,4,177.0,0.9414803953262827,0.0,0
5,2025-11-21,23,4,175.0,0.7042743272882898,0.0,0
5,2025-11-22,0,5,161.0,0.4193381906496661,0.0,0
5,2025-11-22,1,5,6.0,0.9826839826839827,0.0,0
5,2025-11-22,2,5,0.0,1.7758333333333334,0.0,0
5,2025-11-22,3,5,0.0,1.7758333333333334,0.0,0
5,2025-11-22,4,5,0.0,1.7758333333333334,0.0,0
5,2025-11-22,5,5,104.0,0.8455382152861144,0.0,0
5,2025-11-22,6,5,180.0,1.2997119849526833,0.0,0
5,2025-11-22,7,5,178.0,1.8147280334728033,0.0,0
5,2025-11-22,8,5,170.0,1.776124171441411,0.0,0
5,2025-11-22,9,5,180.0,1.548587570621469,0.0,0
5,2025-11-22,10,5,180.0,1.593616039042406,0.0,0
5,2025-11-22,11,5,180.0,1.8610627928478523,0.0,0
5,2025-11-22,12,5,178.0,2.0663766973064885,0.0,0
5,2025-11-22,13,5,176.0,2.1351981351981353,0.0,0
5,2025-11-22,14,5,179.0,2.1885413333989616,0.0,0
5,2025-11-22,15,5,180.0,2.0632855372632326,0.0,0
5,2025-11-22,16,5,180.0,2.0418426992302794,0.0,0
5,2025-11-22,17,5,180.0,1.9710750486375113,0.0,0
5,2025-11-22,18,5,180.0,1.8698997141404343,0.0,0
5,2025-11-22,19,5,180.0,1.7758333333333334,0.0,0
5,2025-11-22,20,5,189.0,1.3126104505290717,0.0,0
5,2025-11-22,21,5,196.0,1.0807245080500896,0.0,0
5,2025-11-22,22,5,192.0,0.9409679667411627,0.0,0
5,2025-11-22,23,5,194.0,0.7539748953974895,0.0,0
5,2025-11-23,0,6,161.0,0.42178481367329784,0.0,0
5,2025-11-23,1,6,3.0,0.5959302325581395,0.0,0
5,2025-11-23,2,6,0.0,1.1877633131108865,0.0,0
5,2025-11-23,3,6,0.0,1.1877633131108865,0.0,0
5,2025-11-23,4,6,0.0,1.1877633131108865,0.0,0
5,2025-11-23,5,6,104.0,0.6022408963585434,0.0,0
5,2025-11-23,6,6,180.0,0.9077764062775524,0.0,0
5,2025-11-23,7,6,178.0,1.1347112970711297,0.0,0
5,2025-11-23,8,6,170.0,1.1877633131108865,0.0,0
5,2025-11-23,9,6,180.0,1.1367356264539714,0.0,0
5,2025-11-23,10,6,180.0,1.3052990832948625,0.0,0
5,2025-11-23,11,6,180.0,1.5957641859809129,0.0,0
5,2025-11-23,12,6,178.0,1.7926801219021333,0.0,0
5,2025-11-23,13,6,176.0,1.9377414252414251,0.0,0
5,2025-11-23,14,6,179.0,2.011390577445262,0.0,0
5,2025-11-23,15,6,180.0,1.8210785497030848,0.0,0
5,2025-11-23,16,6,180.0,1.7499751969773383,0.0,0
5,2025-11-23,17,6,180.0,1.8651580878753178,0.0,0
5,2025-11-23,18,6,180.0,1.6389837243783942,0.0,0
5,2025-11-23,19,6,180.0,1.4299603174603175,0.0,0
5,2025-11-23,20,6,189.0,1.1618304788916767,0.0,0
5,2025-11-23,21,6,196.0,0.938426914420913,0.0,0
5,2025-11-23,22,6,192.0,0.8416961045827025,0.0,0
5,2025-11-23,23,6,194.0,0.6011984965605276,0.0,0
5,2025-11-24,0,0,139.0,0.26440179321938917,0.0,0
5,2025-11-24,1,0,6.0,0.3362403100775194,0.0,0
5,2025-11-24,2,0,0.0,3.1959636812294265,0.0,0
5,2025-11-24,3,0,0.0,3.1959636812294265,0.0,0
5,2025-11-24,4,0,0.0,3.1959636812294265,0.0,0
5,2025-11-24,5,0,94.0,2.079275905118602,0.0,0
5,2025-11-24,6,0,180.0,2.5633315463716557,0.0,0
5,2025-11-24,7,0,182.0,4.577810053732646,0.0,0
5,2025-11-24,8,0,180.0,5.60283226983838,0.0,0
5,2025-11-24,9,0,180.0,4.194243902439024,0.0,0
5,2025-11-24,10,0,180.0,3.360621658254268,0.0,0
5,2025-11-24,11,0,180.0,3.14209750142572,0.0,0
5,2025-11-24,12,0,180.0,3.1959636812294265,0.0,0
5,2025-11-24,13,0,179.0,3.3554158415841586,0.0,0
5,2025-11-24,14,0,180.0,3.314156479217604,0.0,0
5,2025-11-24,15,0,180.0,3.6953426480372586,0.0,0
5,2025-11-24,16,0,180.0,3.9247880262478803,0.0,0
5,2025-11-24,17,0,174.0,4.808856209150327,0.0,0
5,2025-11-24,18,0,180.0,4.715682430136198,0.0,0
5,2025-11-24,19,0,180.0,2.801674184125289,0.0,0
5,2025-11-24,20,0,179.0,1.8949147560258672,0.0,0
5,2025-11-24,21,0,195.0,1.2098283413246986,0.0,0
5,2025-11-24,22,0,177.0,0.7751321987715328,0.0,0
5,2025-11-24,23,0,175.0,0.5005483336008132,0.0,0
5,2025-11-25,0,1,139.0,0.21121230520137624,0.0,0
5,2025-11-25,1,1,6.0,0.738095238095238,0.0,0
5,2025-11-25,2,1,0.0,3.5059511002444985,0.0,0
5,2025-11-25,3,1,0.0,3.5059511002444985,0.0,0
5,2025-11-25,4,1,0.0,3.5059511002444985,0.0,0
5,2025-11-25,5,1,94.0,2.1354556803995006,0.0,0
5,2025-11-25,6,1,180.0,2.669460824926491,0.0,0
5,2025-11-25,7,1,182.0,4.720777759594141,0.0,0
5,2025-11-25,8,1,180.0,5.74189464413497,0.0,0
5,2025-11-25,9,1,180.0,4.291926829268293,0.0,0
5,2025-11-25,10,1,180.0,3.534190788215435,0.0,0
5,2025-11-25,11,1,180.0,3.4010750819788993,0.0,0
5,2025-11-25,12,1,180.0,3.5548616371076465,0.0,0
5,2025-11-25,13,1,179.0,3.5567128712871288,0.0,0
5,2025-11-25,14,1,180.0,3.5059511002444985,0.0,0
5,2025-11-25,15,1,180.0,3.896843350336364,0.0,0
5,2025-11-25,16,1,180.0,4.085268745852687,0.0,0
5,2025-11-25,17,1,174.0,4.964031862745098,0.0,0
5,2025-11-25,18,1,180.0,4.916320288604815,0.0,0
5,2025-11-25,19,1,180.0,3.043200752699451,0.0,0
5,2025-11-25,20,1,179.0,2.0526161081716636,0.0,0
5,2025-11-25,21,1,195.0,1.379245283018868,0.0,0
5,2025-11-25,22,1,177.0,0.7529932341938761,0.0,0
5,2025-11-25,23,1,175.0,0.4727304338522441,0.0,0
5,2025-11-26,0,2,139.0,0.20657761586723333,0.0,0
5,2025-11-26,1,2,6.0,0.738095238095238,0.0,0
5,2025-11-26,2,2,0.0,3.482462283071089,0.0,0
5,2025-11-26,3,2,0.0,3.482462283071089,0.0,0
5,2025-11-26,4,2,0.0,3.482462283071089,0.0,0
5,2025-11-26,5,2,94.0,2.1407615480649187,0.0,0
5,2025-11-26,6,2,180.0,2.6069415338629236,0.0,0
5,2025-11-26,7,2,182.0,4.578566947603852,0.0,0
5,2025-11-26,8,2,180.0,5.673416719241567,0.0,0
5,2025-11-26,9,2,180.0,4.301544715447155,0.0,0
5,2025-11-26,10,2,180.0,3.5645814450477715,0.0,0
5,2025-11-26,11,2,180.0,3.3687847519247223,0.0,0
5,2025-11-26,12,2,180.0,3.482462283071089,0.0,0
5,2025-11-26,13,2,179.0,3.5457920792079207,0.0,0
5,2025-11-26,14,2,180.0,3.51661369193154,0.0,0
5,2025-11-26,15,2,180.0,3.9785022547497597,0.0,0
5,2025-11-26,16,2,180.0,4.126284745262847,0.0,0
5,2025-11-26,17,2,174.0,5.063570261437908,0.0,0
5,2025-11-26,18,2,180.0,4.76362638224453,0.0,0
5,2025-11-26,19,2,180.0,3.0320087984462862,0.0,0
5,2025-11-26,20,2,179.0,1.974132863021752,0.0,0
5,2025-11-26,21,2,195.0,1.3495423127218382,0.0,0
5,2025-11-26,22,2,177.0,0.8024840668729507,0.0,0
5,2025-11-26,23,2,175.0,0.527817899748569,0.0,0
5,2025-11-27,0,3,139.0,0.22856709168184577,0.0,0
5,2025-11-27,1,3,6.0,0.5844155844155844,0.0,0
5,2025-11-27,2,3,0.0,3.458162434081717,0.0,0
5,2025-11-27,3,3,0.0,3.458162434081717,0.0,0
5,2025-11-27,4,3,0.0,3.458162434081717,0.0,0
5,2025-11-27,5,3,94.0,2.0905118601747814,0.0,0
5,2025-11-27,6,3,180.0,2.6361014994232987,0.0,0
5,2025-11-27,7,3,182.0,4.652807326187164,0.0,0
5,2025-11-27,8,3,180.0,5.599864081534143,0.0,0
5,2025-11-27,9,3,180.0,4.190357723577236,0.0,0
5,2025-11-27,10,3,180.0,3.485375314945243,0.0,0
5,2025-11-27,11,3,180.0,3.303903354006273,0.0,0
5,2025-11-27,12,3,180.0,3.458162434081717,0.0,0
5,2025-11-27,13,3,179.0,3.4726732673267326,0.0,0
5,2025-11-27,14,3,180.0,3.4986112469437654,0.0,0
5,2025-11-27,15,3,180.0,3.8365417313521104,0.0,0
5,2025-11-27,16,3,180.0,4.1740249207402496,0.0,0
5,2025-11-27,17,3,174.0,4.91187908496732,0.0,0
5,2025-11-27,18,3,180.0,4.919454029749301,0.0,0
5,2025-11-27,19,3,180.0,2.9905531133086036,0.0,0
5,2025-11-27,20,3,179.0,2.0033803644914756,0.0,0
5,2025-11-27,21,3,195.0,1.4184943022604146,0.0,0
5,2025-11-27,22,3,177.0,0.758295617235487,0.0,0
5,2025-11-27,23,3,175.0,0.5431043706200183,0.0,0
5,2025-11-28,0,4,139.0,0.23493219995952236,0.0,0
5,2025-11-28,1,4,6.0,0.5844155844155844,0.0,0
5,2025-11-28,2,4,0.0,3.3923403193612773,0.0,0
5,2025-11-28,3,4,0.0,3.3923403193612773,0.0,0
5,2025-11-28,4,4,0.0,3.3923403193612773,0.0,0
5,2025-11-28,5,4,94.0,2.034644194756554,0.0,0
5,2025-11-28,6,4,180.0,2.4047711876797115,0.0,0
5,2025-11-28,7,4,182.0,4.40729413850476,0.0,0
5,2025-11-28,8,4,180.0,5.348383163047114,0.0,0
5,2025-11-28,9,4,180.0,4.063308943089432,0.0,0
5,2025-11-28,10,4,180.0,3.321474900007484,0.0,0
5,2025-11-28,11,4,180.0,3.3923403193612773,0.0,0
5,2025-11-28,12,4,180.0,3.4985613498539916,0.0,0
5,2025-11-28,13,4,179.0,3.638,0.0,0
5,2025-11-28,14,4,180.0,3.6221784841075797,0.0,0
5,2025-11-28,15,4,180.0,4.1081540622458785,0.0,0
5,2025-11-28,16,4,180.0,4.77645801076458,0.0,0
5,2025-11-28,17,4,174.0,4.679791666666667,0.0,0
5,2025-11-28,18,4,180.0,3.61321334274436,0.0,0
5,2025-11-28,19,4,180.0,2.5302653201992364,0.0,0
5,2025-11-28,20,4,179.0,1.8049676660787772,0.0,0
5,2025-11-28,21,4,195.0,1.2267222948709966,0.0,0
5,2025-11-28,22,4,177.0,0.8112646053664619,0.0,0
5,2025-11-28,23,4,175.0,0.6050660675119028,0.0,0
5,2025-11-29,0,5,161.0,0.35095122444849225,0.0,0
5,2025-11-29,1,5,6.0,0.7965367965367964,0.0,0
5,2025-11-29,2,5,0.0,1.819426890237052,0.0,0
5,2025-11-29,3,5,0.0,1.819426890237052,0.0,0
5,2025-11-29,4,5,0.0,1.819426890237052,0.0,0
5,2025-11-29,5,5,104.0,0.865546218487395,0.0,0
5,2025-11-29,6,5,180.0,1.3381678716275789,0.0,0
5,2025-11-29,7,5,178.0,1.8613723849372386,0.0,0
5,2025-11-29,8,5,170.0,1.819426890237052,0.0,0
5,2025-11-29,9,5,180.0,1.581571950814224,0.0,0
5,2025-11-29,10,5,180.0,1.6234048341357252,0.0,0
5,2025-11-29,11,5,180.0,1.9034679454029744,0.0,0
5,2025-11-29,12,5,178.0,2.1143345901410417,0.0,0
5,2025-11-29,13,5,176.0,2.187514568764569,0.0,0
5,2025-11-29,14,5,179.0,2.2439970795494633,0.0,0
5,2025-11-29,15,5,180.0,2.1222702328650285,0.0,0
5,2025-11-29,16,5,180.0,2.0953366183558906,0.0,0
5,2025-11-29,17,5,180.0,2.0229202940813362,0.0,0
5,2025-11-29,18,5,180.0,1.9198311334823164,0.0,0
5,2025-11-29,19,5,180.0,1.823015873015873,0.0,0
5,2025-11-29,20,5,189.0,1.351030871604669,0.0,0
5,2025-11-29,21,5,196.0,1.109758208782965,0.0,0
5,2025-11-29,22,5,192.0,0.795448537716579,0.0,0
5,2025-11-29,23,5,194.0,0.6742429614920927,0.0,0
5,2025-11-30,0,6,161.0,0.3811011487811712,0.0,0
5,2025-11-30,1,6,3.0,0.436046511627907,0.0,0
5,2025-11-30,2,6,0.0,1.217946017301427,0.0,0
5,2025-11-30,3,6,0.0,1.217946017301427,0.0,0
5,2025-11-30,4,6,0.0,1.217946017301427,0.0,0
5,2025-11-30,5,6,104.0,0.6124449779911965,0.0,0
5,2025-11-30,6,6,180.0,0.9305090225121966,0.0,0
5,2025-11-30,7,6,178.0,1.1590794979079497,0.0,0
5,2025-11-30,8,6,170.0,1.217946017301427,0.0,0
5,2025-11-30,9,6,180.0,1.1640744433366568,0.0,0
5,2025-11-30,10,6,180.0,1.3293378619006793,0.0,0
5,2025-11-30,11,6,180.0,1.6142126212527228,0.0,0
5,2025-11-30,12,6,178.0,1.8054145411830422,0.0,0
5,2025-11-30,13,6,176.0,1.9567973692973695,0.0,0
5,2025-11-30,14,6,179.0,2.034167630579414,0.0,0
5,2025-11-30,15,6,180.0,1.8436770788071903,0.0,0
5,2025-11-30,16,6,180.0,1.76894744239498,0.0,0
5,2025-11-30,17,6,180.0,1.884427907927169,0.0,0
5,2025-11-30,18,6,180.0,1.6471920386615448,0.0,0
5,2025-11-30,19,6,180.0,1.438373015873016,0.0,0
5,2025-11-30,20,6,189.0,1.1668375695429256,0.0,0
5,2025-11-30,21,6,196.0,0.9432718756612231,0.0,0
5,2025-11-30,22,6,192.0,0.7059332420157163,0.0,0
5,2025-11-30,23,6,194.0,0.5211474363520318,0.0,0
5,2025-12-01,0,0,139.0,0.23851218828803586,0.0,0
5,2025-12-01,1,0,6.0,0.3362403100775194,0.0,0
5,2025-12-01,2,0,0.0,2.999807068440684,0.0,0
5,2025-12-01,3,0,0.0,2.999807068440684,0.0,0
5,2025-12-01,4,0,0.0,2.999807068440684,0.0,0
5,2025-12-01,5,0,94.0,1.8921660424469415,0.0,0
5,2025-12-01,6,0,180.0,2.3506831067141025,0.0,0
5,2025-12-01,7,0,182.0,4.195674112865833,0.0,0
5,2025-12-01,8,0,180.0,5.1521270604773655,0.0,0
5,2025-12-01,9,0,180.0,3.846780487804878,0.0,0
5,2025-12-01,10,0,180.0,3.0802413956543795,0.0,0
5,2025-12-01,11,0,180.0,2.9002552929854577,0.0,0
5,2025-12-01,12,0,180.0,2.999807068440684,0.0,0
5,2025-12-01,13,0,179.0,3.1283762376237627,0.0,0
5,2025-12-01,14,0,180.0,3.104904645476773,0.0,0
5,2025-12-01,15,0,180.0,3.4609447771124415,0.0,0
5,2025-12-01,16,0,180.0,3.667005824670058,0.0,0
5,2025-12-01,17,0,174.0,4.5024999999999995,0.0,0
5,2025-12-01,18,0,180.0,4.405592371840116,0.0,0
5,2025-12-01,19,0,180.0,2.714845153066901,0.0,0
5,2025-12-01,20,0,179.0,1.7716049382716048,0.0,0
5,2025-12-01,21,0,195.0,1.131849222658115,0.0,0
5,2025-12-01,22,0,177.0,0.6235856463307625,0.0,0
5,2025-12-01,23,0,175.0,0.4070373936767774,0.0,0
5,2025-12-02,0,1,139.0,0.18401133373810968,0.0,0
5,2025-12-02,1,1,6.0,0.5714285714285714,0.0,0
5,2025-12-02,2,1,0.0,3.266921760391198,0.0,0
5,2025-12-02,3,1,0.0,3.266921760391198,0.0,0
5,2025-12-02,4,1,0.0,3.266921760391198,0.0,0
5,2025-12-02,5,1,94.0,1.967852684144819,0.0,0
5,2025-12-02,6,1,180.0,2.4726269961174197,0.0,0
5,2025-12-02,7,1,182.0,4.385473774650192,0.0,0
5,2025-12-02,8,1,180.0,5.367731431886218,0.0,0
5,2025-12-02,9,1,180.0,3.994178861788618,0.0,0
5,2025-12-02,10,1,180.0,3.284966197956078,0.0,0
5,2025-12-02,11,1,180.0,3.147321428571429,0.0,0
5,2025-12-02,12,1,180.0,3.2947017659192355,0.0,0
5,2025-12-02,13,1,179.0,3.3175742574257425,0.0,0
5,2025-12-02,14,1,180.0,3.266921760391198,0.0,0
5,2025-12-02,15,1,180.0,3.62922303541066,0.0,0
5,2025-12-02,16,1,180.0,3.81846199218462,0.0,0
5,2025-12-02,17,1,174.0,4.650334967320262,0.0,0
5,2025-12-02,18,1,180.0,4.601302512221264,0.0,0
5,2025-12-02,19,1,180.0,2.8264674937460468,0.0,0
5,2025-12-02,20,1,179.0,1.90652557319224,0.0,0
5,2025-12-02,21,1,195.0,1.2812898270959172,0.0,0
5,2025-12-02,22,1,177.0,0.700774719438415,0.0,0
5,2025-12-02,23,1,175.0,0.43988391376451075,0.0,0
5,2025-12-03,0,2,139.0,0.19384739931188016,0.0,0
5,2025-12-03,1,2,6.0,0.7316017316017316,0.0,0
5,2025-12-03,2,2,0.0,3.2526117216640706,0.0,0
5,2025-12-03,3,2,0.0,3.2526117216640706,0.0,0
5,2025-12-03,4,2,0.0,3.2526117216640706,0.0,0
5,2025-12-03,5,2,94.0,1.992665418227216,0.0,0
5,2025-12-03,6,2,180.0,2.4234530597657455,0.0,0
5,2025-12-03,7,2,182.0,4.260729482039113,0.0,0
5,2025-12-03,8,2,180.0,5.305405828827418,0.0,0
5,2025-12-03,9,2,180.0,4.022910569105691,0.0,0
5,2025-12-03,10,2,180.0,3.32748692405558,0.0,0
5,2025-12-03,11,2,180.0,3.1302372932706017,0.0,0
5,2025-12-03,12,2,180.0,3.2526117216640706,0.0,0
5,2025-12-03,13,2,179.0,3.3187029702970294,0.0,0
5,2025-12-03,14,2,180.0,3.301251833740831,0.0,0
5,2025-12-03,15,2,180.0,3.7315517113920307,0.0,0
5,2025-12-03,16,2,180.0,3.86914399469144,0.0,0
5,2025-12-03,17,2,174.0,4.76656862745098,0.0,0
5,2025-12-03,18,2,180.0,4.480429639505399,0.0,0
5,2025-12-03,19,2,180.0,2.846662915883929,0.0,0
5,2025-12-03,20,2,179.0,1.8544973544973544,0.0,0
5,2025-12-03,21,2,195.0,1.2666708180251987,0.0,0
5,2025-12-03,22,2,177.0,0.748903154297326,0.0,0
5,2025-12-03,23,2,175.0,0.49442304606002246,0.0,0
5,2025-12-04,0,3,139.0,0.21438979963570126,0.0,0
5,2025-12-04,1,3,6.0,0.577922077922078,0.0,0
5,2025-12-04,2,3,0.0,3.2272924318427583,0.0,0
5,2025-12-04,3,3,0.0,3.2272924318427583,0.0,0
5,2025-12-04,4,3,0.0,3.2272924318427583,0.0,0
5,2025-12-04,5,3,94.0,1.9116729088639202,0.0,0
5,2025-12-04,6,3,180.0,2.4241922120961057,0.0,0
5,2025-12-04,7,3,182.0,4.309798025257072,0.0,0
5,2025-12-04,8,3,180.0,5.217787111880798,0.0,0
5,2025-12-04,9,3,180.0,3.907821138211382,0.0,0
5,2025-12-04,10,3,180.0,3.2534321755544284,0.0,0
5,2025-12-04,11,3,180.0,3.0776326810664383,0.0,0
5,2025-12-04,12,3,180.0,3.2272924318427583,0.0,0
5,2025-12-04,13,3,179.0,3.2559603960396037,0.0,0
5,2025-12-04,14,3,180.0,3.288029339853301,0.0,0
5,2025-12-04,15,3,180.0,3.60146373918829,0.0,0
5,2025-12-04,16,3,180.0,3.920120917201209,0.0,0
5,2025-12-04,17,3,174.0,4.639281045751634,0.0,0
5,2025-12-04,18,3,180.0,4.6540042611037045,0.0,0
5,2025-12-04,19,3,180.0,2.8190008931948722,0.0,0
5,2025-12-04,20,3,179.0,1.8897707231040564,0.0,0
5,2025-12-04,21,3,195.0,1.3367291446125744,0.0,0
5,2025-12-04,22,3,177.0,0.7116767884357826,0.0,0
5,2025-12-04,23,3,175.0,0.5079174022361312,0.0,0
5,2025-12-05,0,4,139.0,0.22075490791337785,0.0,0
5,2025-12-05,1,4,6.0,0.7445887445887446,0.0,0
5,2025-12-05,2,4,0.0,3.1991864485315085,0.0,0
5,2025-12-05,3,4,0.0,3.1991864485315085,0.0,0
5,2025-12-05,4,4,0.0,3.1991864485315085,0.0,0
5,2025-12-05,5,4,94.0,1.9314918851435707,0.0,0
5,2025-12-05,6,4,180.0,2.2944344266289782,0.0,0
5,2025-12-05,7,4,182.0,4.189226877233178,0.0,0
5,2025-12-05,8,4,180.0,5.120114239258842,0.0,0
5,2025-12-05,9,4,180.0,3.8683089430894313,0.0,0
5,2025-12-05,10,4,180.0,3.1354347699548475,0.0,0
5,2025-12-05,11,4,180.0,3.1991864485315085,0.0,0
5,2025-12-05,12,4,180.0,3.306570629623807,0.0,0
5,2025-12-05,13,4,179.0,3.458851485148515,0.0,0
5,2025-12-05,14,4,180.0,3.4468215158924203,0.0,0
5,2025-12-05,15,4,180.0,3.9049087011162857,0.0,0
5,2025-12-05,16,4,180.0,4.55997198259972,0.0,0
5,2025-12-05,17,4,174.0,4.487867647058824,0.0,0
5,2025-12-05,18,4,180.0,3.4636139649177844,0.0,0
5,2025-12-05,19,4,180.0,2.423150276063967,0.0,0
5,2025-12-05,20,4,179.0,1.7270723104056438,0.0,0
5,2025-12-05,21,4,195.0,1.1745999128214708,0.0,0
5,2025-12-05,22,4,177.0,0.7732733339491064,0.0,0
5,2025-12-05,23,4,175.0,0.5759508907077515,0.0,0
5,2025-12-06,0,5,161.0,0.32876947986237604,0.0,0
5,2025-12-06,1,5,6.0,0.79004329004329,0.0,0
5,2025-12-06,2,5,0.0,1.6882513200763958,0.0,0
5,2025-12-06,3,5,0.0,1.6882513200763958,0.0,0
5,2025-12-06,4,5,0.0,1.6882513200763958,0.0,0
5,2025-12-06,5,5,104.0,0.8055222088835534,0.0,0
5,2025-12-06,6,5,180.0,1.238611649914771,0.0,0
5,2025-12-06,7,5,178.0,1.7243347280334729,0.0,0
5,2025-12-06,8,5,170.0,1.6882513200763958,0.0,0
5,2025-12-06,9,5,180.0,1.4668411432369557,0.0,0
5,2025-12-06,10,5,180.0,1.5082684824902723,0.0,0
5,2025-12-06,11,5,180.0,1.7675630357450676,0.0,0
5,2025-12-06,12,5,178.0,1.964692328544321,0.0,0
5,2025-12-06,13,5,176.0,2.045822927072927,0.0,0
5,2025-12-06,14,5,179.0,2.0975028507206783,0.0,0
5,2025-12-06,15,5,180.0,1.9831386086032925,0.0,0
5,2025-12-06,16,5,180.0,1.9589137929609022,0.0,0
5,2025-12-06,17,5,180.0,1.885121817276214,0.0,0
5,2025-12-06,18,5,180.0,1.8005221530481004,0.0,0
5,2025-12-06,19,5,180.0,1.7066666666666666,0.0,0
5,2025-12-06,20,5,189.0,1.266379404385295,0.0,0
5,2025-12-06,21,5,196.0,1.0406784388404793,0.0,0
5,2025-12-06,22,5,192.0,0.7423761805205105,0.0,0
5,2025-12-06,23,5,194.0,0.6312885610949578,0.0,0
5,2025-12-07,0,6,161.0,0.3627626786214626,0.0,0
5,2025-12-07,1,6,3.0,0.42441860465116277,0.0,0
5,2025-12-07,2,6,0.0,1.1450188181103247,0.0,0
5,2025-12-07,3,6,0.0,1.1450188181103247,0.0,0
5,2025-12-07,4,6,0.0,1.1450188181103247,0.0,0
5,2025-12-07,5,6,104.0,0.5724289715886355,0.0,0
5,2025-12-07,6,6,180.0,0.8811790983365662,0.0,0
5,2025-12-07,7,6,178.0,1.0894225941422595,0.0,0
5,2025-12-07,8,6,170.0,1.1450188181103247,0.0,0
5,2025-12-07,9,6,180.0,1.0977442671984048,0.0,0
5,2025-12-07,10,6,180.0,1.2521186440677967,0.0,0
5,2025-12-07,11,6,180.0,1.519995925595098,0.0,0
5,2025-12-07,12,6,178.0,1.7041306258573812,0.0,0
5,2025-12-07,13,6,176.0,1.8513590576090575,0.0,0
5,2025-12-07,14,6,179.0,1.9233156137458058,0.0,0
5,2025-12-07,15,6,180.0,1.7452606253721494,0.0,0
5,2025-12-07,16,6,180.0,1.6760497879341563,0.0,0
5,2025-12-07,17,6,180.0,1.7823402199224354,0.0,0
5,2025-12-07,18,6,180.0,1.5663437749699827,0.0,0
5,2025-12-07,19,6,180.0,1.3677380952380953,0.0,0
5,2025-12-07,20,6,189.0,1.1091633031526127,0.0,0
5,2025-12-07,21,6,196.0,0.8943870583030373,0.0,0
5,2025-12-07,22,6,192.0,0.6684449571047508,0.0,0
5,2025-12-07,23,6,194.0,0.4946386781079356,0.0,0
5,2025-12-08,0,0,139.0,0.2461753992715046,0.0,0
5,2025-12-08,1,0,6.0,0.3362403100775194,0.0,0
5,2025-12-08,2,0,0.0,3.0671092183175412,0.0,0
5,2025-12-08,3,0,0.0,3.0671092183175412,0.0,0
5,2025-12-08,4,0,0.0,3.0671092183175412,0.0,0
5,2025-12-08,5,0,94.0,1.9480337078651686,0.0,0
5,2025-12-08,6,0,180.0,2.415923453059766,0.0,0
5,2025-12-08,7,0,182.0,4.306623844202602,0.0,0
5,2025-12-08,8,0,180.0,5.245959495450331,0.0,0
5,2025-12-08,9,0,180.0,3.916463414634146,0.0,0
5,2025-12-08,10,0,180.0,3.1507932878204543,0.0,0
5,2025-12-08,11,0,180.0,2.964858229968634,0.0,0
5,2025-12-08,12,0,180.0,3.0671092183175412,0.0,0
5,2025-12-08,13,0,179.0,3.1996930693069308,0.0,0
5,2025-12-08,14,0,180.0,3.1746919315403423,0.0,0
5,2025-12-08,15,0,180.0,3.5330450210689732,0.0,0
5,2025-12-08,16,0,180.0,3.7504239475042396,0.0,0
5,2025-12-08,17,0,174.0,4.5736397058823535,0.0,0
5,2025-12-08,18,0,180.0,4.481749797401511,0.0,0
5,2025-12-08,19,0,180.0,2.778209541609849,0.0,0
5,2025-12-08,20,0,179.0,1.8130511463844798,0.0,0
5,2025-12-08,21,0,195.0,1.1584635822072773,0.0,0
5,2025-12-08,22,0,177.0,0.6394783632752967,0.0,0
5,2025-12-08,23,0,175.0,0.4191809768362489,0.0,0
5,2025-12-09,0,1,139.0,0.19037644201578627,0.0,0
5,2025-12-09,1,1,6.0,0.7445887445887446,0.0,0
5,2025-12-09,2,1,0.0,3.319371638141809,0.0,0
5,2025-12-09,3,1,0.0,3.319371638141809,0.0,0
5,2025-12-09,4,1,0.0,3.319371638141809,0.0,0
5,2025-12-09,5,1,94.0,2.0098314606741576,0.0,0
5,2025-12-09,6,1,180.0,2.5162451061617688,0.0,0
5,2025-12-09,7,1,182.0,4.44877328641955,0.0,0
5,2025-12-09,8,1,180.0,5.42021670738575,0.0,0
5,2025-12-09,9,1,180.0,4.033504065040651,0.0,0
5,2025-12-09,10,1,180.0,3.3338752193183048,0.0,0
5,2025-12-09,11,1,180.0,3.2063974729113203,0.0,0
5,2025-12-09,12,1,180.0,3.354670134670992,0.0,0
5,2025-12-09,13,1,179.0,3.3680891089108913,0.0,0
5,2025-12-09,14,1,180.0,3.319371638141809,0.0,0
5,2025-12-09,15,1,180.0,3.6771050491609376,0.0,0
5,2025-12-09,16,1,180.0,3.85248101452481,0.0,0
5,2025-12-09,17,1,174.0,4.682667483660131,0.0,0
5,2025-12-09,18,1,180.0,4.648837999634016,0.0,0
5,2025-12-09,19,1,180.0,2.87043429614019,0.0,0
5,2025-12-09,20,1,179.0,1.9385655496766607,0.0,0
5,2025-12-09,21,1,195.0,1.3067978495962804,0.0,0
5,2025-12-09,22,1,177.0,0.712883318708724,0.0,0
5,2025-12-09,23,1,175.0,0.4502353822286418,0.0,0
5,2025-12-10,0,2,139.0,0.19712608783647034,0.0,0
5,2025-12-10,1,2,6.0,0.738095238095238,0.0,0
5,2025-12-10,2,2,0.0,3.299822788789962,0.0,0
5,2025-12-10,3,2,0.0,3.299822788789962,0.0,0
5,2025-12-10,4,2,0.0,3.299822788789962,0.0,0
5,2025-12-10,5,2,94.0,2.0290262172284645,0.0,0
5,2025-12-10,6,2,180.0,2.4658365417418002,0.0,0
5,2025-12-10,7,2,182.0,4.32953863568175,0.0,0
5,2025-12-10,8,2,180.0,5.29938053359642,0.0,0
5,2025-12-10,9,2,180.0,4.037056910569106,0.0,0
5,2025-12-10,10,2,180.0,3.340760358892058,0.0,0
5,2025-12-10,11,2,180.0,3.184205250213858,0.0,0
5,2025-12-10,12,2,180.0,3.299822788789962,0.0,0
5,2025-12-10,13,2,179.0,3.3565049504950495,0.0,0
5,2025-12-10,14,2,180.0,3.3365892420537895,0.0,0
5,2025-12-10,15,2,180.0,3.7774894655134177,0.0,0
5,2025-12-10,16,2,180.0,3.9154906731549066,0.0,0
5,2025-12-10,17,2,174.0,4.832455065359477,0.0,0
5,2025-12-10,18,2,180.0,4.5438756437403605,0.0,0
5,2025-12-10,19,2,180.0,2.89385602715821,0.0,0
5,2025-12-10,20,2,179.0,1.8888888888888888,0.0,0
5,2025-12-10,21,2,195.0,1.2920626024866637,0.0,0
5,2025-12-10,22,2,177.0,0.7644927954555951,0.0,0
5,2025-12-10,23,2,175.0,0.5065666292194939,0.0,0
5,2025-12-11,0,3,139.0,0.21438979963570126,0.0,0
5,2025-12-11,1,3,6.0,0.7445887445887446,0.0,0
5,2025-12-11,2,3,0.0,3.247817015134409,0.0,0
5,2025-12-11,3,3,0.0,3.247817015134409,0.0,0
5,2025-12-11,4,3,0.0,3.247817015134409,0.0,0
5,2025-12-11,5,3,94.0,1.9731585518102372,0.0,0
5,2025-12-11,6,3,180.0,2.4741134233312216,0.0,0
5,2025-12-11,7,3,182.0,4.372957750320486,0.0,0
5,2025-12-11,8,3,180.0,5.279310330226828,0.0,0
5,2025-12-11,9,3,180.0,3.9550487804878047,0.0,0
5,2025-12-11,10,3,180.0,3.2583715148138603,0.0,0
5,2025-12-11,11,3,180.0,3.1038815226689476,0.0,0
5,2025-12-11,12,3,180.0,3.247817015134409,0.0,0
5,2025-12-11,13,3,179.0,3.259722772277228,0.0,0
5,2025-12-11,14,3,180.0,3.298919315403423,0.0,0
5,2025-12-11,15,3,180.0,3.617091742441044,0.0,0
5,2025-12-11,16,3,180.0,3.9510875175108753,0.0,0
5,2025-12-11,17,3,174.0,4.6621895424836595,0.0,0
5,2025-12-11,18,3,180.0,4.678044859226727,0.0,0
5,2025-12-11,19,3,180.0,2.8510367099913863,0.0,0
5,2025-12-11,20,3,179.0,1.9110817166372722,0.0,0
5,2025-12-11,21,3,195.0,1.3529194428876852,0.0,0
5,2025-12-11,22,3,177.0,0.722422989885928,0.0,0
5,2025-12-11,23,3,175.0,0.5152329749103943,0.0,0
5,2025-12-12,0,4,139.0,0.22548067192875937,0.0,0
5,2025-12-12,1,4,6.0,0.751082251082251,0.0,0
5,2025-12-12,2,4,0.0,3.196074369118905,0.0,0
5,2025-12-12,3,4,0.0,3.196074369118905,0.0,0
5,2025-12-12,4,4,0.0,3.196074369118905,0.0,0
5,2025-12-12,5,4,94.0,1.9258739076154807,0.0,0
5,2025-12-12,6,4,180.0,2.2723167145897296,0.0,0
5,2025-12-12,7,4,182.0,4.13307353462619,0.0,0
5,2025-12-12,8,4,180.0,5.019322863518383,0.0,0
5,2025-12-12,9,4,180.0,3.768382113821138,0.0,0
5,2025-12-12,10,4,180.0,3.104844543859503,0.0,0
5,2025-12-12,11,4,180.0,3.196074369118905,0.0,0
5,2025-12-12,12,4,180.0,3.299389288249277,0.0,0
5,2025-12-12,13,4,179.0,3.4389504950495047,0.0,0
5,2025-12-12,14,4,180.0,3.4048166259168706,0.0,0
5,2025-12-12,15,4,180.0,3.8867598137059214,0.0,0
5,2025-12-12,16,4,180.0,4.5340780063407795,0.0,0
5,2025-12-12,17,4,174.0,4.403558006535947,0.0,0
5,2025-12-12,18,4,180.0,3.439573366794761,0.0,0
5,2025-12-12,19,4,180.0,2.400019389639575,0.0,0
5,2025-12-12,20,4,179.0,1.7238389182833629,0.0,0
5,2025-12-12,21,4,195.0,1.1704651597235194,0.0,0
5,2025-12-12,22,4,177.0,0.7767543758370665,0.0,0
5,2025-12-12,23,4,175.0,0.5777430054030921,0.0,0
5,2025-12-13,0,5,161.0,0.3351345881400526,0.0,0
5,2025-12-13,1,5,6.0,0.9632034632034632,0.0,0
5,2025-12-13,2,5,0.0,1.7156499269744971,0.0,0
5,2025-12-13,3,5,0.0,1.7156499269744971,0.0,0
5,2025-12-13,4,5,0.0,1.7156499269744971,0.0,0
5,2025-12-13,5,5,104.0,0.8255302120848339,0.0,0
5,2025-12-13,6,5,180.0,1.2652971257273848,0.0,0
5,2025-12-13,7,5,178.0,1.7567949790794979,0.0,0
5,2025-12-13,8,5,170.0,1.7156499269744971,0.0,0
5,2025-12-13,9,5,180.0,1.4928838484546363,0.0,0
5,2025-12-13,10,5,180.0,1.5370845149376773,0.0,0
5,2025-12-13,11,5,180.0,1.7976862081394076,0.0,0
5,2025-12-13,12,5,178.0,1.9974699557242253,0.0,0
5,2025-12-13,13,5,176.0,2.07654637029637,0.0,0
5,2025-12-13,14,5,179.0,2.131623311101814,0.0,0
5,2025-12-13,15,5,180.0,2.0142543330275675,0.0,0
5,2025-12-13,16,5,180.0,1.9887146246889287,0.0,0
5,2025-12-13,17,5,180.0,1.9146385072860481,0.0,0
5,2025-12-13,18,5,180.0,1.8300289277916173,0.0,0
5,2025-12-13,19,5,180.0,1.740357142857143,0.0,0
5,2025-12-13,20,5,189.0,1.2917203010799607,0.0,0
5,2025-12-13,21,5,196.0,1.0597505145517148,0.0,0
5,2025-12-13,22,5,192.0,0.7614567563021171,0.0,0
5,2025-12-13,23,5,194.0,0.6678817105169846,0.0,0
5,2025-12-14,0,6,161.0,0.37374614738021855,0.0,0
5,2025-12-14,1,6,3.0,0.5193798449612403,0.0,0
5,2025-12-14,2,6,0.0,1.1477362094146726,0.0,0
5,2025-12-14,3,6,0.0,1.1477362094146726,0.0,0
5,2025-12-14,4,6,0.0,1.1477362094146726,0.0,0
5,2025-12-14,5,6,104.0,0.5826330532212886,0.0,0
5,2025-12-14,6,6,180.0,0.8835155469346969,0.0,0
5,2025-12-14,7,6,178.0,1.0916066945606695,0.0,0
5,2025-12-14,8,6,170.0,1.1477362094146726,0.0,0
5,2025-12-14,9,6,180.0,1.1039423396477235,0.0,0
5,2025-12-14,10,6,180.0,1.2612197454329617,0.0,0
5,2025-12-14,11,6,180.0,1.5270987102941407,0.0,0
5,2025-12-14,12,6,178.0,1.7203787673427144,0.0,0
5,2025-12-14,13,6,176.0,1.8686729936729938,0.0,0
5,2025-12-14,14,6,179.0,1.9425384949835518,0.0,0
5,2025-12-14,15,6,180.0,1.7582597080738345,0.0,0
5,2025-12-14,16,6,180.0,1.690301191371855,0.0,0
5,2025-12-14,17,6,180.0,1.798781188670972,0.0,0
5,2025-12-14,18,6,180.0,1.5786241993582046,0.0,0
5,2025-12-14,19,6,180.0,1.3812301587301588,0.0,0
5,2025-12-14,20,6,189.0,1.1185120541071234,0.0,0
5,2025-12-14,21,6,196.0,0.9032258064516129,0.0,0
5,2025-12-14,22,6,192.0,0.6805926032730156,0.0,0
5,2025-12-14,23,6,194.0,0.536529324161407,0.0,0
5,2025-12-15,0,0,139.0,0.2347015970860185,0.0,0
5,2025-12-15,1,0,6.0,0.3246124031007752,0.0,0
5,2025-12-15,2,0,0.0,3.0635292660502387,0.0,0
5,2025-12-15,3,0,0.0,3.0635292660502387,0.0,0
5,2025-12-15,4,0,0.0,3.0635292660502387,0.0,0
5,2025-12-15,5,0,94.0,1.9285268414481898,0.0,0
5,2025-12-15,6,0,180.0,2.3914583231801423,0.0,0
5,2025-12-15,7,0,182.0,4.228452390693615,0.0,0
5,2025-12-15,8,0,180.0,5.214158385237814,0.0,0
5,2025-12-15,9,0,180.0,3.866073170731707,0.0,0
5,2025-12-15,10,0,180.0,3.1150516801237327,0.0,0
5,2025-12-15,11,0,180.0,2.960512011690904,0.0,0
5,2025-12-15,12,0,180.0,3.0635292660502387,0.0,0
5,2025-12-15,13,0,179.0,3.187267326732673,0.0,0
5,2025-12-15,14,0,180.0,3.1623569682151587,0.0,0
5,2025-12-15,15,0,180.0,3.5204110297922675,0.0,0
5,2025-12-15,16,0,180.0,3.7313942343139423,0.0,0
5,2025-12-15,17,0,174.0,4.5999509803921566,0.0,0
5,2025-12-15,18,0,180.0,4.51115925548323,0.0,0
5,2025-12-15,19,0,180.0,2.7784924396298805,0.0,0
5,2025-12-15,20,0,179.0,1.815108759553204,0.0,0
5,2025-12-15,21,0,195.0,1.1603856612076302,0.0,0
5,2025-12-15,22,0,177.0,0.6419000831293585,0.0,0
5,2025-12-15,23,0,175.0,0.42166853902530355,0.0,0
5,2025-12-16,0,1,139.0,0.19037644201578627,26.46232544019429,17
5,2025-12-16,1,1,6.0,0.7445887445887446,4.467532467532467,3
5,2025-12-16,2,1,0.0,3.276914825501626,0.0,0
5,2025-12-16,3,1,0.0,3.276914825501626,0.0,0
5,2025-12-16,4,1,0.0,3.276914825501626,0.0,0
5,2025-12-16,5,1,94.0,2.0098314606741576,188.9241573033708,123
5,2025-12-16,6,1,180.0,2.509202852640642,451.65651347531553,294
5,2025-12-16,7,1,182.0,4.371440553146224,795.6021806726127,518
5,2025-12-16,8,1,180.0,5.341148997971809,961.4068196349256,626
5,2025-12-16,9,1,180.0,3.9781463414634146,716.0663414634146,466
5,2025-12-16,10,1,180.0,3.276914825501626,589.8446685902926,384
5,2025-12-16,11,1,180.0,3.1760385479041915,571.6869386227545,372
5,2025-12-16,12,1,180.0,3.3223862537454925,598.0295256741887,389
5,2025-12-16,13,1,179.0,3.3357128712871287,597.092603960396,389
5,2025-12-16,14,1,180.0,3.281479217603912,590.6662591687041,384
5,2025-12-16,15,1,180.0,3.654779330228432,657.8602794411178,428
5,2025-12-16,16,1,180.0,3.8397183513971838,691.149303251493,450
5,2025-12-16,17,1,174.0,4.68155637254902,814.5908088235294,530
5,2025-12-16,18,1,180.0,4.656072726322119,838.0930907379814,545
5,2025-12-16,19,1,180.0,2.8687051217256143,516.3669219106106,336
5,2025-12-16,20,1,179.0,1.9417989417989419,347.5820105820106,226
5,2025-12-16,21,1,195.0,1.3046432945181312,254.4054424310356,166
5,2025-12-16,22,1,177.0,0.7139426407426224,126.36784741144416,82
5,2025-12-16,23,1,175.0,0.4484432675333012,78.47757181832772,51
5,2025-12-17,0,2,139.0,0.19712608783647034,27.400526209269376,18
5,2025-12-17,1,2,6.0,0.738095238095238,4.428571428571428,3
5,2025-12-17,2,2,0.0,3.2954615828009852,0.0,0
5,2025-12-17,3,2,0.0,3.2954615828009852,0.0,0
5,2025-12-17,4,2,0.0,3.2954615828009852,0.0,0
5,2025-12-17,5,2,94.0,2.0290262172284645,190.72846441947567,124
5,2025-12-17,6,2,180.0,2.4664538557759474,443.96169403967053,289
5,2025-12-17,7,2,182.0,4.321833319695606,786.5736641846003,512
5,2025-12-17,8,2,180.0,5.384579393744364,969.2242908739855,631
5,2025-12-17,9,2,180.0,4.066268292682927,731.9282926829268,476
5,2025-12-17,10,2,180.0,3.3651265185973607,605.7227733475249,394
5,2025-12-17,11,2,180.0,3.17838875819789,572.1099764756202,372
5,2025-12-17,12,2,180.0,3.2954615828009852,593.1830849041773,386
5,2025-12-17,13,2,179.0,3.3527920792079207,600.1497821782178,391
5,2025-12-17,14,2,180.0,3.3326992665036674,599.8858679706601,390
5,2025-12-17,15,2,180.0,3.776306645967325,679.7351962741185,442
5,2025-12-17,16,2,180.0,3.917304431173044,705.1147976111479,459
5,2025-12-17,17,2,174.0,4.83812091503268,841.8330392156863,548
5,2025-12-17,18,2,180.0,4.5662627767756785,821.9272998196221,535
5,2025-12-17,19,2,180.0,2.8960095486028337,521.28171874851,339
5,2025-12-17,20,2,179.0,1.8906525573192239,338.42680776014106,220
5,2025-12-17,21,2,195.0,1.2930527014965647,252.14527679183013,164
5,2025-12-17,22,2,177.0,0.7644927954555951,135.31522479564035,88
5,2025-12-17,23,2,175.0,0.5047745145241535,88.33554004172686,58
5,2025-12-18,0,3,139.0,0.21911556365108276,30.457063347500505,20
5,2025-12-18,1,3,6.0,0.577922077922078,3.4675324675324677,2
5,2025-12-18,2,3,0.0,3.2554104202097003,0.0,0
5,2025-12-18,3,3,0.0,3.2554104202097003,0.0,0
5,2025-12-18,4,3,0.0,3.2554104202097003,0.0,0
5,2025-12-18,5,3,94.0,1.978776529338327,186.00499375780274,121
5,2025-12-18,6,3,180.0,2.493266403495947,448.7879526292705,292
5,2025-12-18,7,3,182.0,4.386571611706625,798.3560333306058,519
5,2025-12-18,8,3,180.0,5.286184586591919,951.5132255865453,619
5,2025-12-18,9,3,180.0,3.9479186991869923,710.6253658536586,462
5,2025-12-18,10,3,180.0,3.276619629300094,589.791533274017,384
5,2025-12-18,11,3,180.0,3.1065213323353293,559.1738398203593,364
5,2025-12-18,12,3,180.0,3.2554104202097003,585.973875637746,381
5,2025-12-18,13,3,179.0,3.285861386138614,588.1691881188119,383
5,2025-12-18,14,3,180.0,3.3143643031784844,596.5855745721271,388
5,2025-12-18,15,3,180.0,3.6342943742145337,654.1729873586161,426
5,2025-12-18,16,3,180.0,3.9565509105655092,712.1791639017916,463
5,2025-12-18,17,3,174.0,4.680269607843137,814.3669117647058,530
5,2025-12-18,18,3,180.0,4.697049904582647,845.4689828248764,550
5,2025-12-18,19,3,180.0,2.780595103003487,500.5071185406277,326
5,2025-12-18,20,3,179.0,1.9162257495590829,343.00440917107585,223
5,2025-12-18,21,3,195.0,1.3590925130248874,265.0230400398531,172
5,2025-12-18,22,3,177.0,0.725147785526255,128.35115803814713,84
5,2025-12-18,23,3,175.0,0.5170250896057348,90.4793906810036,59
5,2025-12-19,0,4,139.0,0.22548067192875937,31.341813398097553,20
5,2025-12-19,1,4,6.0,0.751082251082251,4.506493506493506,3
5,2025-12-19,2,4,0.0,3.2099283575705733,0.0,0
5,2025-12-19,3,4,0.0,3.2099283575705733,0.0,0
5,2025-12-19,4,4,0.0,3.2099283575705733,0.0,0
5,2025-12-19,5,4,94.0,1.9483458177278403,183.144506866417,119
5,2025-12-19,6,4,180.0,2.3112399889533277,416.023198011599,271
5,2025-12-19,7,4,182.0,4.202700951913373,764.891573248234,498
5,2025-12-19,8,4,180.0,5.127052008925736,922.8693616066324,600
5,2025-12-19,9,4,180.0,3.870211382113821,696.6380487804878,453
5,2025-12-19,10,4,180.0,3.144346784856019,565.9824212740834,368
5,2025-12-19,11,4,180.0,3.2099283575705733,577.7871043627032,376
5,2025-12-19,12,4,180.0,3.314966725260696,596.6940105469253,388
5,2025-12-19,13,4,179.0,3.4644257425742575,620.1322079207921,404
5,2025-12-19,14,4,180.0,3.455154034229829,621.9277261613693,405
5,2025-12-19,15,4,180.0,3.915938493383603,704.8689288090485,459
5,2025-12-19,16,4,180.0,4.579163901791639,824.249502322495,536
5,2025-12-19,17,4,174.0,4.508088235294117,784.4073529411764,510
5,2025-12-19,18,4,180.0,3.4865468067863956,627.5784252215512,408
5,2025-12-19,19,4,180.0,2.4393803579772477,439.0884644359046,286
5,2025-12-19,20,4,179.0,1.7414756025867137,311.72413286302174,203
5,2025-12-19,21,4,195.0,1.184617140959379,231.0003424870789,150
5,2025-12-19,22,4,177.0,0.7826571375790883,138.53031335149862,90
5,2025-12-19,23,4,175.0,0.5814743486866742,101.758011020168,66
5,2025-12-20,0,5,161.0,0.3351345881400526,53.95666869054847,35
5,2025-12-20,1,5,6.0,0.9632034632034632,5.779220779220779,4
5,2025-12-20,2,5,0.0,1.7263860802157063,0.0,0
5,2025-12-20,3,5,0.0,1.7263860802157063,0.0,0
5,2025-12-20,4,5,0.0,1.7263860802157063,0.0,0
5,2025-12-20,5,5,104.0,0.8255302120848339,85.85514205682273,56
5,2025-12-20,6,5,180.0,1.2707782284135662,228.74008111444192,149
5,2025-12-20,7,5,178.0,1.7629790794979079,313.8102761506276,204
5,2025-12-20,8,5,170.0,1.7263860802157063,293.48563363667006,191
5,2025-12-20,9,5,180.0,1.49402210036557,268.9239780658026,175
5,2025-12-20,10,5,180.0,1.537257633713645,276.7063740684561,180
5,2025-12-20,11,5,180.0,1.8056156269098773,325.0108128437779,211
5,2025-12-20,12,5,178.0,2.0065427930703073,357.1646171665147,232
5,2025-12-20,13,5,176.0,2.0880265567765566,367.492673992674,239
5,2025-12-20,14,5,179.0,2.1461906988572506,384.16813509544784,250
5,2025-12-20,15,5,180.0,2.027406298781764,364.93313378071747,237
5,2025-12-20,16,5,180.0,2.0010355261961257,360.18639471530264,234
5,2025-12-20,17,5,180.0,1.9271033328934317,346.8785999208177,226
5,2025-12-20,18,5,180.0,1.8445056424148938,332.01101563468086,216
5,2025-12-20,19,5,180.0,1.7498809523809524,314.97857142857146,205
5,2025-12-20,20,5,189.0,1.3020399258208792,246.08554598014618,160
5,2025-12-20,21,5,196.0,1.0727369342335584,210.25643910977746,137
5,2025-12-20,22,5,192.0,0.7683896859154591,147.53081969576814,96
5,2025-12-20,23,5,194.0,0.6678817105169846,129.56905184029503,84
5,2025-12-21,0,6,161.0,0.37374614738021855,60.17312972821519,39
5,2025-12-21,1,6,3.0,0.5193798449612403,1.558139534883721,1
5,2025-12-21,2,6,0.0,1.1582722446916076,0.0,0
5,2025-12-21,3,6,0.0,1.1582722446916076,0.0,0
5,2025-12-21,4,6,0.0,1.1582722446916076,0.0,0
5,2025-12-21,5,6,104.0,0.5826330532212886,60.59383753501401,39
5,2025-12-21,6,6,180.0,0.8921413037089284,160.5854346676071,105
5,2025-12-21,7,6,178.0,1.1077907949790795,197.18676150627616,128
5,2025-12-21,8,6,170.0,1.1582722446916076,196.9062815975733,128
5,2025-12-21,9,6,180.0,1.1068835161183117,199.2390329012961,130
5,2025-12-21,10,6,180.0,1.2641380333707049,227.54484600672689,148
5,2025-12-21,11,6,180.0,1.5366813972074655,276.6026514973438,180
5,2025-12-21,12,6,178.0,1.7221428160707097,306.54142126058633,199
5,2025-12-21,13,6,176.0,1.8727647352647354,329.60659340659345,214
5,2025-12-21,14,6,179.0,1.9484655329412055,348.7753303964758,227
5,2025-12-21,15,6,180.0,1.7672355525515377,318.1023994592768,207
5,2025-12-21,16,6,180.0,1.6952328590444221,305.14191462799596,199
5,2025-12-21,17,6,180.0,1.8018399240531118,324.3311863295601,211
5,2025-12-21,18,6,180.0,1.5848285056253233,285.2691310125582,186
5,2025-12-21,19,6,180.0,1.3895238095238094,250.1142857142857,163
5,2025-12-21,20,6,189.0,1.1298025526344495,213.53268244791096,139
5,2025-12-21,21,6,196.0,0.9130335468482506,178.95457518225712,116
5,2025-12-21,22,6,192.0,0.683476317496936,131.22745295941172,85
5,2025-12-21,23,6,194.0,0.536529324161407,104.08668888731296,68
5,2025-12-22,0,0,139.0,0.2347015970860185,32.623521994956576,21
5,2025-12-22,1,0,6.0,0.3246124031007752,1.9476744186046513,1
5,2025-12-22,2,0,0.0,3.0846612264730684,0.0,0
5,2025-12-22,3,0,0.0,3.0846612264730684,0.0,0
5,2025-12-22,4,0,0.0,3.0846612264730684,0.0,0
5,2025-12-22,5,0,94.0,1.9648876404494382,184.6994382022472,120
5,2025-12-22,6,0,180.0,2.439153954871095,439.04771187679717,286
5,2025-12-22,7,0,182.0,4.3207968524125135,786.3850271390775,512
5,2025-12-22,8,0,180.0,5.267450279670239,948.141050340643,617
5,2025-12-22,9,0,180.0,3.931609756097561,707.6897560975609,460
5,2025-12-22,10,0,180.0,3.1639607014859594,569.5129262674727,371
5,2025-12-22,11,0,180.0,2.988874928714001,537.9974871685201,350
5,2025-12-22,12,0,180.0,3.0846612264730684,555.2390207651523,361
5,2025-12-22,13,0,179.0,3.2134059405940594,575.1996633663366,374
5,2025-12-22,14,0,180.0,3.186359413202934,573.5446943765281,373
5,2025-12-22,15,0,180.0,3.54848820876765,638.7278775781771,416
5,2025-12-22,16,0,180.0,3.7658040256580403,677.8447246184472,441
5,2025-12-22,17,0,174.0,4.605890522875818,801.4249509803923,521
5,2025-12-22,18,0,180.0,4.52186756594254,813.9361618696572,530
5,2025-12-22,19,0,180.0,2.8085908817835925,505.54635872104666,329
5,2025-12-22,20,0,179.0,1.8321575543797766,327.95620223398,213
5,2025-12-22,21,0,195.0,1.1736637814724868,228.86443738713493,149
5,2025-12-22,22,0,177.0,0.6488621669052788,114.84860354223434,75
5,2025-12-22,23,0,175.0,0.42470443481517145,74.32327609265501,48
5,2025-12-23,0,1,139.0,0.19365513054037642,26.91806314511232,18
5,2025-12-23,1,1,6.0,0.751082251082251,4.506493506493506,3
5,2025-12-23,2,1,0.0,3.369151589242054,0.0,0
5,2025-12-23,3,1,0.0,3.369151589242054,0.0,0
5,2025-12-23,4,1,0.0,3.369151589242054,0.0,0
5,2025-12-23,5,1,94.0,2.0518102372034956,192.8701622971286,125
5,2025-12-23,6,1,180.0,2.5636970612602954,461.46547102685315,300
5,2025-12-23,7,1,182.0,4.523750102282955,823.3225186154979,536
5,2025-12-23,8,1,180.0,5.528561931820588,995.1411477277057,647
5,2025-12-23,9,1,180.0,4.102731707317073,738.4917073170731,480
5,2025-12-23,10,1,180.0,3.374957383646962,607.4923290564532,395
5,2025-12-23,11,1,180.0,3.2480240412033075,584.6443274165954,380
5,2025-12-23,12,1,180.0,3.400752194894221,612.1353950809598,398
5,2025-12-23,13,1,179.0,3.416990099009901,611.6412277227722,398
5,2025-12-23,14,1,180.0,3.369151589242054,606.4472860635697,395
5,2025-12-23,15,1,180.0,3.7396392400384415,673.1350632069194,438
5,2025-12-23,16,1,180.0,3.9329425643294256,707.9296615792966,461
5,2025-12-23,17,1,174.0,4.799983660130719,835.1971568627451,543
5,2025-12-23,18,1,180.0,4.780870127833111,860.55662300996,560
5,2025-12-23,19,1,180.0,2.9443342519572413,529.9801653523034,345
5,2025-12-23,20,1,179.0,1.9901528512639624,356.2373603762493,232
5,2025-12-23,21,1,195.0,1.3368495340100046,260.6856591319509,170
5,2025-12-23,22,1,177.0,0.735131967856648,130.1183583106267,85
5,2025-12-23,23,1,175.0,0.4625260792810143,80.9420638741775,53
5,2025-12-24,0,2,139.0,0.20021250758955678,27.829538554948392,18
5,2025-12-24,1,2,6.0,0.9047619047619048,5.428571428571429,4
5,2025-12-24,2,2,0.0,3.3025786136557436,0.0,0
5,2025-12-24,3,2,0.0,3.3025786136557436,0.0,0
5,2025-12-24,4,2,0.0,3.3025786136557436,0.0,0
5,2025-12-24,5,2,94.0,2.0290262172284645,190.72846441947567,124
5,2025-12-24,6,2,180.0,2.454343129132349,441.7817632438228,287
5,2025-12-24,7,2,182.0,4.2789153915391545,778.7626012601261,507
5,2025-12-24,8,2,180.0,5.313997061451237,956.5194710612226,622
5,2025-12-24,9,2,180.0,4.019089430894309,723.4360975609756,471
5,2025-12-24,10,2,180.0,3.363405233703922,605.412942066706,394
5,2025-12-24,11,2,180.0,3.18403371827773,573.1260692899914,373
5,2025-12-24,12,2,180.0,3.3025786136557436,594.4641504580338,387
5,2025-12-24,13,2,179.0,3.3683564356435642,602.935801980198,392
5,2025-12-24,14,2,180.0,3.348036674816626,602.6466014669927,392
5,2025-12-24,15,2,180.0,3.75923708139277,676.6626746506986,440
5,2025-12-24,16,2,180.0,3.9027943670279432,702.5029860650297,457
5,2025-12-24,17,2,174.0,4.804264705882353,835.9420588235295,544
5,2025-12-24,18,2,180.0,4.549427495882676,818.8969492588817,533
5,2025-12-24,19,2,180.0,2.887037867012501,519.6668160622502,338
5,2025-12-24,20,2,179.0,1.8953556731334509,339.2686654908877,221
5,2025-12-24,21,2,195.0,1.2943915146231606,252.4063453515163,164
5,2025-12-24,22,2,177.0,0.7726671823765761,136.76209128065395,89
5,2025-12-24,23,2,175.0,0.5083587439148345,88.96278018509604,58
5,2025-12-25,0,3,139.0,0.2222019834041692,30.886075693179517,20
5,2025-12-25,1,3,6.0,0.751082251082251,4.506493506493506,3
5,2025-12-25,2,3,0.0,3.2982174076667663,0.0,0
5,2025-12-25,3,3,0.0,3.2982174076667663,0.0,0
5,2025-12-25,4,3,0.0,3.2982174076667663,0.0,0
5,2025-12-25,5,3,94.0,1.9900124843945068,187.06117353308363,122
5,2025-12-25,6,3,180.0,2.5200789512159463,453.6142112188703,295
5,2025-12-25,7,3,182.0,4.420168153178954,804.4706038785697,523
5,2025-12-25,8,3,180.0,5.31736961777695,957.126531199851,623
5,2025-12-25,9,3,180.0,3.9974227642276423,719.5360975609756,468
5,2025-12-25,10,3,180.0,3.318514622606208,597.3326320691174,389
5,2025-12-25,11,3,180.0,3.1452830945252352,566.1509570145423,368
5,2025-12-25,12,3,180.0,3.2982174076667663,593.6791333800179,386
5,2025-12-25,13,3,179.0,3.3201386138613858,594.304811881188,387
5,2025-12-25,14,3,180.0,3.345924205378973,602.2663569682152,392
5,2025-12-25,15,3,180.0,3.654335772898647,657.7804391217564,428
5,2025-12-25,16,3,180.0,3.983270662832707,716.9887193098873,466
5,2025-12-25,17,3,174.0,4.709955065359477,819.532181372549,533
5,2025-12-25,18,3,180.0,4.749362795074896,854.8853031134813,556
5,2025-12-25,19,3,180.0,2.890330927110848,520.2595668799527,338
5,2025-12-25,20,3,179.0,1.9360670194003529,346.55599647266314,225
5,2025-12-25,21,3,195.0,1.3734188513190944,267.8166760072234,174
5,2025-12-25,22,3,177.0,0.737256384796564,130.49438010899183,85
5,2025-12-25,23,3,175.0,0.5255844433745251,91.9772775905419,60
5,2025-12-26,0,4,139.0,0.22548067192875937,31.341813398097553,20
5,2025-12-26,1,4,6.0,0.9177489177489178,5.5064935064935066,4
5,2025-12-26,2,4,0.0,3.1981238416025093,0.0,0
5,2025-12-26,3,4,0.0,3.1981238416025093,0.0,0
5,2025-12-26,4,4,0.0,3.1981238416025093,0.0,0
5,2025-12-26,5,4,94.0,1.973470661672909,185.50624219725344,121
5,2025-12-26,6,4,180.0,2.330392969118053,419.4707344412496,273
5,2025-12-26,7,4,182.0,4.224299702697543,768.8225458909528,500
5,2025-12-26,8,4,180.0,5.115638668591826,920.8149603465287,599
5,2025-12-26,9,4,180.0,3.8731138211382117,697.1604878048781,454
5,2025-12-26,10,4,180.0,3.133006677254925,563.9412019058865,367
5,2025-12-26,11,4,180.0,3.1981238416025093,575.6622914884517,375
5,2025-12-26,12,4,180.0,3.3042054316188625,594.7569776913953,387
5,2025-12-26,13,4,179.0,3.45,617.5500000000001,402
5,2025-12-26,14,4,180.0,3.431484107579462,617.6671393643031,402
5,2025-12-26,15,4,180.0,3.8963184741627854,701.3373253493014,456
5,2025-12-26,16,4,180.0,4.558298311582983,820.4936960849369,534
5,2025-12-26,17,4,174.0,4.485714869281045,780.5143872549019,508
5,2025-12-26,18,4,180.0,3.4701199905889735,624.6215983060152,406
5,2025-12-26,19,4,180.0,2.4317643618424607,437.7175851316429,285
5,2025-12-26,20,4,179.0,1.7354497354497354,310.64550264550263,202
5,2025-12-26,21,4,195.0,1.1825207049006787,230.59153745563236,150
5,2025-12-26,22,4,177.0,0.7875005772872119,139.3876021798365,91
5,2025-12-26,23,4,175.0,0.5875461402664099,102.82057454662174,67
5,2025-12-27,0,5,161.0,0.33677393240234765,54.22060311677797,35
5,2025-12-27,1,5,6.0,0.9632034632034632,5.779220779220779,4
5,2025-12-27,2,5,0.0,1.7221098752949109,0.0,0
5,2025-12-27,3,5,0.0,1.7221098752949109,0.0,0
5,2025-12-27,4,5,0.0,1.7221098752949109,0.0,0
5,2025-12-27,5,5,104.0,0.8255302120848339,85.85514205682273,56
5,2025-12-27,6,5,180.0,1.2692499853053547,228.46499735496386,149
5,2025-12-27,7,5,178.0,1.756610878661088,312.6767364016736,203
5,2025-12-27,8,5,170.0,1.7221098752949109,292.7586788001349,190
5,2025-12-27,9,5,180.0,1.4925681289464938,268.6622632103689,175
5,2025-12-27,10,5,180.0,1.5367382773857416,276.6128899294335,180
5,2025-12-27,11,5,180.0,1.7960917054518672,323.2965069813361,210
5,2025-12-27,12,5,178.0,1.9984330975792077,355.721091369099,231
5,2025-12-27,13,5,176.0,2.0813166000666,366.3117216117216,238
5,2025-12-27,14,5,179.0,2.1352574672474756,382.21108663729814,249
5,2025-12-27,15,5,180.0,2.0198426109206777,363.571669965722,237
5,2025-12-27,16,5,180.0,1.9901180623878696,358.2212512298165,233
5,2025-12-27,17,5,180.0,1.9069906045525564,343.2583088194602,223
5,2025-12-27,18,5,180.0,1.8227585234434756,328.09653421982557,213
5,2025-12-27,19,5,180.0,1.7451984126984126,314.13571428571424,204
5,2025-12-27,20,5,189.0,1.3027053561688666,246.2113123159158,160
5,2025-12-27,21,5,196.0,1.0734342239406005,210.3931078923577,137
5,2025-12-27,22,5,192.0,0.7707206882464614,147.9783721433206,96
5,2025-12-27,23,5,194.0,0.6678817105169846,129.56905184029503,84
5,2025-12-28,0,6,161.0,0.37374614738021855,60.17312972821519,39
5,2025-12-28,1,6,3.0,0.5193798449612403,1.558139534883721,1
5,2025-12-28,2,6,0.0,1.1581388327154252,0.0,0
5,2025-12-28,3,6,0.0,1.1581388327154252,0.0,0
5,2025-12-28,4,6,0.0,1.1581388327154252,0.0,0
5,2025-12-28,5,6,104.0,0.5826330532212886,60.59383753501401,39
5,2025-12-28,6,6,180.0,0.8952859577969787,161.15147240345618,105
5,2025-12-28,7,6,178.0,1.1056987447698745,196.81437656903768,128
5,2025-12-28,8,6,170.0,1.1581388327154252,196.88360156162227,128
5,2025-12-28,9,6,180.0,1.0844009637753407,195.19217347956132,127
5,2025-12-28,10,6,180.0,1.210912253511838,217.96420563213084,142
5,2025-12-28,11,6,180.0,1.5383346653503205,276.9002397630577,180
5,2025-12-28,12,6,178.0,1.7258043980055366,307.19318284498553,200
5,2025-12-28,13,6,176.0,1.874050949050949,329.832967032967,215
5,2025-12-28,14,6,179.0,1.9520996890868672,349.42584434654924,227
5,2025-12-28,15,6,180.0,1.7697178905357345,318.5492202964322,207
5,2025-12-28,16,6,180.0,1.6979177862475507,305.62520152455915,199
5,2025-12-28,17,6,180.0,1.810786246120706,325.9415243017271,212
5,2025-12-28,18,6,180.0,1.596916647794523,287.44499660301415,187
5,2025-12-28,19,6,180.0,1.4016666666666666,252.29999999999998,164
5,2025-12-28,20,6,189.0,1.137722264644922,215.02950801789027,140
5,2025-12-28,21,6,196.0,0.9191192028776425,180.14736376401794,117
5,2025-12-28,22,6,192.0,0.6915747482757792,132.78235166894962,86
5,2025-12-28,23,6,194.0,0.536529324161407,104.08668888731296,68
5,2025-12-29,0,0,139.0,0.2347015970860185,32.623521994956576,21
5,2025-12-29,1,0,6.0,0.3246124031007752,1.9476744186046513,1
5,2025-12-29,2,0,0.0,3.105033370014148,0.0,0
5,2025-12-29,3,0,0.0,3.105033370014148,0.0,0
5,2025-12-29,4,0,0.0,3.105033370014148,0.0,0
5,2025-12-29,5,0,94.0,1.970505617977528,185.22752808988764,121
5,2025-12-29,6,0,180.0,2.452994785320922,441.53906135776595,287
5,2025-12-29,7,0,182.0,4.348703052123394,791.4639554864577,515
5,2025-12-29,8,0,180.0,5.320445778694252,957.6802401649653,623
5,2025-12-29,9,0,180.0,3.965609756097561,713.809756097561,464
5,2025-12-29,10,0,180.0,3.181749390897979,572.7148903616362,373
5,2025-12-29,11,0,180.0,3.0048964570858283,540.8813622754491,352
5,2025-12-29,12,0,180.0,3.105033370014148,558.9060066025467,364
5,2025-12-29,13,0,179.0,3.2289801980198023,577.9874554455446,376
5,2025-12-29,14,0,180.0,3.19980195599022,575.9643520782396,375
5,2025-12-29,15,0,180.0,3.5727286168403936,643.0911510312708,418
5,2025-12-29,16,0,180.0,3.7946619479466195,683.0391506303915,444
5,2025-12-29,17,0,174.0,4.66234068627451,811.2472794117647,528
5,2025-12-29,18,0,180.0,4.5937148720361805,826.8686769665125,538
5,2025-12-29,19,0,180.0,2.8425561266493116,511.66010279687606,333
5,2025-12-29,20,0,179.0,1.8572898295120517,332.45487948265725,216
5,2025-12-29,21,0,195.0,1.1886315046599,231.78314340868053,151
5,2025-12-29,22,0,177.0,0.656580496928832,116.21474795640327,76
5,2025-12-29,23,0,175.0,0.43326378858396186,75.82116300219333,49
5,2025-12-30,0,1,139.0,0.19037644201578627,26.46232544019429,17
5,2025-12-30,1,1,6.0,0.7445887445887446,4.467532467532467,3
5,2025-12-30,2,1,0.0,3.318254278728606,0.0,0
5,2025-12-30,3,1,0.0,3.318254278728606,0.0,0
5,2025-12-30,4,1,0.0,3.318254278728606,0.0,0
5,2025-12-30,5,1,94.0,2.015449438202247,189.45224719101122,123
5,2025-12-30,6,1,180.0,2.52415647286255,454.348165115259,296
5,2025-12-30,7,1,182.0,4.459591413686823,811.6456372910018,528
5,2025-12-30,8,1,180.0,5.437551604557715,978.7592888203887,637
5,2025-12-30,9,1,180.0,4.040934959349594,727.3682926829268,473
5,2025-12-30,10,1,180.0,3.330669638031249,599.5205348456249,390
5,2025-12-30,11,1,180.0,3.2027373823781007,576.4927288280581,375
5,2025-12-30,12,1,180.0,3.3595505885603494,604.7191059408628,393
5,2025-12-30,13,1,179.0,3.367861386138614,602.8471881188119,392
5,2025-12-30,14,1,180.0,3.318254278728606,597.2857701711491,389
5,2025-12-30,15,1,180.0,3.6943816071560582,664.9886892880904,433
5,2025-12-30,16,1,180.0,3.886942416869424,699.6496350364963,455
5,2025-12-30,17,1,174.0,4.73546977124183,823.9717401960784,536
5,2025-12-30,18,1,180.0,4.6915013201578954,844.4702376284212,549
5,2025-12-30,19,1,180.0,2.9186096039109857,525.3497287039775,342
5,2025-12-30,20,1,179.0,1.9729570840681951,353.15931804820696,230
5,2025-12-30,21,1,195.0,1.3267160678331984,258.70963322747366,168
5,2025-12-30,22,1,177.0,0.7275637325081974,128.77878065395095,84
5,2025-12-30,23,1,175.0,0.4570026213020917,79.97545872786604,52
5,2025-12-31,0,2,139.0,0.27099777373001416,37.668690548471965,25
5,2025-12-31,1,2,6.0,0.5909090909090909,3.545454545454546,2
5,2025-12-31,2,2,0.0,0.9444444444444444,0.0,0
5,2025-12-31,3,2,0.0,0.9444444444444444,0.0,0
5,2025-12-31,4,2,0.0,0.9444444444444444,0.0,0
5,2025-12-31,5,2,94.0,0.477059925093633,44.8436329588015,29
5,2025-12-31,6,2,180.0,0.5642006595513102,101.55611871923583,66
5,2025-12-31,7,2,182.0,0.6398821700351853,116.45855494640372,76
5,2025-12-31,8,2,180.0,0.8057826744181122,145.04088139526021,94
5,2025-12-31,9,2,180.0,0.932,167.76000000000002,109
5,2025-12-31,10,2,180.0,1.0956165442919032,197.2109779725426,128
5,2025-12-31,11,2,180.0,1.395189531650984,251.1341156971771,163
5,2025-12-31,12,2,180.0,1.5955559048966506,287.2000628813971,187
5,2025-12-31,13,2,179.0,1.7900792079207921,320.4241782178218,208
5,2025-12-31,14,2,180.0,1.861288508557457,335.03193154034227,218
5,2025-12-31,15,2,180.0,1.7238264212316108,310.28875582168996,202
5,2025-12-31,16,2,180.0,1.6382584973825849,294.88652952886525,192
5,2025-12-31,17,2,174.0,1.5776348039215686,274.50845588235296,179
5,2025-12-31,18,2,180.0,1.246379368938384,224.3482864089091,146
5,2025-12-31,19,2,180.0,1.072154888255282,192.98787988595078,126
5,2025-12-31,20,2,179.0,0.9444444444444444,169.05555555555554,110
5,2025-12-31,21,2,195.0,0.7930319447039043,154.64122921726133,101
5,2025-12-31,22,2,177.0,0.5482005957604027,97.03150544959128,63
5,2025-12-31,23,2,175.0,0.38220189375702135,66.88533140747873,44
