origin,model,score,days,applicable
2025-07-01,v8_rounded,0.8125934583787979,61,True
2025-07-01,01_level_down3,0.8301096619252537,61,True
2025-07-01,02_level_up3,0.7911550144710204,61,True
2025-07-01,03_month_tilt,0.8104890121243277,61,True
2025-07-01,04_weekends_up6,0.816016655680224,61,True
2025-07-01,05_weekly_shape,0.8092241146449864,61,True
2025-08-01,v8_rounded,0.8882704870824096,61,True
2025-08-01,01_level_down3,0.8858226074042447,61,True
2025-08-01,02_level_up3,0.8842128561729518,61,True
2025-08-01,03_month_tilt,0.8849118638508646,61,True
2025-08-01,04_weekends_up6,0.8895325236690772,61,True
2025-08-01,05_weekly_shape,0.8694296598322644,61,True
2025-09-01,v8_rounded,0.9057263874555146,61,True
2025-09-01,01_level_down3,0.9056739353016403,61,True
2025-09-01,02_level_up3,0.8988592322964768,61,True
2025-09-01,03_month_tilt,0.8986013621408822,61,True
2025-09-01,04_weekends_up6,0.9060464318383477,61,True
2025-09-01,05_weekly_shape,0.892708060798397,61,True
2025-10-01,v8_rounded,0.9121769780076155,31,True
2025-10-01,01_level_down3,0.9048576864972339,31,True
2025-10-01,02_level_up3,0.9125903408116532,31,True
2025-10-01,03_month_tilt,0.9121769780076155,31,False
2025-10-01,04_weekends_up6,0.9115022173410464,31,True
2025-10-01,05_weekly_shape,0.9067728382949231,31,True
