district_id,district_name,latitude,longitude,grid_latitude,grid_longitude,weather_cell,model,source_sha256,fetched_at
академический_район,Академический район,55.6875120675,37.58419256083334,55.641476,37.60649,"55.64148,37.60649",ecmwf_ifs,57414c1880a7a6cdb02bed87d7866fe3c5efec3ed0f4bf57b329d0ae3e283f5a,2026-09-25T13:50:00.394530+00:00
алексеевский_район,Алексеевский район,55.81284748769231,37.65098912076923,55.85237,37.65306,"55.85237,37.65306",ecmwf_ifs,57414c1880a7a6cdb02bed87d7866fe3c5efec3ed0f4bf57b329d0ae3e283f5a,2026-09-25T13:50:00.394530+00:00
алтуфьевский_район,Алтуфьевский район,55.88084908378379,37.589598966216215,55.92267,37.546013,"55.92267,37.54601",ecmwf_ifs,57414c1880a7a6cdb02bed87d7866fe3c5efec3ed0f4bf57b329d0ae3e283f5a,2026-09-25T13:50:00.394530+00:00
бабушкинский_район,Бабушкинский район,55.869378829702974,37.66510235115511,55.85237,37.65306,"55.85237,37.65306",ecmwf_ifs,57414c1880a7a6cdb02bed87d7866fe3c5efec3ed0f4bf57b329d0ae3e283f5a,2026-09-25T13:50:00.394530+00:00
басманный_район,Басманный район,55.76489737967332,37.66324997749546,55.711773,37.682926,"55.71177,37.68293",ecmwf_ifs,57414c1880a7a6cdb02bed87d7866fe3c5efec3ed0f4bf57b329d0ae3e283f5a,2026-09-25T13:50:00.394530+00:00
бескудниковский_район,Бескудниковский район,55.8674572424,37.5528571236,55.92267,37.546013,"55.92267,37.54601",ecmwf_ifs,57414c1880a7a6cdb02bed87d7866fe3c5efec3ed0f4bf57b329d0ae3e283f5a,2026-09-25T13:50:00.394530+00:00
бутырский_район,Бутырский район,55.80830066141732,37.588577133858266,55.782074,37.576374,"55.78207,37.57637",ecmwf_ifs,57414c1880a7a6cdb02bed87d7866fe3c5efec3ed0f4bf57b329d0ae3e283f5a,2026-09-25T13:50:00.394530+00:00
войковский_район,Войковский район,55.82757972512315,37.5007435,55.85237,37.469387,"55.85237,37.46939",ecmwf_ifs,09a797d5d441eddf45fc21a74802e9d166c5442cc73d3cb56ed97a3eae897dda,2026-09-25T13:50:00.927924+00:00
гагаринский_район,Гагаринский район,55.69102535137615,37.55206291559633,55.711773,37.5,"55.71177,37.50000",ecmwf_ifs,09a797d5d441eddf45fc21a74802e9d166c5442cc73d3cb56ed97a3eae897dda,2026-09-25T13:50:00.927924+00:00
головинский_район,Головинский район,55.84917523900415,37.50333989460581,55.85237,37.469387,"55.85237,37.46939",ecmwf_ifs,09a797d5d441eddf45fc21a74802e9d166c5442cc73d3cb56ed97a3eae897dda,2026-09-25T13:50:00.927924+00:00
даниловский_район,Даниловский район,55.71645731185185,37.630147548518515,55.711773,37.682926,"55.71177,37.68293",ecmwf_ifs,09a797d5d441eddf45fc21a74802e9d166c5442cc73d3cb56ed97a3eae897dda,2026-09-25T13:50:00.927924+00:00
дмитровский_район,Дмитровский район,55.88594017918781,37.52934467766497,55.92267,37.546013,"55.92267,37.54601",ecmwf_ifs,09a797d5d441eddf45fc21a74802e9d166c5442cc73d3cb56ed97a3eae897dda,2026-09-25T13:50:00.927924+00:00
донской_район,Донской район,55.71001005283688,37.60505926985816,55.641476,37.60649,"55.64148,37.60649",ecmwf_ifs,09a797d5d441eddf45fc21a74802e9d166c5442cc73d3cb56ed97a3eae897dda,2026-09-25T13:50:00.927924+00:00
красносельский_район,Красносельский район,55.773473771115974,37.6489343107221,55.711773,37.682926,"55.71177,37.68293",ecmwf_ifs,09a797d5d441eddf45fc21a74802e9d166c5442cc73d3cb56ed97a3eae897dda,2026-09-25T13:50:00.927924+00:00
ломоносовский_район,Ломоносовский район,55.67760756592179,37.53952806424581,55.711773,37.5,"55.71177,37.50000",ecmwf_ifs,0bed7c4edac04148a0c056f2837c95527f44dde630f92cc57e7c68d953eb6977,2026-09-25T13:50:03.018104+00:00
лосиноостровский_район,Лосиноостровский район,55.878132956097566,37.682376292682925,55.85237,37.65306,"55.85237,37.65306",ecmwf_ifs,0bed7c4edac04148a0c056f2837c95527f44dde630f92cc57e7c68d953eb6977,2026-09-25T13:50:03.018104+00:00
мещанский_район,Мещанский район,55.7771950596838,37.6272719958498,55.782074,37.576374,"55.78207,37.57637",ecmwf_ifs,0bed7c4edac04148a0c056f2837c95527f44dde630f92cc57e7c68d953eb6977,2026-09-25T13:50:03.018104+00:00
можайский_район,Можайский район,55.70281719291882,37.38056767443869,55.711773,37.317074,"55.71177,37.31707",ecmwf_ifs,0bed7c4edac04148a0c056f2837c95527f44dde630f92cc57e7c68d953eb6977,2026-09-25T13:50:03.018104+00:00
молжаниновский_район,Молжаниновский район,55.944822355431754,37.38352623983287,55.92267,37.361965,"55.92267,37.36196",ecmwf_ifs,0bed7c4edac04148a0c056f2837c95527f44dde630f92cc57e7c68d953eb6977,2026-09-25T13:50:03.018104+00:00
нагорный_район,Нагорный район,55.67441468967392,37.61147718043478,55.641476,37.60649,"55.64148,37.60649",ecmwf_ifs,0bed7c4edac04148a0c056f2837c95527f44dde630f92cc57e7c68d953eb6977,2026-09-25T13:50:03.018104+00:00
нижегородский_район,Нижегородский район,55.73443889722222,37.72083349490741,55.711773,37.682926,"55.71177,37.68293",ecmwf_ifs,0bed7c4edac04148a0c056f2837c95527f44dde630f92cc57e7c68d953eb6977,2026-09-25T13:50:03.018104+00:00
ново_переделкино,Ново-Переделкино,55.648305434218294,37.36022381946903,55.641476,37.423935,"55.64148,37.42394",ecmwf_ifs,9ea5b0a327cd08065c1bc4754de33f1a7ed6e940f59856efe3914b9e81a52d7c,2026-09-25T13:50:04.939459+00:00
обручевский_район,Обручевский район,55.65813981181818,37.519698825,55.711773,37.5,"55.71177,37.50000",ecmwf_ifs,9ea5b0a327cd08065c1bc4754de33f1a7ed6e940f59856efe3914b9e81a52d7c,2026-09-25T13:50:04.939459+00:00
останкинский_район,Останкинский район,55.83690540454545,37.61478465588235,55.85237,37.65306,"55.85237,37.65306",ecmwf_ifs,9ea5b0a327cd08065c1bc4754de33f1a7ed6e940f59856efe3914b9e81a52d7c,2026-09-25T13:50:04.939459+00:00
пресненский_район,Пресненский район,55.76219724911112,37.58142215955555,55.782074,37.576374,"55.78207,37.57637",ecmwf_ifs,9ea5b0a327cd08065c1bc4754de33f1a7ed6e940f59856efe3914b9e81a52d7c,2026-09-25T13:50:04.939459+00:00
район_арбат,район Арбат,55.75114428306709,37.594817481789136,55.782074,37.576374,"55.78207,37.57637",ecmwf_ifs,9ea5b0a327cd08065c1bc4754de33f1a7ed6e940f59856efe3914b9e81a52d7c,2026-09-25T13:50:04.939459+00:00
район_аэропорт,район Аэропорт,55.799762579393935,37.5521708230303,55.782074,37.576374,"55.78207,37.57637",ecmwf_ifs,9ea5b0a327cd08065c1bc4754de33f1a7ed6e940f59856efe3914b9e81a52d7c,2026-09-25T13:50:04.939459+00:00
район_беговой,район Беговой,55.781721368,37.565462878666665,55.782074,37.576374,"55.78207,37.57637",ecmwf_ifs,9ea5b0a327cd08065c1bc4754de33f1a7ed6e940f59856efe3914b9e81a52d7c,2026-09-25T13:50:04.939459+00:00
район_бибирево,район Бибирево,55.8897160039548,37.611187291525425,55.85237,37.65306,"55.85237,37.65306",ecmwf_ifs,5e680cf6a0a788da3658f905d8aae9bac4056eeed142bbe5114a2cf90052cd1b,2026-09-25T13:50:07.343140+00:00
район_бирюлево_восточное,район Бирюлёво Восточное,55.599734524756336,37.690321650877195,55.571175,37.71255,"55.57117,37.71255",ecmwf_ifs,5e680cf6a0a788da3658f905d8aae9bac4056eeed142bbe5114a2cf90052cd1b,2026-09-25T13:50:07.343140+00:00
район_бирюлево_западное,район Бирюлёво Западное,55.58727750347826,37.64268288608695,55.641476,37.60649,"55.64148,37.60649",ecmwf_ifs,5e680cf6a0a788da3658f905d8aae9bac4056eeed142bbe5114a2cf90052cd1b,2026-09-25T13:50:07.343140+00:00
район_богородское,район Богородское,55.81251315756458,37.70355000627306,55.782074,37.759674,"55.78207,37.75967",ecmwf_ifs,5e680cf6a0a788da3658f905d8aae9bac4056eeed142bbe5114a2cf90052cd1b,2026-09-25T13:50:07.343140+00:00
район_братеево,район Братеево,55.6271980914692,37.75731287535545,55.641476,37.789047,"55.64148,37.78905",ecmwf_ifs,5e680cf6a0a788da3658f905d8aae9bac4056eeed142bbe5114a2cf90052cd1b,2026-09-25T13:50:07.343140+00:00
район_вешняки,район Вешняки,55.72992082923077,37.81144208923077,55.711773,37.865856,"55.71177,37.86586",ecmwf_ifs,5e680cf6a0a788da3658f905d8aae9bac4056eeed142bbe5114a2cf90052cd1b,2026-09-25T13:50:07.343140+00:00
район_восточное_дегунино,район Восточное Дегунино,55.87362500854272,37.560133442211054,55.92267,37.546013,"55.92267,37.54601",ecmwf_ifs,5e680cf6a0a788da3658f905d8aae9bac4056eeed142bbe5114a2cf90052cd1b,2026-09-25T13:50:07.343140+00:00
район_восточное_измайлово,район Восточное Измайлово,55.79486483373494,37.816054506024095,55.782074,37.759674,"55.78207,37.75967",ecmwf_ifs,7349095020f0ecb34a4e01d188c2587df20c6910e2215f0c45cdade562b3f6f1,2026-09-25T13:50:08.927903+00:00
район_восточный,район Восточный,55.85882458471338,37.85712926751592,55.85237,37.836735,"55.85237,37.83673",ecmwf_ifs,7349095020f0ecb34a4e01d188c2587df20c6910e2215f0c45cdade562b3f6f1,2026-09-25T13:50:08.927903+00:00
район_выхино_жулебино,район Выхино-Жулебино,55.69393665259938,37.81221894862386,55.711773,37.865856,"55.71177,37.86586",ecmwf_ifs,7349095020f0ecb34a4e01d188c2587df20c6910e2215f0c45cdade562b3f6f1,2026-09-25T13:50:08.927903+00:00
район_гольяново,район Гольяново,55.82085867692308,37.7874826852071,55.782074,37.759674,"55.78207,37.75967",ecmwf_ifs,7349095020f0ecb34a4e01d188c2587df20c6910e2215f0c45cdade562b3f6f1,2026-09-25T13:50:08.927903+00:00
район_дорогомилово,район Дорогомилово,55.738949741414146,37.53330339292929,55.711773,37.5,"55.71177,37.50000",ecmwf_ifs,7349095020f0ecb34a4e01d188c2587df20c6910e2215f0c45cdade562b3f6f1,2026-09-25T13:50:08.927903+00:00
район_замоскворечье,район Замоскворечье,55.73267092944984,37.62935325987055,55.711773,37.682926,"55.71177,37.68293",ecmwf_ifs,7349095020f0ecb34a4e01d188c2587df20c6910e2215f0c45cdade562b3f6f1,2026-09-25T13:50:08.927903+00:00
район_западное_дегунино,район Западное Дегунино,55.87600308414634,37.519910635365854,55.92267,37.546013,"55.92267,37.54601",ecmwf_ifs,7349095020f0ecb34a4e01d188c2587df20c6910e2215f0c45cdade562b3f6f1,2026-09-25T13:50:08.927903+00:00
район_зюзино,район Зюзино,55.65787439204546,37.592502142045454,55.641476,37.60649,"55.64148,37.60649",ecmwf_ifs,7e07386b4c3da31b7733a7c624225246a3cda45fd8cb49dbfb2cc8494f42d16b,2026-09-25T13:51:07.854019+00:00
район_зябликово,район Зябликово,55.623866477184464,37.741343090776695,55.641476,37.789047,"55.64148,37.78905",ecmwf_ifs,7e07386b4c3da31b7733a7c624225246a3cda45fd8cb49dbfb2cc8494f42d16b,2026-09-25T13:51:07.854019+00:00
район_ивановское,район Ивановское,55.769121764482755,37.82232007068965,55.782074,37.759674,"55.78207,37.75967",ecmwf_ifs,7e07386b4c3da31b7733a7c624225246a3cda45fd8cb49dbfb2cc8494f42d16b,2026-09-25T13:51:07.854019+00:00
район_измайлово,район Измайлово,55.787413450495045,37.77643295247525,55.782074,37.759674,"55.78207,37.75967",ecmwf_ifs,7e07386b4c3da31b7733a7c624225246a3cda45fd8cb49dbfb2cc8494f42d16b,2026-09-25T13:51:07.854019+00:00
район_капотня,район Капотня,55.645933521969695,37.81845643939394,55.641476,37.789047,"55.64148,37.78905",ecmwf_ifs,7e07386b4c3da31b7733a7c624225246a3cda45fd8cb49dbfb2cc8494f42d16b,2026-09-25T13:51:07.854019+00:00
район_коньково,район Коньково,55.64147918178294,37.52282342441861,55.711773,37.5,"55.71177,37.50000",ecmwf_ifs,7e07386b4c3da31b7733a7c624225246a3cda45fd8cb49dbfb2cc8494f42d16b,2026-09-25T13:51:07.854019+00:00
район_коптево,район Коптево,55.82908955095786,37.52374927969348,55.85237,37.469387,"55.85237,37.46939",ecmwf_ifs,7e07386b4c3da31b7733a7c624225246a3cda45fd8cb49dbfb2cc8494f42d16b,2026-09-25T13:51:07.854019+00:00
район_косино_ухтомский,район Косино-Ухтомский,55.7201704907489,37.903435495594714,55.711773,37.865856,"55.71177,37.86586",ecmwf_ifs,2dda8d0f00dd72126d36432a4c6c1ed4aae2fdfa2267c95b4d5578d0c9df7ba2,2026-09-25T13:51:37.625234+00:00
район_котловка,район Котловка,55.678054439719624,37.59954303691589,55.641476,37.60649,"55.64148,37.60649",ecmwf_ifs,2dda8d0f00dd72126d36432a4c6c1ed4aae2fdfa2267c95b4d5578d0c9df7ba2,2026-09-25T13:51:37.625234+00:00
район_крылатское,район Крылатское,55.76462264351852,37.414593339814814,55.782074,37.393078,"55.78207,37.39308",ecmwf_ifs,2dda8d0f00dd72126d36432a4c6c1ed4aae2fdfa2267c95b4d5578d0c9df7ba2,2026-09-25T13:51:37.625234+00:00
район_кузьминки,район Кузьминки,55.69948833493976,37.776756574698794,55.641476,37.789047,"55.64148,37.78905",ecmwf_ifs,2dda8d0f00dd72126d36432a4c6c1ed4aae2fdfa2267c95b4d5578d0c9df7ba2,2026-09-25T13:51:37.625234+00:00
район_кунцево,район Кунцево,55.74809438109219,37.11528794139753,55.711773,37.134148,"55.71177,37.13415",ecmwf_ifs,2dda8d0f00dd72126d36432a4c6c1ed4aae2fdfa2267c95b4d5578d0c9df7ba2,2026-09-25T13:51:37.625234+00:00
район_куркино,район Куркино,55.89185786684782,37.379065212137675,55.92267,37.361965,"55.92267,37.36196",ecmwf_ifs,2dda8d0f00dd72126d36432a4c6c1ed4aae2fdfa2267c95b4d5578d0c9df7ba2,2026-09-25T13:51:37.625234+00:00
район_левобережный,район Левобережный,55.86726837044534,37.46785505668016,55.85237,37.469387,"55.85237,37.46939",ecmwf_ifs,2dda8d0f00dd72126d36432a4c6c1ed4aae2fdfa2267c95b4d5578d0c9df7ba2,2026-09-25T13:51:37.625234+00:00
район_лефортово,район Лефортово,55.75511585207548,37.70459869924528,55.711773,37.682926,"55.71177,37.68293",ecmwf_ifs,18e937d99e426e90decea068f073ee20a9f7870357bb14734d8da480d97d4761,2026-09-25T13:52:06.897933+00:00
район_лианозово,район Лианозово,55.902236091304346,37.56931559565217,55.92267,37.546013,"55.92267,37.54601",ecmwf_ifs,18e937d99e426e90decea068f073ee20a9f7870357bb14734d8da480d97d4761,2026-09-25T13:52:06.897933+00:00
район_люблино,район Люблино,55.66992219634832,37.77115096685393,55.641476,37.789047,"55.64148,37.78905",ecmwf_ifs,18e937d99e426e90decea068f073ee20a9f7870357bb14734d8da480d97d4761,2026-09-25T13:52:06.897933+00:00
район_марфино,район Марфино,55.83568734878049,37.59070084243903,55.782074,37.576374,"55.78207,37.57637",ecmwf_ifs,18e937d99e426e90decea068f073ee20a9f7870357bb14734d8da480d97d4761,2026-09-25T13:52:06.897933+00:00
район_марьина_роща,район Марьина Роща,55.79094951465201,37.60879975787546,55.782074,37.576374,"55.78207,37.57637",ecmwf_ifs,18e937d99e426e90decea068f073ee20a9f7870357bb14734d8da480d97d4761,2026-09-25T13:52:06.897933+00:00
район_марьино,район Марьино,55.659736530102045,37.74151300612245,55.641476,37.789047,"55.64148,37.78905",ecmwf_ifs,18e937d99e426e90decea068f073ee20a9f7870357bb14734d8da480d97d4761,2026-09-25T13:52:06.897933+00:00
район_метрогородок,район Метрогородок,55.843179946718145,37.72526503629344,55.782074,37.759674,"55.78207,37.75967",ecmwf_ifs,18e937d99e426e90decea068f073ee20a9f7870357bb14734d8da480d97d4761,2026-09-25T13:52:06.897933+00:00
район_митино,район Митино,55.85481476010309,37.360177677113406,55.92267,37.361965,"55.92267,37.36196",ecmwf_ifs,ffe59d7749687d2c4dd61cf2ffcdeb4fa46b142ef6405e3b68882ee941675247,2026-09-25T13:52:36.979365+00:00
район_москворечье_сабурово,район Москворечье-Сабурово,55.64069657703927,37.66123199577039,55.641476,37.60649,"55.64148,37.60649",ecmwf_ifs,ffe59d7749687d2c4dd61cf2ffcdeb4fa46b142ef6405e3b68882ee941675247,2026-09-25T13:52:36.979365+00:00
район_нагатино_садовники,район Нагатино-Садовники,55.66457697232143,37.64204218571428,55.641476,37.60649,"55.64148,37.60649",ecmwf_ifs,ffe59d7749687d2c4dd61cf2ffcdeb4fa46b142ef6405e3b68882ee941675247,2026-09-25T13:52:36.979365+00:00
район_нагатинский_затон,район Нагатинский Затон,55.669159436619715,37.672090412676056,55.711773,37.682926,"55.71177,37.68293",ecmwf_ifs,ffe59d7749687d2c4dd61cf2ffcdeb4fa46b142ef6405e3b68882ee941675247,2026-09-25T13:52:36.979365+00:00
район_некрасовка,район Некрасовка,55.69459958669528,37.94449860643777,55.641476,37.971603,"55.64148,37.97160",ecmwf_ifs,ffe59d7749687d2c4dd61cf2ffcdeb4fa46b142ef6405e3b68882ee941675247,2026-09-25T13:52:36.979365+00:00
район_новогиреево,район Новогиреево,55.74990356011236,37.80570139213483,55.782074,37.759674,"55.78207,37.75967",ecmwf_ifs,ffe59d7749687d2c4dd61cf2ffcdeb4fa46b142ef6405e3b68882ee941675247,2026-09-25T13:52:36.979365+00:00
район_новокосино,район Новокосино,55.74132202891566,37.8638153566265,55.711773,37.865856,"55.71177,37.86586",ecmwf_ifs,ffe59d7749687d2c4dd61cf2ffcdeb4fa46b142ef6405e3b68882ee941675247,2026-09-25T13:52:36.979365+00:00
район_орехово_борисово_северное,район Орехово-Борисово Северное,55.61732439654256,37.69907883164893,55.571175,37.71255,"55.57117,37.71255",ecmwf_ifs,6c40bc0f02ed82f245b8c8421ed9b0bfa689f9bcc420dacbedbfa65b720801b6,2026-09-25T13:53:07.258240+00:00
район_орехово_борисово_южное,район Орехово-Борисово Южное,55.603976627640456,37.71982540494382,55.571175,37.71255,"55.57117,37.71255",ecmwf_ifs,6c40bc0f02ed82f245b8c8421ed9b0bfa689f9bcc420dacbedbfa65b720801b6,2026-09-25T13:53:07.258240+00:00
район_отрадное,район Отрадное,55.86445836596491,37.61596110421053,55.85237,37.65306,"55.85237,37.65306",ecmwf_ifs,6c40bc0f02ed82f245b8c8421ed9b0bfa689f9bcc420dacbedbfa65b720801b6,2026-09-25T13:53:07.258240+00:00
район_очаково_матвеевское,район Очаково-Матвеевское,55.70691565612648,37.454757431225296,55.711773,37.5,"55.71177,37.50000",ecmwf_ifs,6c40bc0f02ed82f245b8c8421ed9b0bfa689f9bcc420dacbedbfa65b720801b6,2026-09-25T13:53:07.258240+00:00
район_перово,район Перово,55.75169434832536,37.77630240909091,55.782074,37.759674,"55.78207,37.75967",ecmwf_ifs,6c40bc0f02ed82f245b8c8421ed9b0bfa689f9bcc420dacbedbfa65b720801b6,2026-09-25T13:53:07.258240+00:00
район_печатники,район Печатники,55.69202926372549,37.70239627598039,55.711773,37.682926,"55.71177,37.68293",ecmwf_ifs,6c40bc0f02ed82f245b8c8421ed9b0bfa689f9bcc420dacbedbfa65b720801b6,2026-09-25T13:53:07.258240+00:00
район_покровское_стрешнево,район Покровское-Стрешнево,55.826024178037386,37.44874741588785,55.85237,37.469387,"55.85237,37.46939",ecmwf_ifs,6c40bc0f02ed82f245b8c8421ed9b0bfa689f9bcc420dacbedbfa65b720801b6,2026-09-25T13:53:07.258240+00:00
район_преображенское,район Преображенское,55.795238362974686,37.71763040379747,55.782074,37.759674,"55.78207,37.75967",ecmwf_ifs,c45fbd5d5b86541fa36481baeb446b485de0e38f60acb32c1fedcddfd4533b38,2026-09-25T13:53:37.112997+00:00
район_проспект_вернадского,район Проспект Вернадского,55.678713563607594,37.49401306297468,55.711773,37.5,"55.71177,37.50000",ecmwf_ifs,c45fbd5d5b86541fa36481baeb446b485de0e38f60acb32c1fedcddfd4533b38,2026-09-25T13:53:37.112997+00:00
район_раменки,район Раменки,55.69574824960318,37.501652463492064,55.711773,37.5,"55.71177,37.50000",ecmwf_ifs,c45fbd5d5b86541fa36481baeb446b485de0e38f60acb32c1fedcddfd4533b38,2026-09-25T13:53:37.112997+00:00
район_ростокино,район Ростокино,55.83370677267081,37.64974505714286,55.85237,37.65306,"55.85237,37.65306",ecmwf_ifs,c45fbd5d5b86541fa36481baeb446b485de0e38f60acb32c1fedcddfd4533b38,2026-09-25T13:53:37.112997+00:00
район_свиблово,район Свиблово,55.85581511011235,37.6432092511236,55.85237,37.65306,"55.85237,37.65306",ecmwf_ifs,c45fbd5d5b86541fa36481baeb446b485de0e38f60acb32c1fedcddfd4533b38,2026-09-25T13:53:37.112997+00:00
район_северное_бутово,район Северное Бутово,55.578015689208634,37.55385166834533,55.571175,37.530365,"55.57117,37.53037",ecmwf_ifs,c45fbd5d5b86541fa36481baeb446b485de0e38f60acb32c1fedcddfd4533b38,2026-09-25T13:53:37.112997+00:00
район_северное_измайлово,район Северное Измайлово,55.80605916573426,37.803005442657344,55.782074,37.759674,"55.78207,37.75967",ecmwf_ifs,c45fbd5d5b86541fa36481baeb446b485de0e38f60acb32c1fedcddfd4533b38,2026-09-25T13:53:37.112997+00:00
район_северное_медведково,район Северное Медведково,55.88594835462963,37.655448308796295,55.85237,37.65306,"55.85237,37.65306",ecmwf_ifs,6945dd7cd65dfd83f5ffdacf1be814fff791f9c2185aed7b09206379de874065,2026-09-25T13:54:08.129529+00:00
район_северное_тушино,район Северное Тушино,55.85537298757396,37.42227229112426,55.85237,37.469387,"55.85237,37.46939",ecmwf_ifs,6945dd7cd65dfd83f5ffdacf1be814fff791f9c2185aed7b09206379de874065,2026-09-25T13:54:08.129529+00:00
район_северный,район Северный,55.94221179432624,37.554864842553194,55.92267,37.546013,"55.92267,37.54601",ecmwf_ifs,6945dd7cd65dfd83f5ffdacf1be814fff791f9c2185aed7b09206379de874065,2026-09-25T13:54:08.129529+00:00
район_сокол,район Сокол,55.80221650245902,37.509539845901635,55.85237,37.469387,"55.85237,37.46939",ecmwf_ifs,6945dd7cd65dfd83f5ffdacf1be814fff791f9c2185aed7b09206379de874065,2026-09-25T13:54:08.129529+00:00
район_соколиная_гора,район Соколиная Гора,55.77973613951613,37.72106051814516,55.782074,37.759674,"55.78207,37.75967",ecmwf_ifs,6945dd7cd65dfd83f5ffdacf1be814fff791f9c2185aed7b09206379de874065,2026-09-25T13:54:08.129529+00:00
район_сокольники,район Сокольники,55.80377213891403,37.68637067963801,55.85237,37.65306,"55.85237,37.65306",ecmwf_ifs,6945dd7cd65dfd83f5ffdacf1be814fff791f9c2185aed7b09206379de874065,2026-09-25T13:54:08.129529+00:00
район_солнцево,район Солнцево,55.647418261038965,37.396484789177485,55.641476,37.423935,"55.64148,37.42394",ecmwf_ifs,6945dd7cd65dfd83f5ffdacf1be814fff791f9c2185aed7b09206379de874065,2026-09-25T13:54:08.129529+00:00
район_строгино,район Строгино,55.79635819798995,37.39238503015075,55.782074,37.393078,"55.78207,37.39308",ecmwf_ifs,4209a0ac06548435be9acd392485f2c04092c8bf355ca39d5e8c034a6c6a9982,2026-09-25T13:54:37.136563+00:00
район_текстильщики,район Текстильщики,55.7069148859375,37.74382091666667,55.711773,37.682926,"55.71177,37.68293",ecmwf_ifs,4209a0ac06548435be9acd392485f2c04092c8bf355ca39d5e8c034a6c6a9982,2026-09-25T13:54:37.136563+00:00
район_теплый_стан,район Тёплый Стан,55.63258374398148,37.493679899537035,55.641476,37.423935,"55.64148,37.42394",ecmwf_ifs,4209a0ac06548435be9acd392485f2c04092c8bf355ca39d5e8c034a6c6a9982,2026-09-25T13:54:37.136563+00:00
район_филевский_парк,район Филёвский Парк,55.7481213219697,37.47121649242424,55.711773,37.5,"55.71177,37.50000",ecmwf_ifs,4209a0ac06548435be9acd392485f2c04092c8bf355ca39d5e8c034a6c6a9982,2026-09-25T13:54:37.136563+00:00
район_фили_давыдково,район Фили-Давыдково,55.718317994626865,37.47254285253731,55.711773,37.5,"55.71177,37.50000",ecmwf_ifs,4209a0ac06548435be9acd392485f2c04092c8bf355ca39d5e8c034a6c6a9982,2026-09-25T13:54:37.136563+00:00
район_хамовники,район Хамовники,55.742334375,37.59003099423077,55.782074,37.576374,"55.78207,37.57637",ecmwf_ifs,4209a0ac06548435be9acd392485f2c04092c8bf355ca39d5e8c034a6c6a9982,2026-09-25T13:54:37.136563+00:00
район_ховрино,район Ховрино,55.865279731632654,37.4892935627551,55.85237,37.469387,"55.85237,37.46939",ecmwf_ifs,4209a0ac06548435be9acd392485f2c04092c8bf355ca39d5e8c034a6c6a9982,2026-09-25T13:54:37.136563+00:00
район_хорошево_мневники,район Хорошёво-Мнёвники,55.77731356688742,37.4747821102649,55.711773,37.5,"55.71177,37.50000",ecmwf_ifs,6e08c404f9c3fa98785de49ac52cd0e4b37e6ba82612d2fc23deafa9f9c29a4e,2026-09-25T13:55:07.026695+00:00
район_царицыно,район Царицыно,55.63420093857143,37.643444445238096,55.641476,37.60649,"55.64148,37.60649",ecmwf_ifs,6e08c404f9c3fa98785de49ac52cd0e4b37e6ba82612d2fc23deafa9f9c29a4e,2026-09-25T13:55:07.026695+00:00
район_черемушки,район Черёмушки,55.66916629906542,37.55603807850467,55.641476,37.60649,"55.64148,37.60649",ecmwf_ifs,6e08c404f9c3fa98785de49ac52cd0e4b37e6ba82612d2fc23deafa9f9c29a4e,2026-09-25T13:55:07.026695+00:00
район_чертаново_северное,район Чертаново Северное,55.63104837697368,37.59436533355263,55.641476,37.60649,"55.64148,37.60649",ecmwf_ifs,6e08c404f9c3fa98785de49ac52cd0e4b37e6ba82612d2fc23deafa9f9c29a4e,2026-09-25T13:55:07.026695+00:00
район_чертаново_центральное,район Чертаново Центральное,55.61466340714286,37.593783421428576,55.641476,37.60649,"55.64148,37.60649",ecmwf_ifs,6e08c404f9c3fa98785de49ac52cd0e4b37e6ba82612d2fc23deafa9f9c29a4e,2026-09-25T13:55:07.026695+00:00
район_чертаново_южное,район Чертаново Южное,55.58999065989584,37.59602930104167,55.641476,37.60649,"55.64148,37.60649",ecmwf_ifs,6e08c404f9c3fa98785de49ac52cd0e4b37e6ba82612d2fc23deafa9f9c29a4e,2026-09-25T13:55:07.026695+00:00
район_щукино,район Щукино,55.79715117451923,37.47704700576923,55.85237,37.469387,"55.85237,37.46939",ecmwf_ifs,6e08c404f9c3fa98785de49ac52cd0e4b37e6ba82612d2fc23deafa9f9c29a4e,2026-09-25T13:55:07.026695+00:00
район_южное_бутово,район Южное Бутово,55.52937710906488,37.50472818396947,55.571175,37.530365,"55.57117,37.53037",ecmwf_ifs,cc705ee09165c473067e4873bc3dde5650176a2cd1d887a4a37ec32054ade357,2026-09-25T13:55:37.430825+00:00
район_южное_медведково,район Южное Медведково,55.873932323591546,37.630788253169015,55.85237,37.65306,"55.85237,37.65306",ecmwf_ifs,cc705ee09165c473067e4873bc3dde5650176a2cd1d887a4a37ec32054ade357,2026-09-25T13:55:37.430825+00:00
район_южное_тушино,район Южное Тушино,55.844504062882095,37.42064586724891,55.85237,37.469387,"55.85237,37.46939",ecmwf_ifs,cc705ee09165c473067e4873bc3dde5650176a2cd1d887a4a37ec32054ade357,2026-09-25T13:55:37.430825+00:00
район_якиманка,район Якиманка,55.73044424156627,37.61297173825301,55.782074,37.576374,"55.78207,37.57637",ecmwf_ifs,cc705ee09165c473067e4873bc3dde5650176a2cd1d887a4a37ec32054ade357,2026-09-25T13:55:37.430825+00:00
район_ясенево,район Ясенево,55.61647582216749,37.55372617857143,55.571175,37.530365,"55.57117,37.53037",ecmwf_ifs,cc705ee09165c473067e4873bc3dde5650176a2cd1d887a4a37ec32054ade357,2026-09-25T13:55:37.430825+00:00
рязанский_район,Рязанский район,55.716576925095055,37.76858767452472,55.782074,37.759674,"55.78207,37.75967",ecmwf_ifs,cc705ee09165c473067e4873bc3dde5650176a2cd1d887a4a37ec32054ade357,2026-09-25T13:55:37.430825+00:00
савеловский_район,Савёловский район,55.79927741194968,37.5629866836478,55.782074,37.576374,"55.78207,37.57637",ecmwf_ifs,cc705ee09165c473067e4873bc3dde5650176a2cd1d887a4a37ec32054ade357,2026-09-25T13:55:37.430825+00:00
таганский_район,Таганский район,55.74377613301887,37.66114145251573,55.711773,37.682926,"55.71177,37.68293",ecmwf_ifs,3013312f4bf199ba9278e29b49161fedaa970e017bda4cec528484f72a4eeceb,2026-09-25T13:56:07.353735+00:00
тверской_район,Тверской район,55.76985521515152,37.60683765656566,55.782074,37.576374,"55.78207,37.57637",ecmwf_ifs,3013312f4bf199ba9278e29b49161fedaa970e017bda4cec528484f72a4eeceb,2026-09-25T13:56:07.353735+00:00
тимирязевский_район,Тимирязевский район,55.82877742761905,37.556559115714286,55.782074,37.576374,"55.78207,37.57637",ecmwf_ifs,3013312f4bf199ba9278e29b49161fedaa970e017bda4cec528484f72a4eeceb,2026-09-25T13:56:07.353735+00:00
тропарево_никулино,Тропарёво-Никулино,55.66624442378641,37.47900735776699,55.711773,37.5,"55.71177,37.50000",ecmwf_ifs,3013312f4bf199ba9278e29b49161fedaa970e017bda4cec528484f72a4eeceb,2026-09-25T13:56:07.353735+00:00
хорошевский_район,Хорошёвский район,55.7818039308,37.529261565599995,55.782074,37.576374,"55.78207,37.57637",ecmwf_ifs,3013312f4bf199ba9278e29b49161fedaa970e017bda4cec528484f72a4eeceb,2026-09-25T13:56:07.353735+00:00
южнопортовый_район,Южнопортовый район,55.71838898662791,37.67944293139535,55.711773,37.682926,"55.71177,37.68293",ecmwf_ifs,3013312f4bf199ba9278e29b49161fedaa970e017bda4cec528484f72a4eeceb,2026-09-25T13:56:07.353735+00:00
ярославский_район,Ярославский район,55.858480544776114,37.70108297164179,55.85237,37.65306,"55.85237,37.65306",ecmwf_ifs,3013312f4bf199ba9278e29b49161fedaa970e017bda4cec528484f72a4eeceb,2026-09-25T13:56:07.353735+00:00
