route,weather_cell,stop_count,weight
1,"55.64148,37.60649",24,1.0
5,"55.78207,37.57637",22,1.0
7,"55.71177,37.68293",8,0.14035087719298245
7,"55.78207,37.57637",23,0.40350877192982454
7,"55.78207,37.75967",17,0.2982456140350877
7,"55.85237,37.65306",9,0.15789473684210525
11,"55.78207,37.75967",39,0.6610169491525424
11,"55.85237,37.65306",18,0.3050847457627119
11,"55.85237,37.83673",2,0.03389830508474576
12,"55.71177,37.68293",26,0.3880597014925373
12,"55.78207,37.75967",39,0.582089552238806
12,"55.85237,37.83673",2,0.029850746268656716
17,"55.85237,37.65306",37,1.0
25,"55.85237,37.65306",24,1.0
26,"55.64148,37.60649",25,0.625
26,"55.71177,37.50000",9,0.225
26,"55.78207,37.57637",6,0.15
28,"55.78207,37.39308",5,0.23809523809523808
28,"55.85237,37.46939",16,0.7619047619047619
50,"55.71177,37.68293",26,0.4642857142857143
50,"55.78207,37.57637",28,0.5
50,"55.78207,37.75967",2,0.03571428571428571
