model,origin,score,target,prediction,absolute_error,bias,daily_total_score
weekday_profile_14,151,0.7942071192008731,10962663.0,12783741.0,2256038.0,0.16611638978594892,0.8172146676405176
weekday_profile_28,151,0.7900751851990707,10962663.0,12783892.0,2301335.0,0.16613016381147536,0.8166296820398474
weekday_profile_56,151,0.7875169564183447,10962663.0,12768219.0,2329380.0,0.16470049293679828,0.8182744466376464
weekday_profile_112,151,0.7867444251456056,10962663.0,12742222.0,2337849.0,0.16232908007844443,0.820719016903101
weekday_profile_14,181,0.8054680645037248,10584257.0,11999191.0,2058976.0,0.13368288392846092,0.8276674498739023
weekday_profile_28,181,0.7779440729755522,10584257.0,12389378.0,2350297.0,0.17054772951941738,0.7991563318993482
weekday_profile_56,181,0.758082404839565,10584257.0,12636545.0,2560518.0,0.19390005363626375,0.7809769736316872
weekday_profile_112,181,0.7485307660235385,10584257.0,12741326.0,2661615.0,0.20379975656297838,0.773214784939557
weekday_profile_14,212,0.8309115351627744,11457671.0,10545565.0,1937360.0,-0.07960657973160513,0.8614606755596317
weekday_profile_28,212,0.8533610364619476,11457671.0,11115690.0,1680141.0,-0.029847339830232515,0.8827254683783468
weekday_profile_56,212,0.8591563678168103,11457671.0,11655907.0,1613740.0,0.01730159645882658,0.8874921439095258
weekday_profile_112,212,0.8558010611406105,11457671.0,11965557.0,1652184.0,0.04432715863459511,0.8842312717828955
weekday_profile_14,243,0.8093277178428506,12754481.0,10733623.0,2431926.0,-0.15844298172540303,0.8352497447759732
weekday_profile_28,243,0.8205549876941288,12754481.0,10912359.0,2288728.0,-0.14442939700956864,0.8488912249741876
weekday_profile_56,243,0.8497818139366078,12754481.0,11373112.0,1915955.0,-0.10830460290779374,0.8810745023650903
weekday_profile_112,243,0.8712636758798731,12754481.0,11741764.0,1641965.0,-0.07940087879702827,0.9044088897070763
catboost/deep_absolute_n1000,151,0.8102903464240395,10962663.0,12499964.0,2079723.0,0.1402306173235463,0.8398360872718609
catboost/deep_absolute_n1000,181,0.7912078287592601,10584257.0,12167165.0,2209910.0,0.1495530579047731,0.8125737120706725
catboost/deep_absolute_n1000,212,0.8919785705140251,11457671.0,11741777.0,1237674.0,0.024796138761533647,0.9294767671370561
catboost/deep_absolute_n3000,151,0.814653975954565,10962663.0,12398219.0,2031886.0,0.13094956946136171,0.8455833222274551
catboost/deep_absolute_n3000,181,0.7948334020989853,10584257.0,12117039.0,2171536.0,0.1448171562727549,0.8151526365998105
catboost/deep_absolute_n3000,212,0.8938293829522597,11457671.0,11706103.0,1216468.0,0.021682591514453505,0.9294348738063782
catboost/deep_absolute_n6000,151,0.8172278943537715,10962663.0,12340606.0,2003669.0,0.12569418580138786,0.84916520739532
catboost/deep_absolute_n6000,181,0.7980348549737596,10584257.0,12056730.0,2137651.0,0.13911916537929872,0.8189893726125509
catboost/deep_absolute_n6000,212,0.8937374794580853,11457671.0,11666956.0,1217521.0,0.018265928564365305,0.9292216542087829
catboost/deep_absolute_n6000,243,0.893445605509154,12754481.0,12910177.0,1359046.0,0.012207160761774626,0.9298895815517699
catboost/deep_profile_residual_n1000,151,0.7981309833203849,10962663.0,12770519.0,2213022.0,0.16491029597461856,0.8193526518146184
catboost/deep_profile_residual_n1000,181,0.8111323260574644,10584257.0,11869501.0,1999024.0,0.12142978009698745,0.8274167001046933
catboost/deep_profile_residual_n1000,212,0.885560861365281,11457671.0,11218651.0,1311206.0,-0.020861133122080395,0.9339057649674178
catboost/deep_profile_residual_n3000,151,0.8041356374815134,10962663.0,12668128.0,2147195.0,0.15557032082442013,0.8274166596200212
catboost/deep_profile_residual_n3000,181,0.8131578815593763,10584257.0,11834680.0,1977585.0,0.11813989399539335,0.8302687661495748
catboost/deep_profile_residual_n3000,212,0.8840277400180194,11457671.0,11202613.0,1328772.0,-0.022260894033351106,0.9323354632891798
catboost/deep_profile_residual_n3000,243,0.8486030909450568,12754481.0,11509276.0,1930989.0,-0.09762882550846248,0.8920077579009291
catboost/deep_profile_residual_n6000,151,0.8036614826160395,10962663.0,12670334.0,2152393.0,0.1557715493033034,0.8271532199794885
catboost/deep_profile_residual_n6000,181,0.8130301446761922,10584257.0,11832250.0,1978937.0,0.11791030773345734,0.8305554182971937
catboost/deep_profile_residual_n6000,212,0.8836424086535563,11457671.0,11185910.0,1333187.0,-0.023718694663164966,0.9324069437846487
sequence/sequence_step1500,151,0.8015070790737615,10962663.0,12585206.0,2176011.0,0.14800628278001432,0.8264751000737686
sequence/sequence_step1500,181,0.827723854399983,10584257.0,11491534.0,1823415.0,0.08571947941173386,0.8549792394496846
sequence/sequence_step1500,212,0.8271626930115203,11457671.0,10269064.0,1980313.0,-0.103738971035213,0.8580256842773719
sequence/sequence_step3000,151,0.7999434991297278,10962663.0,12604285.0,2193152.0,0.1497466445880896,0.8255403819309232
sequence/sequence_step3000,181,0.8259725741731327,10584257.0,11545212.0,1841951.0,0.09079097380194,0.8536064458752277
sequence/sequence_step3000,212,0.8349162757422517,11457671.0,10477492.0,1891475.0,-0.08554783952166195,0.8694664037743796
sequence/sequence_step500,151,0.8308294252956604,10962663.0,12106343.0,1854560.0,0.10432501664969543,0.8586874375322857
sequence/sequence_step500,181,0.8268227047018983,10584257.0,11650160.0,1832953.0,0.1007064548791663,0.8502869875514172
sequence/sequence_step500,212,0.8272415921176302,11457671.0,10089134.0,1979409.0,-0.11944286059531645,0.8526184771756843
sequence/sequence_step500,243,0.8384306660537579,12754481.0,11255584.0,2060733.0,-0.1175192467651173,0.8641819294724733
sequence/sequence_step6000,151,0.7975037634560143,10962663.0,12652269.0,2219898.0,0.15412368326929324,0.8220976052990044
sequence/sequence_step6000,181,0.8228772222745536,10584257.0,11626714.0,1874713.0,0.09849127813128498,0.8500273566675488
sequence/sequence_step6000,212,0.83652934352889,11457671.0,10485796.0,1872993.0,-0.08482308490093668,0.8717766464057137
sequence_large/sequence_step12000,151,0.7897597508926435,10962663.0,12811956.0,2304793.0,0.16869012574773118,0.813911911731666
sequence_large/sequence_step12000,181,0.8160473616617586,10584257.0,11842993.0,1947002.0,0.11892530576307812,0.840653151184821
sequence_large/sequence_step12000,212,0.8399941838092576,11457671.0,10535971.0,1833294.0,-0.0804439226785269,0.8738993291044925
sequence_large/sequence_step1500,151,0.7980433221380607,10962663.0,12677360.0,2213983.0,0.1564124519744883,0.8245972716665649
sequence_large/sequence_step1500,181,0.8171060094251301,10584257.0,11719644.0,1935797.0,0.10727129925133148,0.8452145483617792
sequence_large/sequence_step1500,212,0.830094964325647,11457671.0,10347441.0,1946716.0,-0.09689840107994024,0.8611419371353917
sequence_large/sequence_step3000,151,0.7910369952994085,10962663.0,12794772.0,2290791.0,0.1671226233990774,0.8158499444888527
sequence_large/sequence_step3000,181,0.8163832378597761,10584257.0,11805318.0,1943447.0,0.11536577390363821,0.8419965614969478
sequence_large/sequence_step3000,212,0.835039861067751,11457671.0,10457306.0,1890059.0,-0.08730962863220632,0.8670919247026729
sequence_large/sequence_step500,151,0.8185300414689387,10962663.0,12427387.0,1989394.0,0.13361023685577125,0.8410046901925199
sequence_large/sequence_step500,181,0.826168809015125,10584257.0,11672983.0,1839874.0,0.10286277062244426,0.8503286532063611
sequence_large/sequence_step500,212,0.8231168446013155,11457671.0,9989044.0,2026669.0,-0.1281784928193522,0.8465444678940424
sequence_large/sequence_step500,243,0.8361387656620446,12754481.0,11215690.0,2089965.0,-0.12064708865848794,0.8665119341194675
sequence_large/sequence_step6000,151,0.7887880891713993,10962663.0,12821908.0,2315445.0,0.16959793437050832,0.8132627993763923
sequence_large/sequence_step6000,181,0.8138929355173443,10584257.0,11869354.0,1969805.0,0.12141589154533947,0.8388813688103001
sequence_large/sequence_step6000,212,0.8365115388633519,11457671.0,10476518.0,1873197.0,-0.0856328480718289,0.8704680034886672
calendar_analog/absolute_n1500,151,0.7978091637041109,10962663.0,12726771.0,2216550.0,0.16091965975785263,0.8187787036781118
calendar_analog/absolute_n1500,181,0.8115471874879834,10584257.0,11792750.0,1994633.0,0.11417834997770746,0.8309061278462909
calendar_analog/absolute_n1500,212,0.8871734054852858,11457671.0,11299787.0,1292730.0,-0.01377976379318275,0.9356699978555851
calendar_analog/absolute_n3000,151,0.7965873802743002,10962663.0,12725173.0,2229944.0,0.1607738922559236,0.8178407928803431
calendar_analog/absolute_n3000,181,0.8120353653544127,10584257.0,11799873.0,1989466.0,0.11485133061300382,0.8310460526421458
calendar_analog/absolute_n3000,212,0.8884886815130231,11457671.0,11344593.0,1277660.0,-0.009869195929958191,0.9362238625982541
calendar_analog/absolute_n500,151,0.8036227146633989,10962663.0,12651091.0,2152818.0,0.1540162276264444,0.8242346772859843
calendar_analog/absolute_n500,181,0.8174473654598523,10584257.0,11712177.0,1932184.0,0.10656581751557997,0.8387200915472858
calendar_analog/absolute_n500,212,0.8800278869937879,11457671.0,11075760.0,1374601.0,-0.03333234127598881,0.9267749091416572
calendar_analog/absolute_n500,243,0.8782799550997018,12754481.0,12267405.0,1552476.0,-0.03818861778852468,0.9325364944288992
calendar_analog/baseline_term,151,0.7862787536203566,10962663.0,12736925.0,2342954.0,0.16184589456047313,0.8203379963426769
calendar_analog/baseline_term,181,0.790268320204243,10584257.0,12194995.0,2219854.0,0.15218243472357104,0.8121640470370287
calendar_analog/baseline_term,212,0.8845686003726237,11457671.0,11924494.0,1322575.0,0.04074327147288485,0.9159688736044175
calendar_analog/baseline_term,243,0.8984797578200163,12754481.0,12602951.0,1294838.0,-0.011880530458275801,0.9366519108068764
calendar_analog/baseline_weather,151,0.7865854309304227,10962663.0,12749515.0,2339592.0,0.16299433814575892,0.8198926665902254
calendar_analog/baseline_weather,181,0.7896311474674131,10584257.0,12206957.0,2226598.0,0.15331260380393258,0.8114346618756517
calendar_analog/baseline_weather,212,0.8847243039183094,11457671.0,11932926.0,1320791.0,0.041479197648457526,0.9162066182560138
calendar_analog/baseline_weather,243,0.8982915102543176,12754481.0,12549678.0,1297239.0,-0.016057337025316826,0.9366066718042074
calendar_analog/residual_n1500,151,0.8004657262564762,10962663.0,12646238.0,2187427.0,0.15357354321664363,0.8231700636971144
calendar_analog/residual_n1500,181,0.8291345344316564,10584257.0,11541295.0,1808484.0,0.09042089586449006,0.8504972054250005
calendar_analog/residual_n1500,212,0.8895704022222317,11457671.0,11507881.0,1265266.0,0.0043822169444383595,0.9300704305438688
calendar_analog/residual_n1500,243,0.8856220021810374,12754481.0,12654419.0,1458832.0,-0.007845242781732946,0.9251234134889534
calendar_analog/residual_n3000,151,0.8017752620873231,10962663.0,12605894.0,2173071.0,0.1498934154958517,0.8259299770502843
calendar_analog/residual_n3000,181,0.82833334451346,10584257.0,11551375.0,1816964.0,0.09137325369178016,0.8497600729082826
calendar_analog/residual_n3000,212,0.8889217538189044,11457671.0,11528499.0,1272698.0,0.006181710052592713,0.9288459233992667
calendar_analog/residual_n500,151,0.7967701825733401,10962663.0,12743737.0,2227940.0,0.16246727642726955,0.8173130014121569
calendar_analog/residual_n500,181,0.8312414371646494,10584257.0,11477201.0,1786184.0,0.08436529838608416,0.8530749961948203
calendar_analog/residual_n500,212,0.8880358844306142,11457671.0,11491243.0,1282848.0,0.0029300893698204463,0.9277760724670834
all_moscow_external_20260927/confirmed_v8_up3,181,0.7911453775168158,10584257.0,12202320.0,2210571.0,0.1528745003073905,0.8092671974990782
longer_moscow_external_20260927/direct_800,181,0.7886922057920551,10584257.0,12231527.0,2236536.0,0.1556339760079522,0.8089906547053799
longer_moscow_external_20260927/direct_1600,181,0.7895343055256501,10584257.0,12217188.0,2227623.0,0.15427922810264338,0.809460692422718
longer_moscow_external_20260927/direct_3200,181,0.7901810207367413,10584257.0,12210077.0,2220778.0,0.15360738122666523,0.8106079623727958
all_moscow_external_20260927/confirmed_v8_up3,212,0.8842099760064677,11457671.0,11882445.0,1326684.0,0.03707332842774068,0.9132263441671523
longer_moscow_external_20260927/direct_800,212,0.8952977441925152,11457671.0,11772233.0,1199644.0,0.027454270593037625,0.9317114272176257
longer_moscow_external_20260927/direct_1600,212,0.8958242909924713,11457671.0,11783280.0,1193611.0,0.02841842814303186,0.9319977855883625
longer_moscow_external_20260927/direct_3200,212,0.8961089038077634,11457671.0,11780523.0,1190350.0,0.028177803324951466,0.9320718844169988
all_moscow_external_20260927/confirmed_v8_up3,243,0.8988577426239452,12754481.0,13335150.0,1290017.0,0.04552666627517027,0.928374270971904
longer_moscow_external_20260927/direct_800,243,0.8997509189123415,12754481.0,12856224.0,1278625.0,0.007977039598867253,0.9390304474168726
longer_moscow_external_20260927/direct_1600,243,0.8999364223444294,12754481.0,12845584.0,1276259.0,0.007142822981193825,0.938809662266932
longer_moscow_external_20260927/direct_3200,243,0.8996094000218433,12754481.0,12835063.0,1280430.0,0.006317936417797008,0.9380556527545103
